Temperature,RH,Ws,Wind_Direction,Rain,Rain_3D_Sum,Rain_7D_Sum,Temp_3D_Max,RH_3D_Mean,Dryness_Index,VPD,Surface_Temp,Soil_Temp,Soil_Moisture,Dew_Point,Pressure,Evapotranspiration,is_day,month_sin,month_cos,hour_sin,hour_cos,NDVI,Fuel_Type_Conifer,Resin_Ignition_Potential,Nearest_Fire_Dist_KM,Wind_Fire_Vector_Alignment,is_fire
48.24,8.34,7.68,245.8,0.0,0.0,0.0,50.58,8.34,5.787,10.3559,54.05,48.24,0.01,26.39,1013.9,2.71,1,-0.866,-0.5,0.5,0.866,0.016,0.0,0.0,100.0,180.0,0
27.22,86.0,15.77,185.8,0.0,0.0,0.0,27.87,86.0,0.317,0.5056,32.57,27.22,0.01,13.05,1018.7,7.72,1,0.866,0.5,-0.2588,0.9659,0.001,0.0,0.0,100.0,180.0,0
33.74,45.3,20.6,338.3,0.07,0.99,4.57,34.54,47.26,0.745,2.8669,37.83,37.4,0.104,20.64,1017.7,3.63,1,-0.866,-0.5,-1.0,-0.0,0.474,0.126,0.0435,12.4,21.6,0
18.96,47.26,7.41,2.1,1.63,3.64,12.97,17.34,48.16,0.401,1.1559,18.18,19.3,0.407,12.07,1013.3,2.1,1,0.5,0.866,0.866,0.5,0.194,0.031,0.0024,72.88,129.3,0
36.31,10.61,23.26,340.0,0.0,0.0,0.0,37.62,10.61,3.421,5.4009,48.31,36.31,0.01,4.19,1014.5,2.73,1,0.5,-0.866,0.2588,-0.9659,0.004,0.0,0.0,100.0,180.0,0
44.31,14.1,44.24,243.5,0.0,0.13,0.04,45.05,16.0,3.143,7.9455,54.21,48.46,0.011,22.71,1000.3,7.58,1,-0.5,-0.866,-0.5,-0.866,0.484,0.705,1.0019,9.48,19.3,1
6.02,68.61,1.52,286.0,0.15,12.26,16.08,3.2,78.05,0.088,0.294,5.42,6.93,0.318,2.94,1022.5,0.77,0,0.5,-0.866,0.7071,-0.7071,0.529,0.166,0.0076,86.78,96.4,0
11.59,74.23,1.51,151.2,9.66,1.09,14.39,10.67,74.84,0.156,0.3516,12.88,10.64,0.207,8.51,1012.8,0.02,1,0.5,0.866,-0.5,0.866,0.431,0.167,0.0111,103.15,109.5,0
13.8,65.24,6.53,58.6,0.59,0.8,12.7,13.57,68.22,0.212,0.5485,14.48,15.56,0.438,7.9,1016.1,2.89,0,-0.866,0.5,-1.0,-0.0,0.518,0.297,0.0321,98.9,90.9,0
28.62,37.63,16.87,92.0,0.4,1.14,1.52,27.72,42.66,0.761,2.444,29.83,31.25,0.117,15.54,1013.7,4.08,1,-1.0,-0.0,-0.7071,-0.7071,0.45,0.175,0.0583,27.73,26.0,0
8.39,91.17,8.66,349.2,1.4,2.28,30.22,9.14,92.81,0.092,0.0973,6.45,9.7,0.295,6.82,1016.5,2.21,0,0.866,-0.5,0.5,0.866,0.292,0.215,0.0057,81.27,117.9,0
34.93,18.13,41.84,315.6,0.0,0.21,0.06,37.08,22.83,1.927,4.5868,45.47,44.43,0.036,12.61,1002.9,8.48,1,-0.5,-0.866,-0.9659,-0.2588,0.576,0.937,0.9853,3.28,0.8,1
33.59,42.81,18.97,71.3,0.1,1.0,0.11,35.13,49.84,0.785,2.9741,37.12,34.14,0.095,17.76,1008.9,4.41,1,-0.5,-0.866,-0.2588,-0.9659,0.241,0.283,0.0523,26.77,52.6,0
20.06,67.48,2.88,320.2,0.58,0.09,62.8,19.44,74.89,0.297,0.763,20.34,18.73,0.247,12.19,1016.0,0.35,0,0.5,-0.866,0.9659,0.2588,0.461,0.18,0.0243,136.87,98.8,0
41.02,30.95,25.92,354.4,0.0,0.0,0.0,43.72,30.95,1.325,5.3753,54.75,41.02,0.01,10.75,1018.8,10.57,1,-0.866,0.5,0.2588,0.9659,0.017,0.0,0.0,100.0,180.0,0
15.01,90.62,9.16,261.6,1.79,5.19,0.49,13.9,96.77,0.166,0.1601,13.61,16.64,0.41,10.75,1015.1,1.77,1,-0.866,0.5,0.7071,-0.7071,0.351,0.094,0.0054,59.45,107.9,0
34.65,18.9,32.79,303.1,0.0,0.1,0.23,37.35,21.43,1.833,4.4725,40.04,40.72,0.032,14.1,996.3,10.26,1,-0.866,-0.5,-0.9659,-0.2588,0.637,0.821,0.9105,6.2,11.8,1
43.53,37.8,17.89,350.6,0.0,0.0,0.0,43.56,37.8,1.152,5.5253,49.6,43.53,0.01,9.32,1016.9,14.47,1,0.0,-1.0,0.5,0.866,0.035,0.0,0.0,100.0,180.0,0
19.51,78.69,6.35,338.4,6.64,6.85,46.8,20.08,82.23,0.248,0.4832,19.9,20.99,0.353,12.28,1016.9,2.2,0,-0.866,0.5,-0.7071,-0.7071,0.157,0.074,0.0029,114.24,139.7,0
12.93,83.28,4.29,146.8,0.31,0.06,2.32,12.69,85.62,0.155,0.2494,13.15,14.34,0.199,7.11,1017.6,1.0,1,-0.0,1.0,-0.7071,0.7071,0.154,0.224,0.0053,74.38,166.7,0
28.61,35.45,16.02,60.9,0.92,0.43,7.04,28.29,42.66,0.807,2.5285,32.7,29.67,0.166,11.9,1016.6,4.4,1,-0.5,-0.866,-0.866,-0.5,0.477,0.439,0.1642,21.41,56.1,0
35.75,31.42,5.9,356.7,0.0,0.0,0.0,37.57,31.42,1.138,4.0186,48.38,35.75,0.01,1.8,1009.3,14.22,0,0.866,0.5,-0.9659,0.2588,0.031,0.0,0.0,100.0,180.0,0
33.34,30.99,12.83,53.6,0.34,0.66,14.41,33.61,36.92,1.076,3.5384,34.41,36.29,0.115,20.28,1010.5,4.69,0,-0.866,-0.5,0.7071,-0.7071,0.444,0.295,0.1366,27.71,25.8,0
36.04,60.77,20.43,341.9,0.0,0.0,0.0,38.02,60.77,0.593,2.3355,46.16,36.04,0.0,6.22,1015.1,7.92,1,0.5,0.866,-0.866,-0.5,0.016,0.0,0.0,100.0,180.0,0
18.51,47.3,5.58,166.9,0.64,13.37,14.89,16.3,48.79,0.391,1.1232,16.63,16.65,0.437,14.53,1017.8,2.8,0,0.5,-0.866,-0.5,0.866,0.19,0.076,0.0055,71.27,166.1,0
36.28,14.94,44.9,0.6,0.0,0.42,0.28,39.12,19.16,2.428,5.1314,42.83,43.99,0.068,13.5,1001.4,11.42,1,-0.5,-0.866,-0.9659,-0.2588,0.447,0.478,0.4857,4.32,2.9,1
6.48,85.72,5.59,26.6,0.83,11.82,0.14,3.61,91.86,0.076,0.138,5.99,5.05,0.365,1.33,1024.3,1.08,0,-0.0,1.0,0.5,0.866,0.135,0.125,0.0013,79.34,128.7,0
20.96,67.11,3.43,72.1,3.06,0.62,1.93,19.93,74.7,0.312,0.8159,20.73,21.42,0.325,18.68,1017.3,2.94,0,-0.866,0.5,0.9659,0.2588,0.54,0.197,0.0328,128.56,116.9,0
21.8,84.95,6.79,94.0,4.16,13.27,6.86,19.38,83.31,0.257,0.3931,19.93,20.87,0.433,18.92,1022.8,0.47,0,1.0,0.0,0.2588,-0.9659,0.173,0.228,0.01,97.57,90.3,0
50.86,45.53,8.33,164.6,0.0,0.0,0.0,53.74,45.53,1.117,7.0127,55.71,50.86,0.0,36.63,1015.1,12.46,1,-1.0,-0.0,0.9659,-0.2588,0.013,0.0,0.0,100.0,180.0,0
18.92,89.38,2.44,279.7,2.14,5.11,0.75,18.2,94.15,0.212,0.2323,19.54,20.62,0.231,13.76,1017.2,1.44,1,0.866,-0.5,-0.5,-0.866,0.202,0.049,0.0021,104.91,177.3,0
29.52,35.74,20.2,2.7,0.34,3.72,1.37,30.88,42.82,0.826,2.6517,33.54,32.01,0.099,13.48,1010.3,5.59,1,-1.0,-0.0,0.2588,-0.9659,0.423,0.436,0.1481,17.01,21.6,1
38.03,32.45,3.31,83.6,0.0,0.0,0.0,38.08,32.45,1.172,4.4822,44.36,38.03,0.0,22.91,1006.9,6.61,0,0.866,0.5,-0.866,0.5,0.018,0.0,0.0,100.0,180.0,0
33.72,38.13,11.69,255.6,0.19,0.89,8.34,35.11,41.84,0.884,3.2406,35.13,33.85,0.165,23.61,1011.2,3.09,0,0.0,-1.0,0.0,-1.0,0.227,0.48,0.094,29.82,53.5,1
30.59,34.04,12.82,252.7,0.17,2.51,1.84,30.08,41.82,0.899,2.8943,32.32,34.18,0.138,15.59,1016.0,5.92,1,0.0,-1.0,0.0,-1.0,0.268,0.119,0.0279,30.43,28.7,0
45.99,40.87,22.4,25.8,0.0,0.0,0.0,48.16,40.87,1.125,5.96,50.56,45.99,0.0,27.9,1010.9,3.15,0,-0.5,-0.866,0.866,-0.5,0.04,0.0,0.0,100.0,180.0,0
40.8,8.93,28.57,7.9,0.0,0.18,0.25,43.26,10.61,4.568,7.0068,51.39,47.65,0.036,12.2,996.3,8.74,1,-0.5,-0.866,-0.866,-0.5,0.803,0.938,3.095,8.61,18.6,1
40.0,15.1,29.91,159.6,0.0,0.09,0.18,40.76,19.25,2.649,6.2617,45.55,45.96,0.029,12.22,1002.5,6.13,1,-0.5,-0.866,-0.9659,-0.2588,0.429,0.748,0.7972,8.16,22.1,1
44.85,12.52,44.51,151.9,0.0,0.05,0.01,45.28,14.69,3.583,8.3173,51.28,49.85,0.079,17.92,1001.4,11.15,1,-0.5,-0.866,-0.2588,-0.9659,0.694,0.683,1.5732,1.07,20.2,1
30.65,46.8,19.1,168.0,1.91,0.49,2.32,31.78,52.09,0.655,2.343,33.64,33.75,0.101,13.88,1016.2,3.3,0,-1.0,-0.0,0.0,-1.0,0.25,0.429,0.0688,18.17,32.9,1
44.37,18.47,37.66,187.7,0.0,0.04,0.21,45.65,22.18,2.402,7.5616,55.19,49.02,0.048,20.54,1005.3,10.02,1,-0.5,-0.866,0.0,-1.0,0.743,0.385,0.6524,0.93,8.0,1
23.57,94.45,2.12,197.7,0.72,27.53,31.9,22.46,102.52,0.25,0.1614,21.79,22.37,0.377,21.9,1020.7,2.96,1,0.866,-0.5,0.9659,0.2588,0.577,0.051,0.0072,96.06,160.9,0
31.47,42.36,17.5,206.0,0.24,2.27,1.32,31.53,49.28,0.743,2.66,34.63,32.33,0.112,16.14,1017.6,3.66,1,-0.5,-0.866,0.7071,-0.7071,0.325,0.123,0.029,24.13,49.9,1
44.39,17.18,24.46,99.1,0.0,0.0,0.09,47.38,21.32,2.584,7.6921,57.33,54.06,0.059,19.63,995.4,8.33,1,-0.5,-0.866,-0.7071,-0.7071,0.355,0.734,0.6364,7.45,23.6,1
34.06,12.82,21.02,271.8,0.0,0.06,0.19,35.08,17.81,2.656,4.653,40.52,39.63,0.043,11.55,995.8,8.46,1,-0.866,-0.5,0.0,-1.0,0.483,0.61,0.7258,1.68,3.5,1
33.75,36.44,17.24,294.1,0.21,0.78,6.4,35.64,37.26,0.926,3.3333,36.93,36.41,0.166,18.04,1016.5,3.28,1,-0.866,-0.5,0.7071,-0.7071,0.444,0.275,0.1102,32.13,40.5,0
36.01,24.9,24.42,331.4,0.0,0.0,0.0,36.3,24.9,1.446,4.4635,49.87,36.01,0.0,7.56,1012.1,8.49,0,-0.866,-0.5,-0.2588,0.9659,0.022,0.0,0.0,100.0,180.0,0
31.33,28.13,25.65,123.9,0.0,0.0,0.0,33.63,28.13,1.114,3.2909,33.12,31.33,0.0,15.98,1011.0,13.15,0,-0.0,1.0,0.5,-0.866,0.007,0.0,0.0,100.0,180.0,0
36.7,19.71,21.36,344.7,0.0,0.0,0.0,38.54,19.71,1.862,4.9553,46.4,36.7,0.01,3.71,1009.7,14.85,1,-1.0,-0.0,0.9659,0.2588,0.017,0.0,0.0,100.0,180.0,0
33.49,47.48,19.14,342.3,0.5,3.53,1.68,35.35,52.57,0.705,2.7157,35.9,37.08,0.139,19.87,1011.6,4.27,0,-0.5,-0.866,-0.9659,-0.2588,0.222,0.486,0.0746,24.18,23.0,0
28.64,37.71,12.78,140.0,0.15,2.04,2.3,28.17,41.08,0.759,2.4434,31.63,29.98,0.135,12.44,1013.6,3.59,1,-0.866,-0.5,0.5,-0.866,0.228,0.198,0.0334,34.07,50.3,0
24.17,93.31,8.02,36.9,0.52,5.0,16.87,23.3,101.98,0.259,0.2016,25.58,25.6,0.417,21.03,1013.9,0.73,0,0.866,-0.5,0.5,0.866,0.216,0.275,0.0153,72.65,143.1,0
34.09,23.71,31.87,34.8,0.0,0.1,0.29,36.11,24.45,1.438,4.0791,40.77,42.05,0.014,4.5,997.4,6.59,1,-0.5,-0.866,-0.866,-0.5,0.652,0.706,0.6354,5.08,11.6,1
47.64,64.85,8.4,127.1,0.0,0.0,0.0,49.34,64.85,0.735,3.8519,56.27,47.64,0.01,32.63,1007.9,2.97,1,-0.0,1.0,0.5,-0.866,0.02,0.0,0.0,100.0,180.0,0
25.67,76.88,20.85,6.6,0.0,0.0,0.0,27.47,76.88,0.334,0.7625,39.1,25.67,0.0,-7.06,1019.3,3.86,1,-0.866,0.5,0.0,1.0,0.014,0.0,0.0,100.0,180.0,0
40.54,74.4,18.74,181.0,0.0,0.0,0.0,41.75,74.4,0.545,1.9434,49.39,40.54,0.01,28.86,1015.4,10.19,0,1.0,0.0,-0.7071,-0.7071,0.012,0.0,0.0,100.0,180.0,0
27.48,82.95,6.61,244.9,0.0,0.0,0.0,30.17,82.95,0.331,0.6251,30.2,27.48,0.01,16.23,1012.8,4.57,1,-0.5,-0.866,0.7071,-0.7071,0.023,0.0,0.0,100.0,180.0,0
14.94,70.04,5.33,161.4,1.63,0.9,8.46,13.03,76.69,0.213,0.5088,14.71,14.22,0.332,7.63,1012.1,2.72,1,-0.0,1.0,0.0,-1.0,0.116,0.165,0.004,75.05,115.6,0
23.17,74.92,11.35,159.1,3.77,1.24,1.86,21.87,84.4,0.309,0.7119,21.64,22.29,0.338,17.26,1021.1,0.9,1,1.0,0.0,-0.7071,-0.7071,0.233,0.247,0.0176,73.6,177.3,0
10.03,90.86,10.37,104.3,2.29,3.72,56.57,8.59,96.45,0.11,0.1125,9.13,10.98,0.308,8.01,1013.9,1.63,1,1.0,0.0,1.0,0.0,0.104,0.155,0.0018,127.54,111.1,0
9.02,66.67,12.85,210.4,0.37,6.32,6.77,7.39,67.46,0.135,0.3832,8.0,10.52,0.439,2.38,1024.5,0.4,1,-0.0,1.0,-0.7071,-0.7071,0.163,0.224,0.0049,142.95,161.4,0
32.74,41.2,14.45,196.8,0.18,1.05,6.74,33.92,45.36,0.795,2.9152,36.67,33.69,0.097,22.43,1011.7,4.9,0,0.0,-1.0,-0.9659,-0.2588,0.206,0.281,0.0449,22.2,31.6,0
23.12,85.09,9.97,229.4,2.23,2.21,23.4,22.91,90.32,0.272,0.4217,24.56,24.41,0.344,16.77,1013.5,2.76,0,-0.0,1.0,0.866,0.5,0.351,0.15,0.0141,126.72,114.6,0
28.93,38.02,21.75,46.3,0.35,2.59,6.42,29.59,40.99,0.761,2.4723,31.37,29.7,0.178,15.78,1008.0,5.57,0,-0.866,-0.5,0.7071,-0.7071,0.31,0.218,0.0502,21.56,56.0,0
13.12,57.77,11.55,46.8,6.7,4.18,29.57,13.43,62.13,0.227,0.6376,13.89,11.17,0.32,10.97,1019.0,1.94,0,0.5,-0.866,-0.9659,-0.2588,0.274,0.007,0.0004,98.62,88.6,0
28.87,36.45,17.5,99.3,0.11,1.28,1.48,28.61,39.0,0.792,2.5265,33.2,30.19,0.092,13.08,1014.0,4.69,1,-1.0,-0.0,-0.9659,-0.2588,0.453,0.366,0.1279,21.49,47.7,1
5.84,64.15,12.39,86.3,0.8,0.72,0.61,5.99,66.5,0.091,0.3315,7.81,6.78,0.348,3.43,1017.1,0.16,1,0.866,-0.5,-0.9659,0.2588,0.351,0.266,0.0084,141.33,168.4,0
40.58,19.99,24.99,261.6,0.0,0.08,0.31,42.51,21.24,2.03,6.0862,49.52,44.07,0.024,15.54,998.7,8.28,1,-0.5,-0.866,-0.9659,-0.2588,0.436,0.31,0.2615,5.48,19.2,1
29.68,47.31,6.93,246.1,0.0,0.0,0.0,30.58,47.31,0.627,2.1952,40.29,29.68,0.0,10.96,1016.6,5.04,1,-0.866,-0.5,0.866,0.5,0.024,0.0,0.0,100.0,180.0,0
30.66,32.62,17.06,254.9,0.26,2.77,4.02,32.07,36.39,0.94,2.9695,34.59,31.11,0.17,13.06,1008.6,3.38,1,0.0,-1.0,0.2588,-0.9659,0.325,0.209,0.0619,20.02,37.5,0
24.97,92.13,8.34,24.0,3.44,6.8,2.47,23.07,94.17,0.271,0.2488,25.79,25.77,0.422,22.41,1024.2,2.82,0,0.5,0.866,-0.866,0.5,0.32,0.046,0.0039,88.15,160.4,0
42.58,73.71,19.19,237.4,0.0,0.0,0.0,43.67,73.71,0.578,2.2217,46.03,42.58,0.0,12.26,1008.3,9.99,1,0.866,-0.5,0.2588,0.9659,0.034,0.0,0.0,100.0,180.0,0
38.09,49.78,26.88,336.2,0.0,0.0,0.0,40.06,49.78,0.765,3.3432,51.61,38.09,0.01,17.79,1015.3,11.65,0,0.866,-0.5,-0.7071,0.7071,0.01,0.0,0.0,100.0,180.0,0
7.86,48.7,5.77,326.5,1.78,4.65,8.3,6.89,52.43,0.161,0.5452,6.54,8.4,0.404,4.7,1023.6,2.31,0,0.5,-0.866,0.9659,0.2588,0.101,0.011,0.0002,116.57,160.7,0
35.13,18.75,35.2,90.3,0.0,0.12,0.16,37.18,19.95,1.874,4.6001,49.35,38.47,0.073,5.45,996.9,11.84,1,-0.5,-0.866,-0.9659,-0.2588,0.761,0.53,0.7173,1.71,10.8,1
43.21,11.57,41.07,59.7,0.0,0.05,0.19,45.05,15.73,3.735,7.7254,50.07,47.65,0.034,14.13,999.0,11.76,1,-0.5,-0.866,-0.866,-0.5,0.751,0.779,2.0135,5.49,14.5,1
48.21,22.25,18.37,18.1,0.0,0.0,0.0,50.08,22.25,2.167,8.7709,54.18,48.21,0.01,14.85,1009.1,8.79,1,-0.866,0.5,-0.7071,-0.7071,0.015,0.0,0.0,100.0,180.0,0
35.72,14.75,29.77,186.5,0.0,0.06,0.03,37.92,16.74,2.421,4.9865,47.79,43.24,0.069,14.07,1004.1,11.44,1,-0.866,-0.5,-0.7071,-0.7071,0.655,0.481,0.7144,8.44,19.2,1
33.32,34.32,16.02,12.4,0.5,0.06,2.87,34.71,35.86,0.971,3.3638,34.58,35.22,0.102,18.56,1014.4,4.8,1,-1.0,-0.0,-0.7071,-0.7071,0.312,0.192,0.0565,20.99,26.9,1
7.27,88.42,3.67,282.8,1.67,16.73,3.04,6.76,92.29,0.082,0.1182,7.97,5.65,0.346,4.47,1019.4,2.25,1,1.0,0.0,0.7071,-0.7071,0.401,0.232,0.0076,81.52,160.4,0
33.29,14.16,36.14,54.4,0.0,0.14,0.64,33.65,18.07,2.351,4.3889,47.99,42.17,0.056,7.1,998.4,11.13,1,-0.5,-0.866,-0.9659,-0.2588,0.63,0.903,1.2504,5.66,4.1,1
28.27,49.64,15.1,12.2,0.33,1.47,0.83,29.48,57.17,0.57,1.9337,32.47,30.54,0.171,15.3,1010.1,3.13,0,0.0,-1.0,-1.0,-0.0,0.493,0.217,0.0597,33.79,68.6,0
47.68,13.93,4.15,331.4,0.0,0.0,0.0,50.31,13.93,3.422,9.4535,48.98,47.68,0.0,36.67,1005.9,6.26,1,-0.866,0.5,-0.866,-0.5,0.003,0.0,0.0,100.0,180.0,0
33.82,49.09,14.0,333.8,0.29,3.82,1.29,33.97,52.01,0.689,2.6812,37.35,35.68,0.147,17.25,1014.1,5.59,1,-0.866,-0.5,0.7071,-0.7071,0.441,0.387,0.1152,12.02,56.7,0
37.84,20.8,39.05,43.4,0.0,0.12,0.2,37.88,25.13,1.82,5.2022,46.9,45.2,0.06,9.61,1006.2,7.9,1,-0.5,-0.866,-0.2588,-0.9659,0.546,0.534,0.5067,8.54,21.2,1
31.96,47.58,11.42,57.5,1.33,1.11,0.1,33.11,54.1,0.672,2.4867,34.03,32.65,0.115,14.23,1011.2,3.43,0,-1.0,-0.0,0.2588,-0.9659,0.291,0.331,0.0635,29.92,48.8,1
31.86,49.54,16.35,352.7,1.09,0.54,0.54,33.43,47.79,0.643,2.3796,35.55,35.03,0.093,20.09,1011.5,3.97,0,-0.866,-0.5,0.2588,-0.9659,0.382,0.359,0.0865,34.99,24.4,0
43.81,15.95,40.86,99.7,0.0,0.28,0.18,43.99,17.91,2.748,7.5757,55.91,50.22,0.044,23.63,1006.5,11.08,1,-0.866,-0.5,-0.7071,-0.7071,0.444,0.459,0.5267,7.14,11.2,1
33.38,17.05,15.95,199.5,0.0,0.18,0.02,35.21,17.46,1.957,4.2612,38.44,40.01,0.035,7.67,996.9,9.46,1,-0.5,-0.866,-0.866,-0.5,0.666,0.491,0.6039,3.3,11.7,1
36.11,10.04,37.83,339.5,0.0,0.06,0.27,38.39,12.1,3.598,5.3756,42.9,39.61,0.059,13.43,999.3,10.92,1,-0.866,-0.5,-0.7071,-0.7071,0.509,0.345,0.5754,7.81,10.2,1
6.69,77.14,11.37,15.4,4.28,0.94,3.61,6.63,84.69,0.087,0.2242,5.63,8.51,0.199,2.37,1015.6,1.96,0,0.866,0.5,-0.9659,-0.2588,0.527,0.29,0.0131,139.67,168.5,0
28.51,34.93,16.51,314.3,1.84,1.38,1.2,29.51,36.52,0.816,2.5332,31.3,32.28,0.094,15.99,1016.8,3.13,1,-1.0,-0.0,0.2588,-0.9659,0.479,0.257,0.0977,28.28,56.7,1
44.6,24.95,40.14,254.8,0.0,0.07,0.11,46.29,28.94,1.788,7.045,54.89,52.75,0.066,20.11,998.8,6.19,1,-0.5,-0.866,-0.2588,-0.9659,0.407,0.811,0.5672,0.58,14.5,1
25.67,21.15,10.16,278.0,0.0,0.0,0.0,27.18,21.15,1.214,2.5989,31.75,25.67,0.01,1.36,1019.4,14.01,0,-0.0,1.0,-0.7071,0.7071,0.008,0.0,0.0,100.0,180.0,0
21.84,61.38,14.16,127.8,1.17,17.52,13.43,20.93,70.71,0.356,1.0111,21.57,22.28,0.292,19.07,1020.3,0.76,0,0.866,0.5,0.5,0.866,0.323,0.138,0.0156,133.79,90.4,0
26.85,73.09,23.51,282.9,0.0,0.0,0.0,27.62,73.09,0.367,0.9507,40.55,26.85,0.0,15.39,1009.5,4.72,0,0.5,0.866,-0.866,0.5,0.035,0.0,0.0,100.0,180.0,0
32.91,33.38,17.37,102.6,0.43,1.33,3.06,33.01,40.88,0.986,3.335,36.54,33.91,0.142,15.17,1013.3,5.05,1,-0.5,-0.866,-0.2588,-0.9659,0.389,0.347,0.1291,33.64,24.5,1
5.2,77.08,6.87,344.7,4.51,7.72,25.5,4.37,84.78,0.068,0.2028,6.18,5.54,0.414,-0.11,1017.7,1.61,0,0.866,0.5,0.7071,-0.7071,0.411,0.247,0.0067,123.54,81.6,0
10.59,93.57,2.78,246.2,1.91,0.5,0.84,11.3,100.84,0.113,0.0821,11.45,10.13,0.438,3.3,1016.9,0.43,1,-0.866,0.5,0.2588,-0.9659,0.139,0.055,0.0009,108.38,138.4,0
29.31,16.68,4.59,194.1,0.0,0.0,0.0,30.89,16.68,1.757,3.397,41.13,29.31,0.0,14.76,1006.9,12.94,0,1.0,0.0,-0.2588,0.9659,0.035,0.0,0.0,100.0,180.0,0
5.24,81.57,1.31,14.3,2.02,5.38,7.96,2.52,87.11,0.064,0.1635,7.08,4.72,0.369,2.02,1015.0,0.92,0,0.866,0.5,0.7071,-0.7071,0.411,0.07,0.0018,52.52,178.8,0
23.44,78.73,6.76,149.3,0.26,3.55,0.93,23.27,83.86,0.298,0.6136,21.97,23.18,0.382,17.16,1023.2,1.03,1,-0.866,0.5,-1.0,-0.0,0.558,0.271,0.0444,80.86,97.1,0
32.68,40.76,16.86,230.3,0.13,0.38,0.73,34.58,39.34,0.802,2.9267,37.23,34.89,0.124,19.55,1012.7,5.71,1,0.0,-1.0,0.0,-1.0,0.223,0.162,0.0284,19.93,43.6,0
6.72,52.62,7.42,176.6,2.18,11.24,1.37,4.13,60.24,0.128,0.4656,4.73,8.29,0.378,4.08,1016.9,1.71,1,1.0,0.0,0.5,-0.866,0.553,0.154,0.0107,106.04,139.4,0
31.48,59.51,16.96,351.3,0.0,0.0,0.0,32.68,59.51,0.529,1.869,35.81,31.48,0.01,16.99,1017.9,12.4,1,-1.0,-0.0,0.866,0.5,0.019,0.0,0.0,100.0,180.0,0
44.9,77.0,19.91,331.8,0.0,0.0,0.0,45.28,77.0,0.583,2.1917,57.21,44.9,0.0,28.29,1009.3,9.75,0,0.5,0.866,-0.7071,0.7071,0.038,0.0,0.0,100.0,180.0,0
21.01,75.39,8.87,139.1,2.07,6.36,1.05,18.85,79.96,0.279,0.6123,20.05,21.18,0.354,19.91,1022.9,0.83,1,1.0,0.0,0.9659,-0.2588,0.41,0.013,0.0014,60.67,147.3,0
32.23,35.2,15.32,278.6,0.23,0.73,3.75,34.1,35.43,0.916,3.1209,34.11,36.2,0.149,19.66,1010.4,5.66,1,-1.0,-0.0,-0.9659,-0.2588,0.282,0.386,0.0971,23.94,31.6,0
15.76,88.57,12.04,177.3,1.15,1.85,6.27,16.05,91.9,0.178,0.2046,15.94,14.56,0.196,10.1,1018.5,2.89,1,-0.5,0.866,0.5,-0.866,0.345,0.101,0.0062,119.04,132.6,0
14.83,56.65,8.23,280.4,0.94,2.11,9.24,15.36,56.53,0.262,0.7311,12.96,14.95,0.278,9.26,1014.6,2.15,0,0.5,0.866,0.9659,-0.2588,0.298,0.161,0.0123,115.91,167.8,0
33.31,43.48,21.65,135.7,0.9,0.71,7.29,34.13,50.22,0.766,2.8932,37.35,34.36,0.16,21.81,1014.5,3.3,1,0.0,-1.0,-0.9659,-0.2588,0.484,0.374,0.1354,18.55,42.6,1
10.37,82.87,3.33,308.7,2.6,0.24,9.01,8.8,87.39,0.125,0.2156,8.75,8.41,0.252,6.28,1021.4,1.94,1,-0.5,0.866,-0.2588,-0.9659,0.484,0.117,0.007,92.41,140.8,0
48.96,89.21,29.34,19.7,0.0,0.0,0.0,49.88,89.21,0.549,1.2637,62.17,48.96,0.01,16.61,1005.6,1.37,1,-0.866,-0.5,0.5,0.866,0.036,0.0,0.0,100.0,180.0,0
19.26,93.15,13.28,171.3,3.5,8.51,8.92,16.96,91.97,0.207,0.153,17.43,20.19,0.382,11.52,1012.5,0.76,0,0.5,0.866,0.9659,0.2588,0.489,0.136,0.0136,115.03,109.5,0
28.36,30.16,21.02,339.3,0.36,0.7,0.72,28.6,30.91,0.94,2.6954,33.34,30.1,0.11,12.42,1014.9,3.4,1,-0.866,-0.5,-0.2588,-0.9659,0.476,0.102,0.0443,33.85,42.8,0
34.02,17.17,31.2,286.0,0.0,0.05,0.08,36.62,21.9,1.981,4.4102,48.81,39.94,0.029,6.18,1001.8,10.26,1,-0.5,-0.866,0.0,-1.0,0.816,0.618,0.9451,3.21,16.3,1
5.6,61.25,8.63,102.2,0.25,5.34,48.39,2.76,66.4,0.092,0.3526,6.63,7.2,0.322,1.74,1021.4,1.61,1,0.5,-0.866,0.2588,-0.9659,0.561,0.265,0.0134,116.01,172.1,0
14.94,93.16,14.29,238.3,4.89,5.32,24.68,15.09,97.53,0.16,0.1162,16.66,16.33,0.386,7.57,1014.2,1.79,1,0.866,0.5,-0.9659,-0.2588,0.242,0.215,0.0083,89.82,110.0,0
33.52,43.2,20.2,82.4,0.59,0.38,1.41,34.75,50.56,0.776,2.9421,35.07,34.04,0.159,20.17,1010.1,5.0,0,0.0,-1.0,0.0,-1.0,0.329,0.339,0.0845,21.18,60.2,0
28.44,45.49,19.15,291.6,0.22,0.96,7.67,29.55,47.55,0.625,2.1135,33.23,30.77,0.165,12.49,1014.1,4.01,1,-1.0,-0.0,-0.7071,-0.7071,0.354,0.467,0.1011,29.64,56.7,0
28.67,42.24,13.32,322.5,0.3,0.31,1.94,30.35,49.7,0.679,2.2692,30.9,29.27,0.148,11.07,1012.1,5.91,0,-0.5,-0.866,0.2588,-0.9659,0.273,0.228,0.0413,11.29,68.6,0
24.95,84.95,6.72,329.9,1.14,13.41,18.54,23.65,88.95,0.294,0.4751,26.2,26.54,0.201,22.32,1013.9,2.15,0,-0.866,0.5,0.7071,-0.7071,0.188,0.154,0.0084,137.63,179.7,0
32.24,38.73,11.38,17.7,0.03,0.95,4.73,32.18,37.12,0.832,2.9532,34.29,35.8,0.123,14.42,1010.6,3.92,1,-0.5,-0.866,-0.9659,0.2588,0.369,0.355,0.1061,12.63,44.2,0
15.37,59.67,1.65,200.9,0.06,1.56,18.98,13.36,63.62,0.258,0.7042,16.43,16.44,0.255,7.71,1023.9,2.27,1,0.866,0.5,-0.5,-0.866,0.495,0.198,0.0248,69.47,138.4,0
43.82,8.38,5.21,223.9,0.0,0.0,0.0,46.07,8.38,5.23,8.2613,48.12,43.82,0.0,18.02,1006.0,9.6,0,-0.5,0.866,0.7071,0.7071,0.019,0.0,0.0,100.0,180.0,0
44.64,22.66,24.1,218.8,0.0,0.17,0.06,46.73,23.68,1.97,7.2747,53.69,48.86,0.065,19.3,995.1,7.24,1,-0.866,-0.5,-0.9659,-0.2588,0.75,0.354,0.502,0.92,22.2,1
30.58,34.52,11.43,253.5,0.14,1.01,3.32,29.99,33.82,0.886,2.8715,32.8,34.0,0.095,19.07,1015.4,4.16,1,-0.866,-0.5,-1.0,-0.0,0.44,0.227,0.0861,10.28,66.5,1
43.03,72.63,3.71,207.9,0.0,0.0,0.0,43.84,72.63,0.592,2.3687,43.13,43.03,0.01,14.31,1011.6,2.9,0,-0.866,0.5,0.7071,-0.7071,0.011,0.0,0.0,100.0,180.0,0
28.39,31.88,20.35,358.1,0.23,0.99,4.18,29.01,32.23,0.89,2.6333,31.25,30.51,0.114,16.78,1017.7,4.1,1,-1.0,-0.0,-0.866,-0.5,0.439,0.182,0.0691,10.48,30.4,0
42.36,23.68,36.2,101.6,0.0,0.01,0.1,44.06,24.32,1.789,6.3758,53.33,50.37,0.015,17.09,998.7,6.63,1,-0.5,-0.866,0.0,-1.0,0.628,0.79,0.851,7.14,23.8,1
41.53,37.92,28.61,53.6,0.0,0.0,0.0,42.46,37.92,1.095,4.9646,56.29,41.53,0.0,15.45,1009.2,5.36,0,0.5,0.866,0.2588,-0.9659,0.034,0.0,0.0,100.0,180.0,0
31.85,31.39,13.79,284.7,0.35,1.49,0.11,32.02,32.29,1.014,3.2338,32.87,34.14,0.109,16.09,1013.8,5.5,0,-0.866,-0.5,0.2588,-0.9659,0.244,0.406,0.0973,22.23,55.1,1
39.49,50.64,23.09,25.5,0.0,0.0,0.0,42.02,50.64,0.78,3.5421,46.16,39.49,0.01,5.32,1015.5,2.19,0,0.0,-1.0,-0.9659,0.2588,0.025,0.0,0.0,100.0,180.0,0
39.04,18.21,43.54,120.7,0.0,0.05,0.05,39.11,22.87,2.144,5.7298,47.13,43.74,0.011,11.51,1009.2,9.21,1,-0.5,-0.866,-0.9659,-0.2588,0.579,0.757,0.8903,7.27,6.3,1
30.75,35.46,10.12,352.9,0.14,1.77,3.26,29.93,42.49,0.867,2.8583,35.04,32.18,0.096,15.56,1012.7,3.61,1,-1.0,-0.0,-0.9659,0.2588,0.422,0.131,0.0468,22.82,60.7,1
19.42,67.38,9.13,259.7,2.94,0.12,8.32,20.35,65.59,0.288,0.736,17.65,18.01,0.207,12.81,1013.6,2.1,0,-0.0,1.0,-0.866,0.5,0.351,0.112,0.0112,75.57,103.2,0
43.32,6.18,22.87,165.5,0.0,0.0,0.0,45.6,6.18,7.004,8.2396,54.65,43.32,0.01,11.16,1015.9,10.79,0,-0.866,-0.5,0.866,0.5,0.026,0.0,0.0,100.0,180.0,0
41.3,22.26,18.36,22.6,0.0,0.0,0.22,42.68,22.28,1.855,6.1438,53.37,49.0,0.019,20.78,1001.7,8.69,1,-0.866,-0.5,-0.5,-0.866,0.387,0.452,0.3109,8.35,22.2,1
29.87,78.14,6.68,45.0,0.0,0.0,0.0,32.36,78.14,0.382,0.9208,42.72,29.87,0.0,2.08,1014.8,13.69,0,-0.5,-0.866,0.9659,-0.2588,0.027,0.0,0.0,100.0,180.0,0
32.83,43.77,13.43,67.3,0.06,0.56,1.18,32.6,47.55,0.75,2.8017,37.59,34.2,0.18,16.66,1015.2,5.72,0,0.0,-1.0,-0.866,-0.5,0.327,0.222,0.0531,34.31,33.8,0
32.34,43.69,15.06,282.5,1.27,0.57,1.83,31.71,43.32,0.74,2.7299,36.54,32.36,0.124,22.19,1014.5,4.95,0,-0.5,-0.866,0.7071,-0.7071,0.35,0.259,0.0658,11.77,41.3,0
36.48,70.76,12.96,247.8,0.0,0.0,0.0,36.73,70.76,0.516,1.7833,44.52,36.48,0.01,25.95,1009.4,9.65,0,0.5,0.866,-0.5,-0.866,0.025,0.0,0.0,100.0,180.0,0
23.1,60.2,3.1,198.1,0.08,1.24,6.5,21.41,69.04,0.384,1.125,22.58,22.17,0.37,15.34,1021.5,1.61,1,-0.5,0.866,1.0,0.0,0.352,0.148,0.0197,107.77,169.9,0
5.41,57.48,10.49,161.2,1.74,8.24,0.88,5.66,64.19,0.094,0.3817,4.78,3.92,0.19,-1.95,1024.8,1.53,1,-0.866,0.5,-0.7071,0.7071,0.589,0.157,0.0085,53.52,110.5,0
29.48,37.6,11.65,235.6,0.39,1.72,3.16,31.27,43.67,0.784,2.5689,34.02,32.34,0.149,17.63,1014.2,3.71,1,-0.866,-0.5,0.7071,-0.7071,0.33,0.152,0.0383,15.12,49.2,0
38.98,53.29,22.1,86.1,0.0,0.0,0.0,41.41,53.29,0.731,3.2622,46.61,38.98,0.0,24.43,1015.0,9.91,0,-0.866,-0.5,-0.7071,-0.7071,0.002,0.0,0.0,100.0,180.0,0
23.94,69.39,5.48,286.6,0.8,1.96,4.11,24.16,74.9,0.345,0.9105,22.61,22.22,0.199,22.81,1013.6,0.52,0,0.5,-0.866,-0.7071,-0.7071,0.224,0.15,0.0114,75.53,164.6,0
49.54,76.49,18.2,214.1,0.0,0.0,0.0,50.24,76.49,0.648,2.8343,57.82,49.54,0.01,33.51,1014.6,12.82,1,-1.0,-0.0,0.7071,-0.7071,0.023,0.0,0.0,100.0,180.0,0
47.43,41.68,26.84,66.4,0.0,0.0,0.0,47.78,41.68,1.138,6.3243,60.47,47.43,0.0,34.52,1009.8,10.12,0,0.866,-0.5,0.866,0.5,0.035,0.0,0.0,100.0,180.0,0
40.79,24.73,30.47,216.7,0.0,0.03,0.03,41.42,27.75,1.649,5.7897,54.06,47.42,0.058,15.59,1004.3,7.1,1,-0.866,-0.5,-0.9659,-0.2588,0.526,0.859,0.7168,3.07,6.8,1
17.81,71.48,4.26,253.1,1.15,11.79,16.12,15.49,76.98,0.249,0.5815,18.66,18.86,0.214,16.0,1021.5,0.24,0,-0.866,0.5,0.9659,-0.2588,0.495,0.284,0.0346,85.07,155.9,0
48.66,75.59,14.4,299.2,0.0,0.0,0.0,48.87,75.59,0.644,2.8155,61.99,48.66,0.01,22.1,1010.5,1.99,0,-0.5,0.866,0.7071,0.7071,0.009,0.0,0.0,100.0,180.0,0
33.14,36.49,14.73,259.5,0.2,0.39,0.94,34.29,42.48,0.908,3.2199,36.07,33.38,0.142,20.04,1010.4,3.87,1,-0.866,-0.5,-0.2588,-0.9659,0.438,0.266,0.103,32.43,49.1,0
42.24,12.98,33.58,207.9,0.0,0.11,0.21,42.68,15.42,3.253,7.2246,55.68,48.38,0.035,14.17,996.1,6.5,1,-0.866,-0.5,-0.5,-0.866,0.393,0.796,0.9459,6.83,24.9,1
21.99,59.57,3.2,333.0,0.32,9.94,63.98,21.82,58.95,0.369,1.0681,23.42,21.81,0.367,17.42,1024.4,1.43,1,0.866,-0.5,-0.5,0.866,0.56,0.068,0.0138,53.33,141.6,0
31.97,39.37,20.9,232.9,0.21,0.65,6.28,32.44,38.0,0.812,2.8773,33.98,35.74,0.112,21.07,1017.3,4.81,1,-0.866,-0.5,0.5,-0.866,0.428,0.482,0.1636,13.55,23.4,0
30.81,36.23,12.36,88.3,0.23,1.28,1.15,32.75,38.94,0.85,2.8336,31.96,32.87,0.163,16.88,1014.5,5.35,1,-0.866,-0.5,-0.2588,-0.9659,0.398,0.303,0.0998,34.47,49.2,0
30.56,33.07,14.4,177.4,1.07,0.42,3.55,30.03,35.84,0.924,2.9319,32.38,34.55,0.151,18.51,1016.8,5.01,1,-0.866,-0.5,0.0,-1.0,0.331,0.181,0.0537,33.71,29.5,0
41.71,23.85,27.93,344.4,0.0,0.03,0.57,43.31,25.33,1.749,6.1496,47.91,47.2,0.027,12.1,997.4,7.26,1,-0.5,-0.866,-0.9659,-0.2588,0.484,0.541,0.4395,2.9,13.0,1
12.46,64.14,11.6,326.2,2.19,0.65,28.17,9.65,72.94,0.194,0.5183,12.65,11.26,0.194,8.61,1020.5,1.91,0,0.5,-0.866,-0.866,-0.5,0.16,0.02,0.0006,140.62,80.9,0
27.31,87.34,27.97,221.1,0.0,0.0,0.0,28.21,87.34,0.313,0.4597,34.48,27.31,0.0,1.63,1015.7,7.5,0,0.866,0.5,0.7071,0.7071,0.005,0.0,0.0,100.0,180.0,0
30.19,45.82,21.08,51.9,1.11,1.88,15.24,31.58,53.23,0.659,2.3239,32.99,31.1,0.093,14.26,1012.3,3.91,1,0.0,-1.0,-0.9659,0.2588,0.323,0.279,0.0581,28.69,63.8,1
28.57,42.63,14.7,244.6,0.53,0.87,2.07,28.12,43.58,0.67,2.2416,30.23,31.42,0.161,11.28,1010.8,3.52,1,-0.866,-0.5,-0.9659,-0.2588,0.327,0.425,0.0911,31.06,27.8,0
33.56,12.29,27.28,105.4,0.0,0.22,0.2,35.44,13.24,2.73,4.5515,43.59,41.57,0.017,6.56,1001.4,6.57,1,-0.866,-0.5,-0.866,-0.5,0.366,0.636,0.5876,4.83,24.1,1
29.34,36.48,18.05,243.4,1.25,0.88,1.69,31.29,43.64,0.804,2.5942,33.75,32.42,0.099,15.15,1010.9,4.79,1,-0.866,-0.5,-0.866,-0.5,0.272,0.413,0.0878,23.51,27.2,1
34.79,9.31,22.95,253.9,0.0,0.0,0.0,36.88,9.31,3.735,5.0389,43.49,34.79,0.01,18.53,1015.0,3.26,0,-0.5,0.866,0.5,-0.866,0.034,0.0,0.0,100.0,180.0,0
14.85,91.29,1.35,209.3,2.18,2.46,8.45,14.56,94.6,0.163,0.147,16.35,13.72,0.318,9.06,1024.6,1.81,0,0.866,0.5,-0.5,0.866,0.585,0.108,0.0101,78.39,165.7,0
40.57,15.69,41.04,235.5,0.0,0.05,0.05,41.24,19.68,2.586,6.411,46.79,44.21,0.037,16.52,1005.0,10.84,1,-0.866,-0.5,-0.7071,-0.7071,0.586,0.844,1.2027,2.12,5.1,1
34.72,8.63,37.68,267.5,0.0,0.07,0.17,36.73,9.23,4.023,5.0572,46.36,44.69,0.061,8.05,1002.3,7.22,1,-0.866,-0.5,-0.866,-0.5,0.43,0.541,0.8375,1.25,20.0,1
39.36,15.85,44.09,157.3,0.0,0.03,0.35,39.71,16.34,2.482,5.9961,51.67,48.86,0.019,10.85,999.3,10.75,1,-0.5,-0.866,-0.7071,-0.7071,0.479,0.608,0.6803,1.13,1.2,1
33.13,22.44,39.01,309.0,0.0,0.02,1.21,34.36,23.35,1.477,3.93,42.48,43.0,0.032,13.13,1004.4,6.35,1,-0.866,-0.5,-0.5,-0.866,0.595,0.944,0.7942,3.63,21.5,1
30.91,85.33,14.36,94.0,0.0,0.0,0.0,33.39,85.33,0.362,0.6558,42.57,30.91,0.01,8.7,1018.1,13.78,0,0.0,-1.0,0.0,1.0,0.034,0.0,0.0,100.0,180.0,0
19.23,55.92,12.07,183.8,5.19,0.28,7.51,19.87,56.65,0.344,0.9827,20.46,17.73,0.208,11.68,1017.1,0.12,0,-0.866,0.5,0.7071,0.7071,0.264,0.247,0.022,106.72,97.1,0
39.58,24.74,21.18,12.1,0.0,0.18,0.03,41.66,25.13,1.6,5.4289,46.24,43.12,0.045,11.84,1001.4,11.04,1,-0.5,-0.866,-0.866,-0.5,0.581,0.714,0.6381,1.7,0.9,1
33.52,8.72,41.04,175.6,0.0,0.22,0.19,35.3,12.34,3.846,4.7267,41.5,40.91,0.055,7.29,1008.2,6.42,1,-0.5,-0.866,-0.7071,-0.7071,0.384,0.396,0.5248,6.51,7.8,1
29.55,48.48,14.5,263.0,0.17,0.31,2.79,29.28,50.59,0.609,2.1296,31.4,32.8,0.177,17.5,1012.0,3.14,1,-0.5,-0.866,-0.5,-0.866,0.224,0.362,0.0484,25.04,65.8,0
34.17,9.12,34.77,196.4,0.0,0.11,0.45,36.67,11.86,3.747,4.879,42.64,41.56,0.025,7.83,998.9,9.31,1,-0.5,-0.866,-0.866,-0.5,0.39,0.906,1.1932,2.32,8.5,1
30.27,36.91,19.34,156.0,0.71,0.37,1.62,29.37,38.13,0.82,2.7185,31.55,31.9,0.163,18.65,1008.3,3.28,0,-1.0,-0.0,-0.5,-0.866,0.471,0.359,0.135,31.78,66.0,0
26.32,89.49,6.67,103.2,0.0,0.0,0.0,27.86,89.49,0.294,0.3598,32.22,26.32,0.01,8.08,1020.0,6.03,0,-0.866,0.5,0.0,1.0,0.019,0.0,0.0,100.0,180.0,0
32.19,31.83,16.64,348.9,0.14,1.28,7.32,31.62,37.91,1.011,3.2769,34.69,35.22,0.157,19.03,1017.9,4.0,0,-1.0,-0.0,0.0,-1.0,0.487,0.33,0.1574,15.59,42.4,0
19.1,80.66,7.25,270.2,1.26,26.34,0.1,18.67,87.72,0.237,0.4277,20.48,18.3,0.264,16.82,1021.4,0.78,0,0.866,-0.5,-0.9659,-0.2588,0.399,0.106,0.0098,128.33,83.1,0
42.55,11.77,28.07,277.9,0.0,0.07,0.31,43.24,14.65,3.614,7.4449,51.84,46.78,0.024,19.89,1001.7,8.92,1,-0.5,-0.866,-0.7071,-0.7071,0.397,0.615,0.8139,6.58,1.6,1
43.86,12.24,22.01,105.2,0.0,0.06,0.06,45.9,17.03,3.582,7.9301,57.56,51.27,0.046,21.45,1000.0,7.83,1,-0.866,-0.5,0.0,-1.0,0.833,0.744,2.0526,1.4,0.3,1
45.31,72.92,25.27,336.3,0.0,0.0,0.0,45.68,72.92,0.621,2.636,59.45,45.31,0.01,11.62,1006.2,4.96,1,0.5,0.866,-0.5,0.866,0.021,0.0,0.0,100.0,180.0,0
12.58,76.64,7.5,124.6,0.57,8.9,23.66,10.77,75.24,0.164,0.3405,13.1,13.62,0.441,4.87,1019.2,2.99,0,-0.866,0.5,-0.2588,0.9659,0.343,0.174,0.0097,89.2,160.2,0
33.41,45.82,11.68,212.9,1.55,3.35,0.55,32.57,49.88,0.729,2.789,36.44,37.11,0.158,15.57,1014.1,5.56,1,-0.866,-0.5,-0.2588,-0.9659,0.383,0.411,0.1124,13.87,52.8,1
6.2,71.89,13.21,259.3,0.2,4.04,1.86,3.33,71.57,0.086,0.2666,4.83,5.34,0.219,0.34,1018.3,1.02,1,-0.0,1.0,-0.9659,0.2588,0.197,0.224,0.0038,75.58,117.6,0
17.79,71.72,1.13,63.8,1.75,2.84,7.29,16.07,78.32,0.248,0.5761,18.94,17.33,0.346,11.04,1019.5,1.74,0,0.866,0.5,0.0,-1.0,0.108,0.284,0.0075,113.49,135.9,0
44.84,12.85,23.75,261.4,0.0,0.08,0.23,46.19,17.55,3.491,8.2838,57.99,50.36,0.027,23.54,1000.3,6.05,1,-0.866,-0.5,-0.7071,-0.7071,0.441,0.581,0.8284,4.63,7.5,1
28.98,23.69,18.79,106.5,0.0,0.0,0.0,31.62,23.69,1.223,3.0534,34.67,28.98,0.0,-2.99,1011.8,3.24,1,1.0,0.0,0.9659,0.2588,0.018,0.0,0.0,100.0,180.0,0
10.49,91.98,5.32,235.5,0.26,17.43,3.58,10.86,96.75,0.114,0.1018,9.21,12.09,0.393,7.16,1015.1,0.24,1,-0.0,1.0,-0.866,0.5,0.137,0.141,0.0022,121.36,135.6,0
41.47,9.11,44.77,28.4,0.0,0.14,0.53,43.45,12.87,4.552,7.2486,46.86,48.71,0.019,16.1,995.8,9.77,1,-0.5,-0.866,-0.866,-0.5,0.519,0.61,1.2993,3.55,24.1,1
17.67,73.31,8.56,20.0,1.52,2.11,1.12,18.18,76.21,0.241,0.5394,16.02,19.31,0.393,14.7,1014.8,2.77,1,0.5,-0.866,-0.866,-0.5,0.311,0.066,0.0049,56.56,132.8,0
32.33,35.41,14.13,321.9,0.41,0.52,1.32,31.51,41.42,0.913,3.129,37.09,33.51,0.162,19.06,1011.9,4.51,1,-0.866,-0.5,-0.9659,-0.2588,0.334,0.136,0.0403,27.3,34.3,0
38.22,63.71,14.15,306.2,0.0,0.0,0.0,38.57,63.71,0.6,2.433,46.1,38.22,0.0,18.29,1014.2,3.18,0,0.866,-0.5,-1.0,-0.0,0.04,0.0,0.0,100.0,180.0,0
39.27,12.91,20.02,221.8,0.0,0.09,0.75,42.16,13.62,3.043,6.1786,45.74,46.33,0.014,12.65,997.4,10.24,1,-0.866,-0.5,-0.7071,-0.7071,0.471,0.469,0.6232,8.72,2.3,1
37.51,8.34,31.33,167.0,0.0,0.0,0.39,40.38,11.1,4.5,5.9124,50.88,46.91,0.063,14.29,1001.6,7.28,1,-0.5,-0.866,0.0,-1.0,0.732,0.396,1.1643,3.68,14.2,1
37.41,70.93,8.16,326.5,0.0,0.0,0.0,37.73,70.93,0.527,1.8649,42.02,37.41,0.0,5.56,1009.3,9.06,1,0.0,-1.0,0.2588,0.9659,0.038,0.0,0.0,100.0,180.0,0
41.63,54.25,18.66,102.7,0.0,0.0,0.0,43.91,54.25,0.767,3.6793,46.07,41.63,0.01,22.6,1012.1,0.43,1,-0.5,0.866,0.9659,-0.2588,0.028,0.0,0.0,100.0,180.0,0
22.79,46.84,1.67,199.0,2.02,5.87,33.83,22.07,55.99,0.487,1.4744,21.1,23.73,0.186,15.55,1024.1,1.11,0,0.866,-0.5,0.2588,-0.9659,0.133,0.295,0.0187,87.79,149.1,0
15.55,63.3,6.63,359.9,3.72,0.68,3.28,15.99,62.05,0.246,0.6482,14.8,14.42,0.258,12.28,1014.2,2.15,1,-0.5,0.866,0.7071,-0.7071,0.558,0.213,0.0288,67.88,128.5,0
32.03,33.34,20.82,101.2,0.27,0.28,5.99,32.68,38.03,0.961,3.1742,34.36,33.96,0.167,19.41,1017.5,5.37,1,-0.866,-0.5,0.2588,-0.9659,0.403,0.235,0.0884,23.73,48.0,1
31.7,32.59,16.52,37.6,0.12,1.64,3.57,31.15,39.62,0.973,3.1505,33.71,33.26,0.159,15.51,1011.1,3.46,1,-0.5,-0.866,0.0,-1.0,0.22,0.23,0.0476,27.81,50.4,0
8.02,72.51,7.7,51.7,6.49,1.86,0.91,8.0,81.17,0.111,0.2954,8.9,9.11,0.376,3.71,1019.1,1.32,1,0.866,-0.5,-0.5,-0.866,0.516,0.052,0.0029,118.53,174.3,0
45.16,62.35,18.72,304.6,0.0,0.0,0.0,45.32,62.35,0.724,3.6371,56.38,45.16,0.01,15.96,1006.4,9.1,0,0.866,0.5,-0.7071,0.7071,0.018,0.0,0.0,100.0,180.0,0
28.78,49.78,18.74,82.1,0.01,2.28,3.52,29.19,57.04,0.578,1.9865,32.05,29.88,0.128,16.24,1015.5,4.07,0,-0.866,-0.5,-0.7071,-0.7071,0.495,0.174,0.0489,33.04,49.7,0
5.88,50.69,6.82,333.4,4.0,8.07,34.68,4.07,52.11,0.116,0.4571,6.6,5.01,0.283,2.56,1019.3,1.75,0,-0.0,1.0,-0.5,0.866,0.209,0.16,0.0038,91.74,179.9,0
44.64,11.97,41.34,138.4,0.0,0.29,0.3,46.67,16.37,3.729,8.2795,50.93,49.3,0.068,20.31,1003.4,6.65,1,-0.866,-0.5,-0.5,-0.866,0.561,0.517,0.9964,6.86,8.7,1
36.52,11.07,44.82,298.6,0.0,0.07,0.08,39.18,15.11,3.299,5.4353,45.96,40.36,0.037,14.11,999.8,9.38,1,-0.5,-0.866,-0.7071,-0.7071,0.715,0.583,1.2599,5.75,20.7,1
35.03,11.49,15.91,306.0,0.0,0.15,0.08,37.02,15.82,3.05,4.986,44.4,38.92,0.038,14.84,1008.1,10.81,1,-0.866,-0.5,-0.2588,-0.9659,0.473,0.415,0.5509,4.22,1.6,1
10.71,94.05,4.79,298.8,2.31,1.33,4.63,10.31,98.91,0.114,0.0766,12.24,10.1,0.264,9.28,1012.3,1.38,1,0.5,-0.866,-0.2588,-0.9659,0.493,0.064,0.0035,131.6,169.6,0
37.45,18.64,33.71,358.4,0.0,0.3,1.09,39.31,19.3,2.009,5.2308,51.55,40.56,0.012,15.94,998.9,8.47,1,-0.866,-0.5,0.0,-1.0,0.488,0.538,0.5002,3.19,19.6,1
29.48,43.19,16.74,139.9,1.51,0.43,3.98,30.09,44.88,0.682,2.339,31.47,30.7,0.137,19.09,1017.1,4.03,1,-0.5,-0.866,-0.2588,-0.9659,0.331,0.19,0.0421,18.29,65.8,1
5.71,83.42,6.18,253.3,2.38,0.49,55.56,3.62,89.28,0.068,0.152,5.63,6.73,0.284,2.65,1022.8,1.55,0,-0.866,0.5,0.866,0.5,0.596,0.298,0.012,58.84,146.3,0
37.62,20.75,33.54,174.5,0.0,0.05,0.02,37.97,23.64,1.813,5.1434,50.67,45.35,0.022,8.31,1001.6,7.05,1,-0.866,-0.5,-0.2588,-0.9659,0.385,0.536,0.3564,9.97,8.8,1
27.38,63.06,9.47,54.1,0.0,0.0,0.0,29.55,63.06,0.434,1.3467,32.98,27.38,0.0,-4.93,1015.9,10.68,1,-1.0,-0.0,-0.9659,0.2588,0.002,0.0,0.0,100.0,180.0,0
23.56,55.0,14.39,241.4,0.18,1.63,15.16,22.19,64.64,0.428,1.3075,22.12,23.64,0.207,16.96,1015.7,0.48,0,0.866,-0.5,1.0,0.0,0.401,0.121,0.0204,146.63,114.8,0
28.56,7.49,5.73,135.9,0.0,0.0,0.0,30.92,7.49,3.814,3.6114,33.89,28.56,0.01,12.16,1014.0,8.57,1,0.5,0.866,0.2588,0.9659,0.015,0.0,0.0,100.0,180.0,0
24.1,82.48,9.63,281.0,1.61,32.27,20.72,21.9,84.77,0.292,0.5257,24.69,24.3,0.208,20.84,1016.0,0.41,0,1.0,0.0,0.7071,-0.7071,0.465,0.047,0.0063,70.54,114.7,0
33.95,49.21,12.06,140.0,0.47,1.48,7.46,33.44,54.9,0.69,2.6943,38.24,36.55,0.16,17.77,1008.3,3.21,1,-0.5,-0.866,-0.2588,-0.9659,0.489,0.377,0.1245,34.85,58.4,1
31.35,38.01,10.43,359.9,1.12,8.31,0.06,31.72,38.59,0.825,2.8407,35.36,32.98,0.13,19.1,1011.0,4.24,1,-0.866,-0.5,-0.866,-0.5,0.387,0.13,0.0405,23.95,41.9,1
34.21,10.05,38.86,306.8,0.0,0.03,0.12,37.19,14.36,3.404,4.8417,43.32,40.24,0.046,8.35,1009.8,9.54,1,-0.866,-0.5,-0.7071,-0.7071,0.558,0.877,1.5163,8.4,10.9,1
35.95,79.82,26.83,39.3,0.0,0.0,0.0,38.93,79.82,0.45,1.1957,47.8,35.95,0.0,12.29,1019.8,12.76,0,0.866,0.5,-0.7071,-0.7071,0.01,0.0,0.0,100.0,180.0,0
15.35,64.24,10.26,51.1,1.29,9.68,43.61,15.02,63.29,0.239,0.6238,17.15,13.81,0.345,12.06,1012.7,0.16,1,0.5,0.866,0.9659,0.2588,0.404,0.133,0.0127,146.44,168.1,0
32.17,41.44,16.64,251.0,0.3,0.67,0.15,34.13,43.56,0.776,2.8116,33.54,35.18,0.147,18.62,1014.9,3.19,1,-0.5,-0.866,0.7071,-0.7071,0.224,0.314,0.0535,23.44,33.6,0
13.94,74.29,13.11,280.3,1.08,0.11,1.31,12.13,83.79,0.188,0.4093,15.66,15.33,0.192,10.71,1022.6,1.06,0,-0.866,0.5,-0.5,0.866,0.102,0.183,0.0034,88.73,174.4,0
32.27,38.47,19.74,160.9,0.61,3.65,2.72,32.52,43.12,0.839,2.971,36.41,34.98,0.13,21.8,1017.2,4.32,1,0.0,-1.0,-0.866,-0.5,0.487,0.257,0.1025,22.46,45.6,0
33.39,45.69,16.53,135.3,1.44,1.4,7.93,32.43,47.22,0.731,2.7921,34.95,35.36,0.136,20.96,1011.5,3.4,0,-0.866,-0.5,0.0,-1.0,0.429,0.221,0.0678,32.25,64.9,0
31.16,42.33,12.49,137.3,0.14,0.75,5.3,32.37,46.53,0.736,2.6147,33.76,34.6,0.172,14.47,1011.7,4.22,1,-0.866,-0.5,-0.7071,-0.7071,0.253,0.181,0.0329,34.21,38.6,0
16.5,86.12,3.32,352.9,1.93,19.18,14.55,14.16,92.6,0.192,0.2606,18.14,17.37,0.416,11.89,1016.7,2.61,0,-0.0,1.0,0.0,1.0,0.305,0.047,0.0027,108.11,92.7,0
24.06,57.29,14.03,295.3,2.88,0.03,0.22,22.98,63.81,0.42,1.2789,22.32,24.72,0.22,16.32,1022.8,1.39,0,1.0,0.0,1.0,0.0,0.447,0.294,0.0543,102.77,157.3,0
22.93,50.2,11.06,308.1,1.42,1.02,8.06,21.03,54.08,0.457,1.3931,21.96,23.55,0.325,16.6,1013.4,1.79,1,0.866,0.5,0.7071,-0.7071,0.506,0.154,0.0348,106.65,140.4,0
30.88,42.87,18.49,5.6,0.39,0.25,7.2,32.77,47.06,0.72,2.5486,34.49,34.87,0.177,16.84,1015.8,5.76,1,-0.866,-0.5,0.7071,-0.7071,0.425,0.244,0.0729,26.44,55.5,1
13.1,93.06,9.97,116.6,0.97,7.71,7.08,11.57,96.41,0.141,0.1046,12.63,12.33,0.388,8.42,1016.6,0.38,0,0.5,0.866,-0.5,-0.866,0.404,0.015,0.0009,106.31,154.6,0
36.34,18.61,16.2,156.2,0.0,0.01,0.12,39.0,21.77,1.953,4.927,49.79,40.29,0.076,12.26,1009.1,7.67,1,-0.5,-0.866,-0.5,-0.866,0.515,0.733,0.6997,0.66,18.0,1
33.06,15.66,32.56,23.5,0.0,0.12,0.12,33.21,17.57,2.111,4.2565,39.88,39.2,0.038,9.72,997.6,10.16,1,-0.5,-0.866,-0.7071,-0.7071,0.599,0.313,0.3726,9.93,9.2,1
37.65,50.52,12.08,51.8,0.0,0.0,0.0,39.69,50.52,0.745,3.2168,52.5,37.65,0.0,4.0,1012.0,9.81,1,0.0,-1.0,0.5,-0.866,0.01,0.0,0.0,100.0,180.0,0
39.06,22.84,21.8,152.1,0.0,0.29,1.36,41.34,27.39,1.71,5.4127,50.49,43.97,0.024,10.75,1003.7,11.62,1,-0.5,-0.866,-0.7071,-0.7071,0.471,0.735,0.5677,3.85,18.3,1
45.18,37.58,11.93,338.9,0.0,0.0,0.0,46.49,37.58,1.202,6.0379,53.12,45.18,0.01,21.02,1013.0,12.92,1,-1.0,-0.0,0.9659,0.2588,0.033,0.0,0.0,100.0,180.0,0
31.5,49.1,15.32,322.9,0.73,0.54,3.34,31.11,56.28,0.642,2.3523,35.36,32.7,0.131,17.62,1014.5,5.59,1,-1.0,-0.0,0.7071,-0.7071,0.368,0.252,0.0581,25.2,53.7,0
38.45,15.1,34.23,170.1,0.0,0.02,0.06,40.33,19.81,2.547,5.764,45.25,43.97,0.054,14.13,1004.2,11.24,1,-0.5,-0.866,-0.9659,-0.2588,0.807,0.783,1.5107,6.88,3.2,1
20.63,82.03,9.02,306.8,0.93,3.89,21.46,17.82,85.09,0.252,0.4368,19.91,19.96,0.394,18.02,1024.3,0.36,1,0.866,-0.5,0.2588,0.9659,0.197,0.007,0.0004,63.29,164.7,0
37.85,68.49,3.26,174.8,0.0,0.0,0.0,40.16,68.49,0.553,2.0701,46.0,37.85,0.01,23.51,1010.7,4.04,0,0.0,-1.0,-0.866,0.5,0.04,0.0,0.0,100.0,180.0,0
32.79,46.99,11.36,258.6,0.84,1.16,1.92,33.54,52.32,0.698,2.6353,35.52,33.2,0.142,16.7,1010.0,5.28,1,-1.0,-0.0,-0.2588,-0.9659,0.24,0.186,0.0306,11.67,21.2,0
32.46,49.09,14.52,333.1,0.54,1.31,7.99,33.42,54.06,0.661,2.4841,34.22,35.74,0.178,16.66,1015.3,5.66,0,0.0,-1.0,-0.866,-0.5,0.355,0.225,0.0518,22.85,27.8,0
32.6,34.71,11.51,344.1,0.0,0.0,0.0,33.29,34.71,0.939,3.2106,37.12,32.6,0.01,16.65,1011.4,4.34,0,-1.0,-0.0,0.9659,0.2588,0.013,0.0,0.0,100.0,180.0,0
32.38,39.36,10.22,320.5,0.82,1.18,0.79,33.93,41.1,0.823,2.946,36.45,36.02,0.178,18.98,1014.0,5.97,1,-1.0,-0.0,-0.866,-0.5,0.374,0.423,0.1268,15.65,33.6,0
32.1,6.74,10.71,225.7,0.0,0.0,0.0,32.95,6.74,4.761,4.4589,39.77,32.1,0.01,-1.22,1008.4,1.83,1,-0.5,0.866,1.0,0.0,0.005,0.0,0.0,100.0,180.0,0
37.72,20.38,19.09,270.4,0.0,0.0,0.0,40.09,20.38,1.851,5.1965,45.34,37.72,0.0,8.32,1009.5,12.21,1,-0.866,0.5,0.866,0.5,0.007,0.0,0.0,100.0,180.0,0
41.71,10.62,34.51,124.3,0.0,0.04,0.01,43.44,13.86,3.929,7.2169,55.65,45.86,0.058,17.55,1007.6,9.05,1,-0.5,-0.866,0.0,-1.0,0.809,0.869,2.5235,1.51,11.2,1
35.13,15.39,27.13,275.8,0.0,0.02,0.16,36.48,16.05,2.282,4.7912,43.76,43.87,0.062,10.42,1006.0,11.62,1,-0.5,-0.866,-0.9659,-0.2588,0.398,0.694,0.5916,0.71,2.9,1
40.42,12.54,27.48,339.0,0.0,0.14,0.4,43.17,13.7,3.223,6.5955,55.03,50.18,0.045,11.08,1002.0,11.81,1,-0.866,-0.5,-0.866,-0.5,0.809,0.42,1.0134,5.35,11.7,1
34.96,23.55,41.53,297.4,0.0,0.04,0.14,35.36,27.98,1.485,4.2881,47.56,43.42,0.05,14.88,1002.0,11.66,1,-0.5,-0.866,-0.5,-0.866,0.711,0.87,0.881,2.96,8.1,1
10.32,70.14,8.51,354.5,0.04,1.84,15.93,10.17,68.98,0.147,0.3745,12.29,10.18,0.267,2.55,1015.5,2.81,0,-0.0,1.0,0.866,0.5,0.156,0.193,0.0044,56.14,143.2,0
35.87,56.61,24.11,126.9,0.0,0.0,0.0,38.57,56.61,0.634,2.5595,38.58,35.87,0.01,9.66,1011.5,14.37,1,-0.0,1.0,-0.7071,-0.7071,0.037,0.0,0.0,100.0,180.0,0
22.84,55.27,9.95,212.0,5.62,1.6,4.71,20.08,58.45,0.413,1.2442,21.44,24.26,0.241,17.78,1022.6,2.24,0,-0.0,1.0,0.7071,-0.7071,0.202,0.088,0.0073,145.32,91.7,0
12.08,66.99,2.25,19.7,6.15,17.59,2.1,11.16,72.74,0.18,0.4654,12.9,12.46,0.197,6.59,1015.9,0.01,0,-0.5,0.866,0.7071,-0.7071,0.221,0.228,0.009,67.35,119.6,0
40.72,18.25,22.11,223.5,0.0,0.0,0.06,41.9,19.69,2.231,6.2641,46.12,50.27,0.043,16.72,1005.0,6.76,1,-0.866,-0.5,-0.9659,-0.2588,0.647,0.384,0.5252,7.61,21.7,1
30.03,40.39,18.04,83.1,0.68,1.2,1.57,30.99,42.46,0.743,2.533,32.95,30.19,0.095,13.85,1017.2,4.53,0,0.0,-1.0,-0.9659,0.2588,0.334,0.397,0.0962,16.11,55.6,1
35.22,16.47,33.5,232.5,0.0,0.04,0.06,38.22,21.32,2.138,4.7532,41.31,39.1,0.076,6.63,1007.2,6.08,1,-0.866,-0.5,-0.5,-0.866,0.517,0.727,0.7573,7.89,22.4,1
42.63,10.73,29.4,59.3,0.0,0.0,0.67,43.11,11.04,3.972,7.5631,49.11,51.63,0.033,15.18,1000.8,8.07,1,-0.866,-0.5,-0.7071,-0.7071,0.446,0.889,1.4397,8.62,19.0,1
29.47,48.48,18.3,314.1,0.57,0.07,0.28,29.44,52.01,0.608,2.12,31.79,32.94,0.136,12.92,1017.5,5.18,1,0.0,-1.0,-0.866,-0.5,0.474,0.313,0.0883,27.72,42.9,0
39.56,21.42,42.63,319.3,0.0,0.01,0.1,41.35,24.34,1.847,5.6615,52.2,46.37,0.067,12.7,997.4,6.71,1,-0.5,-0.866,-0.866,-0.5,0.817,0.772,1.1123,1.05,18.6,1
30.63,31.0,15.57,249.0,0.01,0.97,0.35,31.67,29.8,0.988,3.0344,33.55,33.63,0.17,13.14,1009.9,5.64,1,-0.866,-0.5,0.2588,-0.9659,0.316,0.294,0.0889,20.26,29.9,0
34.9,82.46,9.48,131.3,0.0,0.0,0.0,35.65,82.46,0.423,0.9809,41.59,34.9,0.01,4.57,1008.7,5.99,1,0.5,-0.866,-0.866,-0.5,0.003,0.0,0.0,100.0,180.0,0
37.06,67.35,25.65,93.0,0.0,0.0,0.0,38.24,67.35,0.55,2.0548,39.41,37.06,0.0,9.77,1014.9,3.38,0,-0.5,-0.866,0.2588,-0.9659,0.02,0.0,0.0,100.0,180.0,0
31.22,47.6,13.51,70.0,0.27,2.29,0.64,30.31,47.74,0.656,2.3841,34.2,32.19,0.119,19.95,1012.3,3.36,1,0.0,-1.0,0.0,-1.0,0.247,0.18,0.0285,13.89,32.3,0
35.74,17.77,44.28,285.9,0.0,0.16,0.26,36.85,21.81,2.011,4.8148,41.23,42.44,0.066,9.77,996.0,11.64,1,-0.5,-0.866,-0.7071,-0.7071,0.519,0.533,0.5271,4.61,13.2,1
40.55,21.37,25.38,91.6,0.0,0.04,0.03,42.63,22.72,1.898,5.9725,55.43,44.98,0.051,17.2,1009.1,8.01,1,-0.5,-0.866,-0.7071,-0.7071,0.704,0.356,0.454,6.88,11.1,1
28.91,41.36,11.55,102.8,0.75,0.79,0.99,28.01,41.0,0.699,2.3364,31.47,31.37,0.102,13.63,1010.9,5.93,1,-0.866,-0.5,0.0,-1.0,0.376,0.125,0.0321,32.24,45.3,0
33.85,15.12,21.84,36.2,0.0,0.25,0.04,34.54,17.41,2.239,4.4765,45.61,43.22,0.074,5.65,1004.5,10.77,1,-0.866,-0.5,-0.9659,-0.2588,0.491,0.783,0.8075,1.16,15.9,1
27.83,34.01,15.9,112.3,0.0,0.0,0.0,28.14,34.01,0.818,2.4692,37.94,27.83,0.0,12.51,1015.4,2.83,1,-0.0,1.0,-0.866,-0.5,0.007,0.0,0.0,100.0,180.0,0
28.59,35.3,16.57,242.6,0.31,3.27,1.91,27.68,40.46,0.81,2.5301,31.69,30.77,0.114,11.0,1011.2,4.15,1,-0.5,-0.866,0.5,-0.866,0.479,0.273,0.1032,34.17,50.5,0
24.07,73.87,11.02,217.4,1.77,18.62,0.47,23.57,77.32,0.326,0.7828,22.72,24.16,0.257,19.69,1016.1,0.89,0,-0.5,0.866,1.0,0.0,0.386,0.051,0.0063,58.84,141.2,0
31.68,33.12,16.2,199.8,0.01,1.12,0.77,31.12,35.79,0.956,3.122,35.15,34.16,0.139,14.38,1009.6,4.14,0,-0.866,-0.5,0.7071,-0.7071,0.378,0.202,0.0708,29.75,51.3,0
30.61,28.49,27.88,176.6,0.0,0.0,0.0,33.55,28.49,1.075,3.1422,43.08,30.61,0.01,12.31,1010.9,8.67,0,1.0,0.0,0.7071,0.7071,0.006,0.0,0.0,100.0,180.0,0
44.63,11.71,20.21,228.3,0.0,0.09,0.13,46.94,15.11,3.811,8.3011,59.03,50.77,0.047,19.06,996.1,8.39,1,-0.5,-0.866,0.0,-1.0,0.462,0.638,1.0358,4.08,7.8,1
30.7,37.64,21.22,37.9,0.05,1.17,1.01,30.02,41.72,0.816,2.7537,32.17,31.4,0.094,15.14,1010.6,4.24,1,-1.0,-0.0,-0.9659,0.2588,0.325,0.411,0.1062,24.21,22.2,0
42.76,40.23,24.5,280.0,0.0,0.0,0.0,45.66,40.23,1.063,5.0986,53.79,42.76,0.01,12.45,1011.8,12.49,1,0.866,0.5,0.9659,-0.2588,0.014,0.0,0.0,100.0,180.0,0
9.57,61.51,9.16,169.3,0.22,13.53,17.49,10.12,62.42,0.156,0.4591,11.23,10.91,0.239,4.06,1015.8,1.8,0,0.866,-0.5,-0.5,0.866,0.301,0.024,0.0011,146.39,153.0,0
41.41,19.84,22.04,213.6,0.0,0.25,0.1,44.38,24.6,2.088,6.3719,46.49,48.58,0.049,13.05,995.7,9.29,1,-0.5,-0.866,-0.866,-0.5,0.763,0.849,1.2886,5.4,14.9,1
36.9,11.1,18.74,348.1,0.0,0.0,0.0,37.82,11.1,3.324,5.5477,50.22,36.9,0.01,17.89,1016.5,4.51,1,0.0,-1.0,-0.7071,-0.7071,0.022,0.0,0.0,100.0,180.0,0
50.46,64.84,5.43,253.4,0.0,0.0,0.0,51.63,64.84,0.778,4.4372,61.94,50.46,0.0,30.35,1015.4,2.14,0,-0.866,0.5,0.7071,-0.7071,0.031,0.0,0.0,100.0,180.0,0
44.29,8.22,44.1,306.2,0.0,0.04,0.11,45.88,12.59,5.386,8.4762,56.91,51.29,0.074,15.14,1004.6,11.88,1,-0.5,-0.866,-0.5,-0.866,0.498,0.818,1.9557,6.67,6.0,1
42.27,10.95,35.85,294.4,0.0,0.03,0.25,42.98,14.19,3.861,7.4042,51.09,50.08,0.076,18.81,999.8,11.04,1,-0.866,-0.5,-0.7071,-0.7071,0.686,0.334,0.8105,3.79,10.0,1
43.86,13.05,17.87,45.5,0.0,0.03,0.06,43.98,14.15,3.361,7.8571,50.17,47.34,0.021,20.24,995.8,10.11,1,-0.5,-0.866,-0.7071,-0.7071,0.685,0.314,0.6714,0.64,3.7,1
40.42,11.91,34.95,325.0,0.0,0.01,0.28,40.66,15.92,3.394,6.6433,52.43,49.13,0.072,14.56,999.9,10.78,1,-0.866,-0.5,-0.866,-0.5,0.547,0.881,1.509,0.68,2.9,1
42.79,16.92,16.19,302.7,0.0,0.13,0.06,43.12,19.3,2.529,7.0979,50.16,50.7,0.042,22.15,995.4,11.35,1,-0.866,-0.5,-0.5,-0.866,0.463,0.721,0.7975,1.86,3.3,1
30.57,31.44,14.03,153.9,0.45,2.76,12.35,31.63,32.35,0.973,3.0063,34.6,31.19,0.133,14.55,1009.9,3.8,1,-0.866,-0.5,0.7071,-0.7071,0.327,0.447,0.1379,17.38,46.6,1
40.84,6.23,22.1,92.6,0.0,0.0,0.0,42.28,6.23,6.553,7.2311,41.75,40.84,0.0,23.15,1016.3,11.82,0,-1.0,-0.0,-0.9659,0.2588,0.007,0.0,0.0,100.0,180.0,0
44.96,9.38,30.81,217.4,0.0,0.01,0.08,46.95,13.0,4.794,8.6656,50.83,49.7,0.075,18.25,995.0,10.82,1,-0.866,-0.5,-0.7071,-0.7071,0.558,0.384,0.9294,1.76,17.6,1
43.52,18.52,44.28,260.6,0.0,0.25,0.03,44.28,22.82,2.35,7.2327,53.85,46.83,0.063,20.82,998.7,7.18,1,-0.866,-0.5,-0.866,-0.5,0.639,0.335,0.4778,6.63,16.1,1
23.32,76.27,12.02,317.8,0.24,1.9,17.33,20.74,75.0,0.306,0.6795,22.07,24.82,0.264,17.94,1016.1,2.11,1,1.0,0.0,0.5,0.866,0.506,0.076,0.0116,140.02,102.6,0
42.75,20.3,24.19,92.7,0.0,0.09,0.07,43.57,20.9,2.106,6.7981,50.34,46.31,0.049,19.93,1002.9,10.47,1,-0.866,-0.5,-0.5,-0.866,0.604,0.772,0.936,5.73,15.8,1
31.76,41.53,12.1,127.9,0.29,3.34,1.18,31.53,48.14,0.765,2.7418,33.77,31.96,0.171,13.9,1017.0,3.88,0,0.0,-1.0,0.5,-0.866,0.317,0.447,0.1057,20.3,43.7,0
42.14,17.07,27.65,151.6,0.0,0.04,0.01,43.17,20.2,2.469,6.8492,53.49,50.29,0.061,16.42,1009.2,10.99,1,-0.5,-0.866,-0.9659,-0.2588,0.689,0.433,0.6962,6.42,8.9,1
32.28,36.68,10.38,125.1,0.49,0.95,1.31,32.89,44.51,0.88,3.0576,36.87,35.06,0.178,17.65,1008.9,5.76,0,-0.5,-0.866,0.7071,-0.7071,0.41,0.189,0.0664,18.84,33.4,1
35.27,39.92,19.64,268.2,0.0,0.0,0.0,36.03,39.92,0.883,3.4284,49.5,35.27,0.01,23.72,1015.6,0.31,0,0.866,-0.5,-0.2588,0.9659,0.027,0.0,0.0,100.0,180.0,0
28.59,45.78,26.72,46.9,0.0,0.0,0.0,29.95,45.78,0.624,2.1206,35.25,28.59,0.01,12.72,1013.4,13.0,0,0.5,0.866,0.2588,0.9659,0.012,0.0,0.0,100.0,180.0,0
35.08,19.07,32.02,255.7,0.0,0.02,0.2,35.33,20.14,1.839,4.5698,45.9,43.91,0.056,8.35,1003.9,9.87,1,-0.866,-0.5,-0.866,-0.5,0.687,0.522,0.6259,2.22,14.3,1
31.14,30.95,21.89,72.3,0.51,1.16,4.39,31.35,33.5,1.006,3.1265,34.25,33.06,0.154,20.0,1008.5,3.11,1,-1.0,-0.0,-0.7071,-0.7071,0.244,0.145,0.0346,15.47,45.2,0
32.24,45.95,11.85,64.9,1.16,0.57,1.42,33.76,52.3,0.702,2.6057,35.24,35.66,0.124,16.99,1011.7,4.78,0,-1.0,-0.0,-0.9659,-0.2588,0.343,0.123,0.029,21.42,41.6,0
12.59,78.52,12.81,241.7,1.85,0.2,12.28,13.36,78.79,0.16,0.3133,10.98,11.65,0.27,7.15,1019.9,1.19,0,-0.5,0.866,0.0,1.0,0.267,0.208,0.0088,58.52,116.7,0
28.14,40.37,17.53,237.0,0.05,0.18,0.99,29.02,42.94,0.697,2.2723,29.78,31.51,0.095,15.47,1016.3,5.25,1,-0.866,-0.5,0.0,-1.0,0.493,0.325,0.1088,16.6,61.1,1
42.3,17.13,29.45,293.7,0.0,0.34,0.13,43.5,17.44,2.469,6.9026,51.12,46.97,0.077,13.65,1008.7,10.19,1,-0.866,-0.5,-0.7071,-0.7071,0.598,0.531,0.7412,3.64,9.5,1
46.43,44.86,29.96,286.0,0.0,0.0,0.0,47.2,44.86,1.035,5.6861,47.33,46.43,0.01,28.7,1009.2,0.07,0,0.5,-0.866,0.0,1.0,0.035,0.0,0.0,100.0,180.0,0
31.91,59.87,24.74,309.3,0.0,0.0,0.0,34.23,59.87,0.533,1.8989,38.29,31.91,0.01,14.37,1006.3,7.02,1,0.5,-0.866,-0.9659,-0.2588,0.037,0.0,0.0,100.0,180.0,0
28.83,39.1,13.04,318.7,0.14,1.98,3.35,30.54,38.81,0.737,2.4157,32.69,29.45,0.132,13.06,1010.2,4.82,1,-0.5,-0.866,-0.866,-0.5,0.204,0.497,0.0729,31.0,41.8,0
50.57,63.22,20.82,257.1,0.0,0.0,0.0,52.67,63.22,0.8,4.6681,59.19,50.57,0.0,33.61,1016.5,11.25,1,1.0,0.0,-0.2588,-0.9659,0.04,0.0,0.0,100.0,180.0,0
41.58,16.29,43.03,181.9,0.0,0.15,0.01,42.78,19.17,2.553,6.7117,55.82,47.54,0.046,21.09,1002.6,9.77,1,-0.866,-0.5,0.0,-1.0,0.482,0.924,1.0696,8.55,0.8,1
28.94,9.01,22.64,238.5,0.0,0.0,0.0,30.85,9.01,3.211,3.6314,33.04,28.94,0.0,9.45,1005.5,0.98,0,1.0,0.0,0.0,1.0,0.015,0.0,0.0,100.0,180.0,0
9.82,87.4,14.7,172.6,1.89,3.26,3.86,8.41,95.26,0.112,0.1529,10.02,11.02,0.223,6.4,1014.4,2.81,0,0.5,-0.866,0.7071,0.7071,0.165,0.044,0.0008,122.51,122.9,0
33.45,22.55,26.2,347.2,0.0,0.09,0.42,35.04,26.02,1.483,3.9949,38.98,37.55,0.037,4.44,1001.0,8.66,1,-0.866,-0.5,-0.5,-0.866,0.356,0.907,0.4589,9.27,0.2,1
14.04,70.5,8.85,103.9,2.45,3.21,8.94,13.57,76.59,0.199,0.4727,14.12,15.07,0.375,7.92,1013.6,1.53,0,0.5,-0.866,0.866,-0.5,0.509,0.219,0.0219,100.54,99.3,0
27.99,27.92,3.93,208.1,0.0,0.0,0.0,29.3,27.92,1.002,2.7228,42.35,27.99,0.0,15.58,1018.3,9.64,1,-1.0,-0.0,0.5,0.866,0.035,0.0,0.0,100.0,180.0,0
37.24,11.0,17.05,2.8,0.0,0.21,0.05,38.64,15.4,3.385,5.6578,43.58,41.96,0.019,11.32,1005.2,11.05,1,-0.5,-0.866,-0.2588,-0.9659,0.426,0.611,0.8079,5.62,21.1,1
8.47,80.58,8.7,240.1,1.17,8.07,13.2,7.44,88.55,0.105,0.215,9.51,10.44,0.347,1.95,1022.9,1.35,0,0.866,0.5,0.7071,0.7071,0.432,0.266,0.0119,131.56,94.2,0
39.28,24.15,35.85,25.5,0.0,0.02,0.1,39.96,27.31,1.626,5.3823,47.71,45.69,0.019,11.89,995.8,6.16,1,-0.866,-0.5,-0.2588,-0.9659,0.713,0.742,0.8267,7.22,24.8,1
9.39,52.6,7.03,59.2,0.49,5.09,0.97,10.13,55.38,0.178,0.5585,9.76,8.19,0.331,4.91,1023.0,1.32,0,-0.5,0.866,0.9659,-0.2588,0.598,0.283,0.0296,90.58,166.2,0
23.4,84.37,1.65,98.9,5.27,3.66,12.75,21.06,83.16,0.277,0.4498,24.7,23.19,0.265,20.08,1022.7,0.68,0,-0.866,0.5,0.2588,0.9659,0.45,0.151,0.0186,59.04,94.7,0
46.58,62.38,9.01,65.7,0.0,0.0,0.0,47.15,62.38,0.747,3.908,48.03,46.58,0.0,17.55,1015.9,2.88,0,0.0,-1.0,0.2588,0.9659,0.019,0.0,0.0,100.0,180.0,0
32.76,44.6,12.95,137.4,0.16,0.81,0.78,34.72,47.12,0.735,2.749,36.28,34.75,0.175,20.73,1015.1,4.53,1,-0.5,-0.866,-1.0,-0.0,0.217,0.347,0.0542,10.05,65.3,0
12.66,49.46,12.9,278.1,2.88,7.49,8.67,11.45,56.28,0.256,0.7404,12.41,11.04,0.205,7.97,1012.2,0.31,1,0.866,-0.5,0.866,0.5,0.229,0.045,0.0026,80.51,152.1,0
34.02,9.45,40.9,142.5,0.0,0.15,0.33,36.56,11.55,3.599,4.8227,39.42,39.07,0.032,9.81,1005.0,9.51,1,-0.866,-0.5,-0.866,-0.5,0.38,0.618,0.7642,9.34,6.9,1
42.7,26.24,7.0,81.5,0.0,0.0,0.0,42.97,26.24,1.627,6.2725,56.12,42.7,0.0,20.94,1015.4,0.53,0,-1.0,-0.0,0.7071,-0.7071,0.013,0.0,0.0,100.0,180.0,0
33.17,24.73,36.48,201.5,0.0,0.01,0.04,35.04,25.97,1.341,3.8227,39.17,40.76,0.048,8.9,998.4,11.83,1,-0.866,-0.5,-0.5,-0.866,0.651,0.376,0.3152,7.03,7.9,1
30.88,31.07,17.21,199.3,0.16,3.13,1.17,32.68,33.82,0.994,3.0752,32.01,32.87,0.156,16.53,1016.1,5.54,1,0.0,-1.0,-0.866,-0.5,0.317,0.354,0.1082,15.13,53.5,1
44.55,15.16,44.76,218.6,0.0,0.06,0.04,47.14,19.31,2.938,7.9414,59.26,52.57,0.067,23.24,1000.4,10.9,1,-0.5,-0.866,0.0,-1.0,0.476,0.605,0.794,2.06,17.7,1
42.14,27.21,11.55,163.8,0.0,0.0,0.0,42.8,27.21,1.549,6.0134,51.72,42.14,0.0,20.72,1014.1,14.0,1,-0.866,-0.5,-1.0,-0.0,0.015,0.0,0.0,100.0,180.0,0
8.41,49.06,11.88,252.5,0.05,16.53,0.81,8.46,50.11,0.171,0.562,7.98,9.71,0.371,6.39,1024.5,1.51,0,0.866,0.5,-0.9659,-0.2588,0.17,0.074,0.0021,138.93,130.3,0
40.89,21.65,24.48,346.8,0.0,0.16,0.14,41.94,22.14,1.889,6.0589,52.56,44.6,0.066,16.07,997.9,8.99,1,-0.5,-0.866,-0.9659,-0.2588,0.419,0.919,0.6952,3.37,23.5,1
37.77,35.94,9.19,112.0,0.0,0.0,0.0,38.26,35.94,1.051,4.1923,44.08,37.77,0.0,25.81,1016.4,4.19,1,0.866,0.5,0.866,-0.5,0.007,0.0,0.0,100.0,180.0,0
14.03,70.64,4.09,354.1,0.72,1.21,15.02,11.78,70.84,0.199,0.4702,12.5,13.12,0.215,6.59,1013.3,2.07,1,0.866,0.5,-0.9659,0.2588,0.358,0.221,0.0155,100.11,133.6,0
36.25,42.42,6.29,308.4,0.0,0.0,0.0,36.61,42.42,0.855,3.4682,51.16,36.25,0.0,21.12,1018.6,12.35,0,-0.5,-0.866,-1.0,-0.0,0.011,0.0,0.0,100.0,180.0,0
41.12,19.36,25.75,121.0,0.0,0.0,0.0,42.35,19.36,2.124,6.3118,55.01,41.12,0.01,19.34,1018.4,14.46,1,0.866,0.5,0.0,1.0,0.028,0.0,0.0,100.0,180.0,0
36.73,23.8,24.79,57.6,0.0,0.06,0.24,38.76,26.56,1.543,4.7119,42.83,44.58,0.027,9.79,998.1,6.63,1,-0.5,-0.866,-0.9659,-0.2588,0.427,0.513,0.324,4.52,12.9,1
34.1,52.98,19.73,64.2,0.0,0.0,0.0,35.42,52.98,0.644,2.5153,39.96,34.1,0.01,20.52,1016.1,2.85,0,0.0,-1.0,0.5,0.866,0.001,0.0,0.0,100.0,180.0,0
36.73,23.43,11.05,186.1,0.0,0.0,0.0,39.56,23.43,1.568,4.735,40.51,36.73,0.0,14.27,1005.8,9.84,0,-0.5,0.866,-0.866,-0.5,0.031,0.0,0.0,100.0,180.0,0
46.66,64.87,28.89,148.5,0.0,0.0,0.0,49.58,64.87,0.719,3.6645,55.49,46.66,0.01,24.86,1012.0,10.85,1,0.866,-0.5,-0.5,-0.866,0.03,0.0,0.0,100.0,180.0,0
33.92,19.59,39.44,53.6,0.0,0.22,0.19,36.81,23.5,1.732,4.2592,44.39,40.17,0.076,4.89,995.5,8.95,1,-0.866,-0.5,-0.5,-0.866,0.496,0.609,0.4975,7.58,1.8,1
31.09,49.09,21.35,142.5,0.07,0.38,0.48,30.8,57.06,0.633,2.2984,34.27,32.12,0.095,13.18,1016.6,4.82,1,0.0,-1.0,-0.9659,-0.2588,0.349,0.477,0.1033,23.93,36.5,0
29.01,44.04,15.11,145.6,0.37,0.47,3.53,29.29,48.54,0.659,2.2426,31.91,33.0,0.097,13.65,1011.4,4.94,1,-0.866,-0.5,-0.7071,-0.7071,0.492,0.309,0.0979,10.47,28.1,0
33.37,20.28,22.13,279.2,0.0,0.08,0.01,35.62,21.58,1.645,4.093,38.73,38.0,0.02,8.76,996.6,11.18,1,-0.866,-0.5,-0.9659,-0.2588,0.506,0.788,0.6255,3.59,24.7,1
47.9,40.42,10.15,201.4,0.0,0.0,0.0,49.31,40.42,1.185,6.6169,62.04,47.9,0.01,21.88,1010.5,11.09,0,-0.5,-0.866,0.5,-0.866,0.01,0.0,0.0,100.0,180.0,0
14.56,59.19,10.49,131.7,1.39,8.04,0.93,14.32,63.38,0.246,0.6765,12.87,13.6,0.308,11.46,1013.1,1.22,0,-0.866,0.5,0.5,-0.866,0.507,0.18,0.0221,95.99,101.3,0
46.56,50.86,4.15,75.2,0.0,0.0,0.0,47.7,50.86,0.916,5.1009,49.1,46.56,0.0,16.66,1014.7,14.57,1,0.0,-1.0,-0.7071,0.7071,0.005,0.0,0.0,100.0,180.0,0
28.23,31.34,11.33,319.2,0.37,2.9,13.43,27.86,33.02,0.901,2.6301,29.81,31.84,0.101,10.84,1011.8,3.25,0,0.0,-1.0,0.5,-0.866,0.275,0.41,0.0984,29.75,62.1,0
36.83,11.76,41.4,271.4,0.0,0.03,0.11,36.94,13.46,3.132,5.4861,51.31,41.0,0.013,14.33,999.7,7.04,1,-0.866,-0.5,-0.2588,-0.9659,0.492,0.31,0.4403,3.04,0.5,1
33.81,42.2,10.24,17.3,2.31,1.23,1.86,34.13,48.4,0.801,3.0421,35.17,34.58,0.096,22.5,1009.8,3.76,1,-1.0,-0.0,-0.9659,0.2588,0.41,0.42,0.1348,10.27,45.2,1
38.51,57.27,21.79,165.0,0.0,0.0,0.0,39.49,57.27,0.672,2.9094,38.65,38.51,0.0,14.59,1015.9,3.83,0,-0.5,0.866,-0.2588,-0.9659,0.011,0.0,0.0,100.0,180.0,0
42.76,83.28,2.47,323.2,0.0,0.0,0.0,44.37,83.28,0.513,1.4261,46.35,42.76,0.0,19.05,1010.3,3.86,1,1.0,0.0,0.7071,-0.7071,0.027,0.0,0.0,100.0,180.0,0
30.21,40.36,16.09,118.5,0.27,0.83,0.76,31.78,42.09,0.748,2.5608,33.24,33.38,0.127,13.54,1014.4,4.21,1,-1.0,-0.0,-0.2588,-0.9659,0.427,0.484,0.1511,13.32,38.8,0
40.82,10.12,23.09,326.3,0.0,0.03,0.04,41.5,13.47,4.034,6.9256,51.18,49.57,0.038,20.7,998.8,9.82,1,-0.5,-0.866,-0.2588,-0.9659,0.839,0.676,2.0825,8.72,16.0,1
30.74,49.13,11.41,189.3,0.53,1.09,8.24,32.72,49.84,0.626,2.2509,35.7,32.34,0.129,18.72,1016.7,5.92,0,-0.866,-0.5,-0.866,-0.5,0.483,0.223,0.0659,10.05,26.2,0
28.04,82.89,11.37,240.3,0.0,0.0,0.0,30.54,82.89,0.338,0.6481,36.5,28.04,0.01,14.64,1006.5,1.08,1,-0.5,0.866,-0.7071,0.7071,0.003,0.0,0.0,100.0,180.0,0
28.28,46.06,15.2,11.6,0.44,0.64,0.4,29.38,51.56,0.614,2.0721,30.17,30.45,0.151,16.14,1009.2,3.84,1,-0.866,-0.5,0.7071,-0.7071,0.372,0.152,0.034,21.44,50.9,0
28.17,41.4,15.11,189.8,0.38,0.33,1.58,29.89,46.89,0.681,2.2372,29.17,30.89,0.104,13.76,1014.2,4.68,1,0.0,-1.0,-1.0,-0.0,0.44,0.284,0.0831,16.18,35.1,1
43.22,43.06,24.88,196.7,0.0,0.0,0.0,43.98,43.06,1.004,4.9762,55.05,43.22,0.0,8.39,1014.5,5.2,0,-0.866,0.5,0.866,-0.5,0.014,0.0,0.0,100.0,180.0,0
33.07,36.05,11.23,52.5,0.81,3.09,4.46,32.53,35.59,0.917,3.2293,35.95,35.88,0.172,16.38,1013.9,3.79,1,-0.5,-0.866,0.7071,-0.7071,0.299,0.327,0.0872,23.42,37.3,0
29.63,77.2,20.73,43.6,0.0,0.0,0.0,32.0,77.2,0.384,0.9466,31.65,29.63,0.0,4.0,1011.6,13.28,0,-0.5,-0.866,-0.2588,-0.9659,0.035,0.0,0.0,100.0,180.0,0
11.88,51.72,10.15,25.8,2.58,2.09,25.66,10.92,58.73,0.23,0.672,10.24,10.59,0.183,8.06,1023.0,2.44,0,1.0,0.0,0.7071,-0.7071,0.291,0.165,0.0109,81.83,159.8,0
38.18,21.71,34.64,224.9,0.0,0.0,0.01,40.57,25.15,1.759,5.2383,52.07,44.62,0.048,13.17,1009.1,11.44,1,-0.866,-0.5,-0.7071,-0.7071,0.695,0.847,0.99,3.86,7.4,1
33.91,36.16,20.33,182.0,0.88,1.32,3.01,34.02,42.16,0.938,3.3783,35.45,34.54,0.138,17.65,1011.7,4.91,0,0.0,-1.0,-0.5,-0.866,0.346,0.493,0.1559,31.18,49.5,1
18.91,68.94,9.06,104.7,0.25,23.46,32.66,18.68,69.84,0.274,0.6785,17.2,19.03,0.203,17.63,1012.0,2.3,1,1.0,0.0,-0.7071,0.7071,0.21,0.061,0.0034,135.56,143.5,0
39.59,34.82,10.15,21.0,0.0,0.0,0.0,39.73,34.82,1.137,4.7032,42.31,39.59,0.01,26.37,1017.3,7.04,0,0.866,-0.5,-0.2588,-0.9659,0.007,0.0,0.0,100.0,180.0,0
33.3,35.94,11.05,112.0,0.37,3.85,3.06,34.27,40.43,0.927,3.2774,36.91,34.27,0.134,16.69,1012.6,4.15,1,-0.5,-0.866,-0.2588,-0.9659,0.36,0.214,0.0694,13.37,60.3,0
28.33,36.45,16.79,253.8,0.41,0.04,3.33,27.67,43.66,0.777,2.4479,31.59,32.28,0.168,18.06,1013.7,5.69,1,-0.866,-0.5,-0.5,-0.866,0.435,0.494,0.1623,12.61,41.3,0
48.81,32.6,11.33,157.1,0.0,0.0,0.0,49.07,32.6,1.497,7.8363,51.08,48.81,0.01,31.84,1009.5,1.13,1,-1.0,-0.0,-0.866,0.5,0.038,0.0,0.0,100.0,180.0,0
42.26,9.9,22.26,212.5,0.0,0.01,0.59,42.78,11.91,4.266,7.4863,53.26,47.56,0.033,15.92,999.5,9.92,1,-0.5,-0.866,-0.2588,-0.9659,0.766,0.351,1.0424,2.84,20.0,1
42.33,22.87,16.08,33.8,0.0,0.11,0.12,45.13,23.14,1.851,6.4327,51.19,46.46,0.069,13.54,996.1,11.53,1,-0.866,-0.5,0.0,-1.0,0.681,0.637,0.769,2.9,18.8,1
22.17,62.98,14.78,100.1,4.24,1.72,3.65,22.72,68.85,0.352,0.9892,22.35,20.92,0.204,18.52,1018.6,1.69,0,0.866,0.5,-1.0,-0.0,0.394,0.238,0.0325,131.86,93.2,0
26.87,55.62,15.56,138.7,0.0,0.0,0.0,27.11,55.62,0.483,1.5698,31.37,26.87,0.0,16.26,1014.7,7.2,0,1.0,0.0,-0.9659,-0.2588,0.035,0.0,0.0,100.0,180.0,0
5.23,53.98,7.73,53.2,5.1,4.29,17.67,4.01,53.72,0.097,0.408,3.66,6.13,0.289,-0.9,1021.7,0.86,0,0.866,0.5,-0.866,-0.5,0.469,0.293,0.0131,75.49,152.4,0
33.21,48.71,18.64,236.0,0.12,5.73,3.1,34.97,48.26,0.682,2.6111,36.88,35.44,0.118,21.26,1014.7,4.77,1,0.0,-1.0,-0.5,-0.866,0.339,0.492,0.1114,23.58,32.0,0
33.49,13.82,20.39,120.4,0.0,0.16,0.29,33.98,14.63,2.424,4.4555,48.06,42.34,0.014,4.68,997.8,8.52,1,-0.5,-0.866,0.0,-1.0,0.763,0.666,1.1477,2.9,11.0,1
35.94,11.38,4.44,347.0,0.0,0.0,0.0,36.71,11.38,3.159,5.2474,38.17,35.94,0.01,13.9,1018.3,2.94,1,-0.5,-0.866,0.866,-0.5,0.015,0.0,0.0,100.0,180.0,0
33.61,46.75,11.0,263.6,1.36,4.18,1.15,35.41,44.87,0.719,2.7724,35.4,34.17,0.164,20.92,1008.6,3.52,0,-1.0,-0.0,0.0,-1.0,0.304,0.472,0.1009,31.82,49.0,0
9.4,56.21,2.39,143.8,0.14,1.19,6.02,10.21,63.95,0.167,0.5163,9.64,7.62,0.314,4.81,1023.5,1.54,0,0.866,-0.5,1.0,0.0,0.495,0.011,0.0009,62.92,136.8,0
28.41,41.64,22.69,220.9,0.0,0.0,0.0,29.9,41.64,0.682,2.2591,35.47,28.41,0.01,12.04,1007.4,4.72,0,-0.5,0.866,-0.2588,0.9659,0.014,0.0,0.0,100.0,180.0,0
43.19,13.7,43.02,239.0,0.0,0.04,0.26,44.62,14.58,3.153,7.5303,56.77,47.54,0.021,16.09,1005.7,11.36,1,-0.5,-0.866,0.0,-1.0,0.615,0.884,1.5973,4.28,23.7,1
29.51,41.59,11.45,88.4,0.66,1.31,9.04,30.78,44.05,0.71,2.4103,34.43,32.44,0.108,18.22,1016.7,5.66,0,-0.866,-0.5,-1.0,-0.0,0.302,0.49,0.1026,27.53,31.6,1
7.25,46.29,5.46,318.7,2.67,3.53,5.01,6.97,49.08,0.157,0.5473,8.57,6.71,0.223,1.47,1018.6,1.85,0,1.0,0.0,-0.5,-0.866,0.125,0.072,0.0014,64.14,169.7,0
24.87,70.27,8.55,224.3,3.22,1.22,30.68,25.01,72.78,0.354,0.9345,26.33,25.64,0.43,20.0,1018.9,1.28,0,0.866,0.5,-0.9659,-0.2588,0.342,0.022,0.0026,116.01,143.0,0
40.65,17.91,25.24,250.5,0.0,0.0,0.08,41.4,17.94,2.269,6.2669,48.97,45.42,0.064,14.22,996.9,6.28,1,-0.5,-0.866,-0.2588,-0.9659,0.735,0.664,1.0493,2.52,1.3,1
20.44,72.2,4.48,123.9,4.86,1.84,2.03,20.69,71.84,0.283,0.6679,19.63,19.58,0.31,14.67,1024.5,1.12,1,0.866,0.5,-0.866,-0.5,0.555,0.275,0.0426,149.24,149.0,0
6.26,47.63,14.51,194.7,0.63,14.47,7.69,3.37,48.92,0.131,0.4985,6.06,8.26,0.32,-0.67,1015.8,2.5,0,-0.866,0.5,-0.9659,0.2588,0.343,0.17,0.0075,89.43,143.1,0
31.16,36.12,19.89,311.5,0.07,0.64,0.23,30.51,38.88,0.863,2.896,33.89,34.03,0.164,17.7,1011.1,5.96,1,-0.5,-0.866,0.0,-1.0,0.385,0.332,0.1073,12.54,60.1,0
9.97,91.19,6.63,215.2,0.93,5.77,6.32,7.64,92.25,0.109,0.1079,11.86,10.53,0.226,7.48,1020.5,0.65,0,0.866,-0.5,-0.7071,0.7071,0.373,0.206,0.0083,136.94,154.7,0
42.32,57.2,4.62,237.8,0.0,0.0,0.0,44.74,57.2,0.74,3.5686,46.68,42.32,0.0,11.33,1017.3,12.74,1,-0.866,0.5,-0.9659,0.2588,0.039,0.0,0.0,100.0,180.0,0
48.89,35.6,15.26,219.0,0.0,0.0,0.0,49.82,35.6,1.373,7.5163,49.08,48.89,0.01,21.78,1008.7,5.41,0,0.866,0.5,-1.0,-0.0,0.014,0.0,0.0,100.0,180.0,0
29.45,41.13,13.06,219.4,0.59,1.0,0.24,30.41,45.61,0.716,2.4206,34.25,33.07,0.129,15.39,1009.9,3.56,0,-0.866,-0.5,-0.866,-0.5,0.349,0.3,0.0731,19.57,66.0,0
30.3,37.5,19.18,74.4,1.39,1.47,0.98,31.06,40.1,0.808,2.6983,33.53,32.18,0.128,14.78,1010.2,5.94,0,-0.866,-0.5,-0.866,-0.5,0.34,0.199,0.0531,22.11,60.5,0
29.78,38.39,10.07,76.3,0.5,0.16,5.54,30.08,45.89,0.776,2.581,33.7,33.69,0.134,13.69,1014.8,5.31,0,-0.5,-0.866,0.2588,-0.9659,0.285,0.133,0.0287,33.45,42.1,0
30.97,54.23,15.66,206.1,0.0,0.0,0.0,32.36,54.23,0.571,2.0522,34.63,30.97,0.01,13.52,1019.9,10.02,1,0.866,-0.5,-0.7071,-0.7071,0.004,0.0,0.0,100.0,180.0,0
35.35,17.63,33.72,243.4,0.0,0.07,0.04,37.11,18.32,2.005,4.7215,42.38,40.23,0.045,8.74,1007.3,8.62,1,-0.5,-0.866,-0.2588,-0.9659,0.43,0.526,0.4295,3.85,17.4,1
39.03,15.69,30.47,203.5,0.0,0.12,0.19,41.46,18.43,2.487,5.9042,49.36,46.11,0.074,18.14,1001.9,9.85,1,-0.5,-0.866,0.0,-1.0,0.476,0.359,0.3997,3.55,15.5,1
51.72,43.18,27.37,337.5,0.0,0.0,0.0,52.26,43.18,1.198,7.6308,57.06,51.72,0.0,26.93,1013.2,8.13,1,-0.866,-0.5,0.0,-1.0,0.025,0.0,0.0,100.0,180.0,0
36.88,22.91,34.51,289.8,0.0,0.18,0.19,38.29,23.19,1.61,4.805,45.39,40.61,0.017,11.25,998.5,6.73,1,-0.5,-0.866,-0.2588,-0.9659,0.617,0.304,0.2898,0.96,4.2,1
42.42,14.27,34.16,190.9,0.0,0.23,0.09,43.21,17.92,2.972,7.186,49.02,49.46,0.028,20.71,1009.6,11.14,1,-0.5,-0.866,0.0,-1.0,0.53,0.557,0.8199,3.22,12.0,1
29.21,35.05,19.48,283.0,0.56,3.94,12.76,29.97,40.62,0.833,2.6332,31.53,29.81,0.177,14.64,1017.2,4.14,1,-0.866,-0.5,0.2588,-0.9659,0.295,0.383,0.0917,25.67,23.1,0
22.22,64.65,11.26,235.1,0.5,11.79,7.55,20.44,69.24,0.344,0.947,23.4,20.46,0.185,20.35,1012.6,0.92,0,-0.0,1.0,1.0,0.0,0.182,0.032,0.002,53.83,164.5,0
32.0,36.08,19.74,327.2,1.9,2.27,4.74,33.18,36.41,0.887,3.0399,35.19,32.5,0.096,21.32,1014.6,5.7,0,0.0,-1.0,-0.9659,-0.2588,0.385,0.487,0.162,34.26,37.2,0
47.64,52.41,15.17,336.2,0.0,0.0,0.0,49.49,52.41,0.909,5.2172,49.21,47.64,0.0,37.45,1008.0,5.61,1,0.866,0.5,0.9659,0.2588,0.02,0.0,0.0,100.0,180.0,0
33.75,40.14,11.19,0.2,0.22,3.05,1.2,34.2,46.53,0.841,3.1406,36.49,37.41,0.117,18.11,1011.4,3.43,1,-0.5,-0.866,-0.5,-0.866,0.428,0.171,0.0602,20.43,21.3,1
43.81,16.6,20.09,219.7,0.0,0.08,0.61,45.59,19.83,2.639,7.5133,52.22,47.27,0.065,19.82,1007.2,7.64,1,-0.866,-0.5,-0.2588,-0.9659,0.733,0.926,1.6894,7.33,10.2,1
40.09,12.13,28.46,137.0,0.0,0.05,0.05,41.3,14.95,3.304,6.5116,46.28,47.61,0.042,14.99,1007.1,11.31,1,-0.866,-0.5,-0.866,-0.5,0.356,0.894,0.9706,3.69,19.0,1
31.31,34.11,14.06,253.0,0.26,0.28,5.35,30.72,35.79,0.918,3.0125,32.86,31.92,0.14,15.94,1018.0,3.07,1,0.0,-1.0,-0.9659,-0.2588,0.311,0.34,0.0941,14.91,29.7,0
14.33,78.98,3.71,61.7,1.18,2.84,45.47,15.15,82.31,0.181,0.3433,15.62,15.52,0.27,10.44,1021.7,1.48,0,-0.5,0.866,-0.2588,0.9659,0.57,0.256,0.0261,57.35,155.6,0
5.58,72.67,5.82,334.4,0.77,6.83,49.66,4.23,80.53,0.077,0.2482,6.92,4.68,0.324,2.18,1012.4,3.0,1,0.866,-0.5,0.0,-1.0,0.277,0.15,0.0031,74.74,119.3,0
10.12,67.93,5.34,116.7,0.12,0.46,7.35,9.67,71.66,0.149,0.3969,11.28,11.4,0.281,8.21,1024.0,2.3,0,0.866,-0.5,-0.2588,-0.9659,0.132,0.033,0.0006,75.74,158.5,0
28.42,46.03,18.91,352.0,0.14,0.76,3.21,28.47,47.14,0.617,2.0907,30.3,30.86,0.115,14.73,1009.9,5.31,0,-1.0,-0.0,0.2588,-0.9659,0.218,0.19,0.0251,21.26,69.8,0
29.51,45.52,15.9,233.1,0.57,0.53,0.49,30.18,51.72,0.648,2.2477,33.1,32.73,0.13,17.34,1011.6,4.95,1,-0.5,-0.866,-0.7071,-0.7071,0.382,0.144,0.0349,23.25,68.0,0
32.44,46.48,20.8,326.0,0.13,3.31,3.78,32.1,48.84,0.698,2.6081,34.22,35.85,0.16,20.66,1015.2,4.59,1,-0.5,-0.866,0.7071,-0.7071,0.305,0.136,0.0283,30.42,23.9,0
33.08,11.43,34.76,231.2,0.0,0.0,0.61,33.57,11.86,2.895,4.4761,45.52,39.13,0.021,3.47,997.8,10.64,1,-0.5,-0.866,-0.866,-0.5,0.771,0.566,1.1603,6.42,6.5,1
26.78,30.14,6.13,101.8,0.0,0.0,0.0,27.54,30.14,0.889,2.4592,39.21,26.78,0.0,-3.71,1016.9,3.03,1,-1.0,-0.0,0.9659,-0.2588,0.009,0.0,0.0,100.0,180.0,0
25.85,55.38,28.69,231.4,0.0,0.0,0.0,25.92,55.38,0.467,1.4865,33.41,25.85,0.01,-1.63,1013.5,4.1,1,0.866,0.5,-0.866,0.5,0.017,0.0,0.0,100.0,180.0,0
33.77,33.78,21.72,131.8,0.02,1.35,0.68,34.41,33.15,1.0,3.4773,38.28,34.77,0.132,16.7,1017.0,5.42,1,-0.866,-0.5,-1.0,-0.0,0.349,0.498,0.1684,27.67,66.4,1
18.38,91.0,2.69,262.9,0.07,8.55,5.64,16.12,94.56,0.202,0.1903,19.37,17.96,0.309,10.87,1024.5,0.48,1,-0.866,0.5,0.7071,0.7071,0.394,0.217,0.0171,124.86,139.3,0
38.91,11.0,35.01,349.9,0.0,0.02,0.01,40.06,15.61,3.538,6.1924,49.92,43.23,0.022,9.72,998.2,6.66,1,-0.5,-0.866,-0.5,-0.866,0.79,0.388,0.9929,6.42,4.0,1
28.11,42.83,12.98,241.5,0.07,1.41,6.49,28.76,44.9,0.656,2.1752,29.78,28.64,0.108,13.52,1010.0,5.67,1,-1.0,-0.0,-0.7071,-0.7071,0.29,0.395,0.0735,25.06,54.9,0
36.88,13.81,31.01,326.2,0.0,0.03,0.01,37.8,13.93,2.67,5.3715,42.87,40.6,0.036,8.86,999.9,8.97,1,-0.5,-0.866,-0.9659,-0.2588,0.457,0.787,0.8945,0.56,10.7,1
44.4,19.83,33.59,41.0,0.0,0.04,0.38,47.07,23.93,2.239,7.447,58.27,48.94,0.07,15.58,1003.1,8.51,1,-0.866,-0.5,-0.7071,-0.7071,0.585,0.455,0.5676,4.38,6.4,1
9.55,61.21,14.24,258.6,0.3,25.96,5.03,7.22,70.04,0.156,0.4622,10.89,7.87,0.182,2.54,1013.6,1.59,0,0.5,-0.866,0.5,0.866,0.33,0.246,0.0125,138.78,174.7,0
43.53,9.28,29.9,109.4,0.0,0.16,0.06,44.21,13.11,4.692,8.0569,57.88,47.28,0.027,15.18,996.8,11.97,1,-0.866,-0.5,-0.866,-0.5,0.455,0.473,0.9105,0.81,20.9,1
30.57,57.82,14.5,265.6,0.0,0.0,0.0,31.79,57.82,0.529,1.849,37.87,30.57,0.0,9.47,1014.7,9.21,0,0.866,-0.5,-0.9659,0.2588,0.017,0.0,0.0,100.0,180.0,0
30.44,37.17,18.46,200.5,0.17,1.56,0.79,29.51,36.87,0.819,2.7347,32.24,32.6,0.176,15.91,1010.6,3.76,1,0.0,-1.0,-0.5,-0.866,0.356,0.443,0.1258,21.96,68.7,0
35.97,42.06,14.11,67.4,0.0,0.0,0.0,38.39,42.06,0.855,3.436,37.76,35.97,0.0,13.54,1019.5,9.48,1,0.5,-0.866,0.866,0.5,0.032,0.0,0.0,100.0,180.0,0
42.87,20.89,21.48,222.1,0.0,0.03,0.13,43.02,21.87,2.052,6.7885,51.76,51.32,0.074,20.42,1006.4,8.03,1,-0.866,-0.5,-0.2588,-0.9659,0.489,0.484,0.4638,1.78,19.1,1
37.64,20.28,30.44,154.7,0.0,0.09,0.43,39.34,24.47,1.856,5.1795,44.7,47.52,0.022,13.11,1001.0,10.54,1,-0.866,-0.5,-0.9659,-0.2588,0.835,0.43,0.6351,0.74,18.5,1
38.3,22.65,21.03,108.5,0.0,0.13,0.17,39.49,24.31,1.691,5.207,49.13,45.76,0.076,17.9,1008.3,8.16,1,-0.866,-0.5,-0.7071,-0.7071,0.385,0.5,0.3113,4.24,22.9,1
20.6,87.64,9.9,353.8,0.51,4.38,6.13,17.89,97.12,0.235,0.3,18.76,21.88,0.18,13.19,1012.5,2.43,1,-0.0,1.0,0.0,1.0,0.121,0.107,0.003,148.39,156.9,0
28.77,47.88,11.31,322.4,0.64,5.0,0.59,28.29,48.54,0.601,2.0603,33.06,32.72,0.107,15.81,1013.3,4.89,1,-1.0,-0.0,-0.9659,-0.2588,0.284,0.484,0.0809,18.08,55.4,1
27.47,76.33,26.61,286.4,0.0,0.0,0.0,29.17,76.33,0.36,0.8672,33.35,27.47,0.01,3.22,1009.5,8.74,0,-0.866,-0.5,-0.5,-0.866,0.023,0.0,0.0,100.0,180.0,0
36.1,11.09,34.7,48.1,0.0,0.09,0.14,38.5,15.48,3.256,5.3098,46.6,42.31,0.012,8.8,1005.3,8.63,1,-0.866,-0.5,-0.9659,-0.2588,0.621,0.443,0.8213,4.89,0.3,1
10.12,76.36,12.35,134.8,6.82,16.7,0.13,10.09,86.16,0.133,0.2926,11.09,9.91,0.44,4.64,1016.8,0.93,1,0.866,-0.5,-0.866,0.5,0.569,0.007,0.0005,61.13,132.5,0
48.99,33.52,2.62,348.1,0.0,0.0,0.0,51.48,33.52,1.462,7.7989,60.76,48.99,0.0,18.26,1012.2,2.85,1,0.5,0.866,0.9659,-0.2588,0.027,0.0,0.0,100.0,180.0,0
51.07,23.94,14.62,328.0,0.0,0.0,0.0,53.62,23.94,2.133,9.8935,57.72,51.07,0.01,31.22,1017.7,3.55,1,-0.5,0.866,-1.0,-0.0,0.026,0.0,0.0,100.0,180.0,0
46.12,51.09,10.8,315.2,0.0,0.0,0.0,48.47,51.09,0.903,4.9642,47.45,46.12,0.01,18.04,1019.2,0.3,0,0.5,-0.866,-0.9659,-0.2588,0.038,0.0,0.0,100.0,180.0,0
40.47,8.22,26.39,287.2,0.0,0.15,0.09,42.1,9.53,4.923,6.9422,49.69,50.36,0.061,17.27,998.2,8.64,1,-0.866,-0.5,-0.9659,-0.2588,0.376,0.689,1.1375,2.94,1.0,1
28.94,44.67,21.09,117.3,0.6,0.81,0.55,30.84,50.74,0.648,2.2083,32.51,32.8,0.107,13.24,1017.8,5.82,0,-1.0,-0.0,-0.866,-0.5,0.41,0.101,0.0263,34.97,50.8,0
31.69,37.21,15.75,112.1,0.64,0.59,0.11,32.1,38.45,0.852,2.9344,34.35,31.84,0.162,17.32,1017.9,3.41,1,-0.5,-0.866,-0.866,-0.5,0.493,0.205,0.0839,23.52,21.6,0
29.35,46.71,21.17,321.7,1.03,1.52,3.16,30.15,50.73,0.628,2.1774,31.85,30.97,0.103,16.68,1013.0,5.42,1,-0.866,-0.5,-0.5,-0.866,0.208,0.152,0.0194,21.36,61.3,0
30.95,61.61,19.8,183.4,0.0,0.0,0.0,32.71,61.61,0.502,1.7193,40.85,30.95,0.01,-0.79,1006.9,6.25,1,0.5,0.866,0.0,1.0,0.006,0.0,0.0,100.0,180.0,0
42.83,6.59,10.03,237.0,0.0,0.0,0.0,45.6,6.59,6.5,7.9967,43.64,42.83,0.0,8.44,1020.0,1.98,1,0.0,-1.0,1.0,0.0,0.009,0.0,0.0,100.0,180.0,0
44.76,13.81,42.05,308.7,0.0,0.03,0.36,46.78,14.75,3.241,8.1575,54.81,47.88,0.076,20.66,995.5,7.02,1,-0.866,-0.5,-0.2588,-0.9659,0.453,0.834,1.1423,5.55,8.7,1
25.09,45.25,14.7,343.4,0.0,0.0,0.0,27.96,45.25,0.555,1.7442,39.71,25.09,0.01,6.19,1012.9,0.92,1,0.0,-1.0,-1.0,-0.0,0.014,0.0,0.0,100.0,180.0,0
44.24,20.24,25.78,314.2,0.0,0.04,0.34,46.21,20.97,2.186,7.3493,49.25,53.62,0.024,14.35,1003.8,10.39,1,-0.866,-0.5,-0.9659,-0.2588,0.584,0.944,1.1474,8.07,18.4,1
49.68,11.63,15.44,347.8,0.0,0.0,0.0,52.64,11.63,4.273,10.7304,63.1,49.68,0.01,17.2,1009.0,2.79,1,0.0,-1.0,0.866,-0.5,0.014,0.0,0.0,100.0,180.0,0
44.46,15.23,29.58,354.3,0.0,0.05,0.3,47.43,19.28,2.919,7.8994,58.59,48.37,0.016,18.3,1000.3,7.7,1,-0.5,-0.866,-0.5,-0.866,0.432,0.8,0.948,7.31,13.6,1
40.08,21.91,24.74,15.7,0.0,0.12,0.26,41.25,26.87,1.83,5.7841,54.98,49.36,0.035,19.56,1004.4,10.58,1,-0.866,-0.5,-0.7071,-0.7071,0.588,0.82,0.8443,9.64,14.4,1
12.14,55.79,6.79,218.7,3.45,30.11,23.26,11.25,63.08,0.218,0.6257,12.5,13.01,0.284,10.54,1021.3,2.39,0,-0.0,1.0,0.9659,0.2588,0.179,0.194,0.0074,120.05,94.5,0
8.62,50.9,12.36,304.3,1.08,16.37,15.21,7.74,59.95,0.169,0.5494,9.91,6.83,0.2,6.91,1019.4,2.16,1,1.0,0.0,0.0,-1.0,0.199,0.069,0.0023,115.55,161.0,0
37.21,10.73,19.5,207.8,0.0,0.19,0.12,39.03,13.42,3.467,5.6646,47.36,43.59,0.021,10.1,1004.9,9.1,1,-0.5,-0.866,-0.866,-0.5,0.644,0.692,1.4132,4.35,19.6,1
43.71,10.11,17.45,140.9,0.0,0.12,0.06,45.04,12.14,4.322,8.0581,56.31,47.51,0.029,21.4,1001.6,6.68,1,-0.866,-0.5,-0.9659,-0.2588,0.729,0.767,2.1991,9.99,0.4,1
33.55,18.43,42.68,349.8,0.0,0.07,0.09,33.94,19.12,1.82,4.2302,48.38,40.51,0.077,7.01,1006.2,8.65,1,-0.5,-0.866,-0.2588,-0.9659,0.805,0.766,1.064,6.63,22.1,1
21.46,61.5,10.09,189.2,0.99,4.03,41.41,18.99,59.54,0.349,0.985,21.6,21.14,0.326,19.12,1018.4,0.89,0,0.866,0.5,-0.5,-0.866,0.542,0.102,0.019,114.12,85.3,0
37.06,19.42,18.61,23.5,0.0,0.18,0.04,39.25,21.78,1.908,5.0714,43.12,43.52,0.049,15.0,997.1,6.85,1,-0.866,-0.5,0.0,-1.0,0.493,0.843,0.7542,0.67,4.7,1
12.93,48.43,6.63,186.3,0.55,0.98,12.25,12.85,53.82,0.267,0.7687,13.25,12.9,0.341,5.16,1019.5,2.46,0,0.5,-0.866,0.0,1.0,0.326,0.11,0.0094,121.66,103.6,0
33.68,14.34,39.42,229.1,0.0,0.14,0.69,34.56,18.05,2.349,4.4751,43.07,40.98,0.036,10.43,1009.0,11.19,1,-0.866,-0.5,-0.9659,-0.2588,0.684,0.629,0.9446,8.09,7.5,1
8.65,59.62,9.29,40.0,4.63,2.06,3.01,6.11,69.3,0.145,0.4528,9.72,7.63,0.284,6.17,1014.2,2.4,0,0.866,0.5,1.0,0.0,0.286,0.068,0.0028,109.26,82.8,0
29.13,38.93,13.71,0.9,0.58,0.46,6.1,30.36,40.87,0.748,2.4644,32.62,32.36,0.124,18.79,1015.9,3.4,1,-0.5,-0.866,0.7071,-0.7071,0.214,0.243,0.0379,27.04,69.6,1
28.36,30.11,16.9,338.6,1.8,4.56,10.97,30.17,33.39,0.942,2.698,29.48,31.26,0.162,13.21,1010.3,3.35,1,-1.0,-0.0,-0.5,-0.866,0.324,0.264,0.0779,29.24,65.0,1
12.29,49.9,3.41,211.6,1.8,11.21,34.48,12.36,51.24,0.246,0.7164,13.49,14.24,0.34,5.93,1023.0,2.66,0,-0.5,0.866,0.5,0.866,0.115,0.031,0.0009,61.92,112.3,0
48.59,10.35,28.51,352.2,0.0,0.0,0.0,51.58,10.35,4.695,10.3099,62.4,48.59,0.01,14.2,1013.1,13.29,1,1.0,0.0,-0.2588,0.9659,0.007,0.0,0.0,100.0,180.0,0
51.66,18.58,19.18,64.6,0.0,0.0,0.0,53.2,18.58,2.78,10.8995,64.96,51.66,0.0,20.5,1017.0,2.85,0,-0.5,0.866,-0.5,0.866,0.005,0.0,0.0,100.0,180.0,0
16.35,45.11,10.9,331.4,0.69,2.06,1.25,14.41,47.4,0.362,1.0202,15.26,17.54,0.431,11.68,1022.4,2.2,0,0.866,-0.5,0.866,-0.5,0.203,0.031,0.0022,76.17,133.6,0
31.6,36.47,13.29,310.7,0.89,0.49,2.33,33.45,41.0,0.866,2.9528,33.79,31.95,0.151,20.24,1017.8,5.51,1,-1.0,-0.0,-0.7071,-0.7071,0.261,0.287,0.0632,30.44,67.8,0
28.72,36.36,16.72,234.7,0.12,0.23,6.84,28.79,39.94,0.79,2.5078,30.85,29.66,0.156,13.73,1014.8,5.68,1,-0.5,-0.866,-0.7071,-0.7071,0.498,0.331,0.1267,10.23,51.5,0
12.12,81.68,10.27,48.5,9.37,0.19,6.53,11.6,87.81,0.148,0.259,13.05,10.54,0.352,9.15,1021.8,2.38,0,1.0,0.0,0.0,1.0,0.47,0.201,0.0138,141.59,147.5,0
44.53,20.22,35.03,228.3,0.0,0.08,0.08,45.45,21.5,2.202,7.4631,51.63,49.3,0.035,16.11,1008.8,6.31,1,-0.866,-0.5,-0.866,-0.5,0.694,0.891,1.2978,6.18,1.7,1
7.97,78.78,12.95,237.2,8.46,7.07,0.49,5.31,83.84,0.101,0.2272,6.01,6.92,0.389,5.64,1014.5,2.65,0,0.866,-0.5,1.0,0.0,0.532,0.038,0.002,115.3,173.7,0
43.96,5.3,10.56,315.6,0.0,0.0,0.0,44.34,5.3,8.298,8.5999,54.41,43.96,0.01,14.96,1006.6,12.77,1,-1.0,-0.0,-0.7071,0.7071,0.009,0.0,0.0,100.0,180.0,0
43.91,13.57,40.34,220.7,0.0,0.18,0.1,45.31,15.84,3.237,7.8297,49.34,53.58,0.021,14.96,1003.0,8.79,1,-0.866,-0.5,0.0,-1.0,0.455,0.352,0.4827,6.7,4.1,1
31.16,31.65,11.85,294.4,0.06,1.02,4.98,30.26,34.12,0.985,3.0986,32.52,34.67,0.12,16.68,1016.0,3.78,1,0.0,-1.0,-0.9659,-0.2588,0.272,0.272,0.0708,15.45,38.1,1
43.97,17.21,22.88,55.2,0.0,0.0,0.0,44.41,17.21,2.554,7.5215,56.15,43.97,0.01,28.68,1005.6,14.0,1,0.866,-0.5,0.5,-0.866,0.018,0.0,0.0,100.0,180.0,0
39.25,83.26,10.8,82.8,0.0,0.0,0.0,39.73,83.26,0.471,1.1861,39.99,39.25,0.01,25.34,1017.8,2.99,0,0.5,0.866,-0.2588,0.9659,0.03,0.0,0.0,100.0,180.0,0
43.78,18.31,37.09,89.8,0.0,0.04,0.39,46.73,20.1,2.391,7.3503,52.18,51.37,0.056,19.14,1001.1,11.54,1,-0.5,-0.866,-0.7071,-0.7071,0.743,0.916,1.5427,5.8,10.1,1
40.74,21.55,22.42,107.5,0.0,0.03,0.01,42.72,24.11,1.89,6.0185,48.26,48.27,0.046,16.44,996.8,9.1,1,-0.5,-0.866,-0.5,-0.866,0.584,0.417,0.4399,8.24,2.6,1
42.5,19.86,28.96,253.3,0.0,0.26,0.29,43.73,24.14,2.14,6.7449,50.5,51.4,0.079,16.99,1007.9,11.23,1,-0.5,-0.866,-0.5,-0.866,0.463,0.38,0.3585,8.09,8.5,1
31.16,33.74,20.52,318.6,0.15,0.06,1.72,30.75,38.05,0.924,3.0048,33.67,33.48,0.148,14.25,1014.7,5.25,1,-1.0,-0.0,0.2588,-0.9659,0.323,0.46,0.1334,16.71,41.6,0
42.69,23.95,22.41,250.4,0.0,0.12,0.06,43.72,26.86,1.782,6.4643,57.21,51.53,0.014,14.97,998.7,9.89,1,-0.5,-0.866,-0.7071,-0.7071,0.378,0.896,0.579,9.9,2.1,1
34.13,9.77,15.17,327.3,0.0,0.05,0.43,34.79,12.62,3.493,4.8337,41.53,38.61,0.06,9.47,1002.4,6.63,1,-0.866,-0.5,-0.9659,-0.2588,0.62,0.76,1.4933,2.25,18.5,1
16.25,87.84,9.66,198.1,0.63,0.62,8.86,16.94,94.86,0.185,0.2246,17.41,17.58,0.403,15.14,1020.3,3.0,0,-0.0,1.0,-0.9659,-0.2588,0.277,0.177,0.009,139.19,128.0,0
36.5,53.69,5.39,311.3,0.0,0.0,0.0,39.38,53.69,0.68,2.8283,36.79,36.5,0.0,10.59,1017.3,11.52,0,-0.5,0.866,0.0,1.0,0.007,0.0,0.0,100.0,180.0,0
30.02,38.06,18.76,172.3,0.22,2.83,1.14,30.07,44.31,0.789,2.6317,33.82,32.84,0.158,14.12,1010.9,5.07,1,-1.0,-0.0,-0.2588,-0.9659,0.273,0.497,0.1042,10.33,33.4,1
32.47,44.33,15.34,158.4,0.1,1.4,2.39,31.88,45.74,0.733,2.7184,35.02,35.69,0.173,20.59,1008.5,5.78,1,-0.5,-0.866,0.2588,-0.9659,0.261,0.248,0.0462,30.85,33.8,0
7.08,58.09,10.86,79.1,2.11,5.47,25.4,7.0,57.38,0.122,0.4222,6.39,7.68,0.395,5.89,1022.6,1.65,1,-0.5,0.866,0.0,1.0,0.348,0.214,0.0089,59.74,81.7,0
20.33,94.95,6.47,312.1,0.96,0.13,2.15,18.0,98.66,0.214,0.1206,21.66,19.5,0.293,15.0,1014.1,0.2,0,1.0,0.0,-0.5,-0.866,0.456,0.103,0.01,146.53,114.7,0
41.08,48.71,11.4,18.0,0.0,0.0,0.0,43.99,48.71,0.844,4.0071,52.83,41.08,0.0,17.59,1009.7,5.51,1,-0.0,1.0,-0.866,0.5,0.032,0.0,0.0,100.0,180.0,0
33.49,10.21,15.36,229.3,0.0,0.21,0.22,35.34,13.39,3.28,4.6421,47.16,37.54,0.051,4.02,999.0,11.74,1,-0.5,-0.866,-0.5,-0.866,0.561,0.425,0.7126,3.29,9.0,1
39.02,10.65,35.03,313.4,0.0,0.03,0.34,40.28,13.07,3.662,6.2525,49.2,42.25,0.056,14.67,1002.5,7.5,1,-0.5,-0.866,-0.7071,-0.7071,0.52,0.51,0.8877,8.84,17.1,1
48.76,86.03,16.8,12.6,0.0,0.0,0.0,51.62,86.03,0.567,1.6195,51.26,48.76,0.01,27.24,1006.7,13.78,1,1.0,0.0,-0.7071,0.7071,0.027,0.0,0.0,100.0,180.0,0
32.32,37.7,13.68,13.2,0.45,3.8,0.27,31.68,42.21,0.857,3.0161,36.07,34.54,0.153,15.48,1013.1,5.86,1,-0.5,-0.866,-0.2588,-0.9659,0.452,0.179,0.0675,11.71,46.3,0
37.66,9.41,25.6,234.4,0.0,0.02,0.32,39.38,13.01,4.003,5.8912,48.82,45.99,0.015,12.34,1006.0,11.78,1,-0.866,-0.5,0.0,-1.0,0.508,0.519,0.9539,2.62,6.1,1
18.82,94.89,5.62,266.0,1.04,21.33,8.06,19.14,101.96,0.198,0.111,18.44,18.86,0.216,17.6,1023.4,2.6,0,-0.5,0.866,-0.866,0.5,0.569,0.17,0.019,56.78,80.1,0
44.42,74.76,4.91,151.2,0.0,0.0,0.0,44.87,74.76,0.594,2.3475,56.35,44.42,0.01,14.37,1016.4,2.09,1,1.0,0.0,-0.866,0.5,0.029,0.0,0.0,100.0,180.0,0
28.71,32.17,17.78,35.2,0.2,7.54,3.59,29.82,33.85,0.892,2.6719,33.23,29.51,0.13,15.51,1013.1,5.85,1,-1.0,-0.0,0.0,-1.0,0.385,0.442,0.1473,14.05,37.4,0
49.9,56.7,16.81,38.0,0.0,0.0,0.0,51.26,56.7,0.88,5.3163,57.03,49.9,0.01,17.71,1012.1,5.09,1,-0.866,0.5,0.2588,0.9659,0.002,0.0,0.0,100.0,180.0,0
38.62,14.83,24.17,155.0,0.0,0.0,0.23,38.74,17.58,2.604,5.8351,49.12,41.68,0.038,16.15,1005.0,11.89,1,-0.866,-0.5,0.0,-1.0,0.786,0.314,0.6016,5.21,14.4,1
42.03,80.07,16.9,16.1,0.0,0.0,0.0,42.04,80.07,0.525,1.6361,45.29,42.03,0.01,23.85,1019.8,9.57,0,0.5,0.866,-0.5,0.866,0.035,0.0,0.0,100.0,180.0,0
30.58,43.87,14.07,23.6,0.01,1.93,10.22,29.99,43.44,0.697,2.4612,33.31,32.87,0.152,14.23,1014.8,4.97,1,-0.5,-0.866,0.7071,-0.7071,0.226,0.231,0.0356,11.18,24.0,1
8.73,83.03,9.25,162.6,0.56,15.04,4.5,5.78,86.87,0.105,0.1912,9.82,9.28,0.308,2.66,1024.0,2.85,0,-0.5,0.866,-1.0,-0.0,0.313,0.146,0.0047,55.88,111.6,0
44.41,16.6,16.26,84.6,0.0,0.0,0.0,44.61,16.6,2.675,7.7504,53.34,44.41,0.0,22.88,1010.3,2.04,1,0.5,0.866,0.0,1.0,0.003,0.0,0.0,100.0,180.0,0
19.84,45.21,4.77,326.2,3.15,2.4,39.26,19.61,51.32,0.439,1.2686,21.57,19.98,0.392,13.63,1019.4,2.26,0,0.866,-0.5,0.866,-0.5,0.304,0.096,0.0126,119.35,157.0,0
37.64,78.86,18.07,42.3,0.0,0.0,0.0,39.85,78.86,0.477,1.3737,38.31,37.64,0.01,7.39,1013.5,2.15,1,0.866,-0.5,-0.866,-0.5,0.033,0.0,0.0,100.0,180.0,0
38.59,19.1,26.89,38.0,0.0,0.01,0.1,41.34,19.22,2.021,5.532,51.27,45.09,0.071,16.52,1001.3,11.7,1,-0.5,-0.866,-0.7071,-0.7071,0.548,0.747,0.7853,5.86,12.8,1
31.67,69.8,16.95,314.9,0.0,0.0,0.0,34.65,69.8,0.454,1.4088,44.87,31.67,0.0,7.43,1006.3,5.42,0,0.866,-0.5,-0.5,-0.866,0.009,0.0,0.0,100.0,180.0,0
37.67,19.77,17.03,100.8,0.0,0.14,0.39,38.75,24.0,1.906,5.221,50.69,43.07,0.033,12.33,997.8,6.76,1,-0.866,-0.5,-0.866,-0.5,0.477,0.307,0.2655,9.52,19.3,1
9.23,45.34,6.0,332.9,0.74,10.09,18.83,7.5,44.9,0.204,0.6373,8.56,8.94,0.242,7.4,1023.9,0.36,1,1.0,0.0,-1.0,-0.0,0.545,0.119,0.0129,58.54,147.4,0
39.43,20.65,33.95,138.2,0.0,0.01,0.14,40.29,23.26,1.91,5.6769,51.92,44.38,0.036,16.58,1007.7,8.81,1,-0.866,-0.5,-0.866,-0.5,0.672,0.572,0.7004,3.6,13.7,1
28.53,45.53,15.67,127.6,0.8,1.3,2.37,28.46,49.43,0.627,2.123,30.73,30.85,0.123,16.82,1016.7,5.27,1,-0.866,-0.5,-0.9659,0.2588,0.406,0.449,0.1119,33.54,45.2,0
24.38,50.55,8.54,267.0,0.56,5.04,8.69,21.96,55.42,0.482,1.5097,26.36,25.15,0.294,22.45,1021.4,1.25,0,0.866,0.5,-0.5,-0.866,0.528,0.105,0.0261,121.0,101.0,0
38.93,24.51,43.73,87.1,0.0,0.03,0.01,41.41,27.96,1.589,5.2589,47.48,47.06,0.028,11.01,1005.4,11.39,1,-0.5,-0.866,-0.5,-0.866,0.685,0.838,0.8764,7.94,3.9,1
16.25,74.65,10.36,20.9,2.17,7.77,39.19,14.71,74.52,0.218,0.4682,16.41,17.82,0.36,11.36,1013.0,1.91,0,0.5,-0.866,0.7071,0.7071,0.356,0.018,0.0014,50.46,89.0,0
23.73,91.11,5.06,114.6,1.96,5.96,2.24,21.57,90.2,0.26,0.2609,24.74,22.65,0.23,18.83,1014.1,2.21,0,-0.5,0.866,0.9659,0.2588,0.339,0.251,0.0219,123.7,115.0,0
7.61,70.94,5.32,47.1,0.8,13.27,3.5,5.35,69.86,0.107,0.3036,8.56,8.57,0.361,3.89,1017.6,1.58,1,0.866,0.5,0.9659,-0.2588,0.213,0.072,0.0016,80.57,90.9,0
10.44,74.32,4.04,8.4,6.45,6.62,1.64,11.09,80.34,0.14,0.3247,9.36,8.63,0.27,5.22,1016.3,0.83,1,0.866,-0.5,0.5,-0.866,0.478,0.274,0.0181,108.78,143.9,0
39.51,10.6,17.17,337.5,0.0,0.02,0.06,40.83,12.81,3.728,6.4242,50.87,46.05,0.066,11.94,996.2,11.84,1,-0.5,-0.866,-0.866,-0.5,0.354,0.567,0.6839,8.06,17.6,1
25.56,42.69,2.72,148.3,0.0,0.0,0.0,25.76,42.69,0.599,1.8766,27.24,25.56,0.0,-1.87,1011.9,12.45,0,0.0,-1.0,-0.2588,-0.9659,0.025,0.0,0.0,100.0,180.0,0
21.35,49.95,14.01,48.5,2.25,17.07,2.17,20.36,52.48,0.427,1.2718,23.21,19.61,0.435,16.78,1020.1,1.61,0,0.866,-0.5,0.866,-0.5,0.389,0.256,0.0418,140.86,175.6,0
25.17,48.55,16.62,178.8,0.0,0.0,0.0,27.61,48.55,0.518,1.6464,30.86,25.17,0.0,-9.37,1006.6,2.18,0,0.866,-0.5,1.0,0.0,0.013,0.0,0.0,100.0,180.0,0
12.59,73.69,5.17,254.1,1.69,2.39,4.0,9.92,79.86,0.171,0.3836,12.0,12.02,0.447,8.84,1021.3,0.93,0,0.866,-0.5,0.2588,-0.9659,0.232,0.074,0.0029,50.61,173.7,0
42.54,11.82,28.64,71.3,0.0,0.1,0.15,43.68,15.21,3.599,7.4365,50.57,50.83,0.05,13.22,999.3,8.12,1,-0.866,-0.5,-0.9659,-0.2588,0.541,0.351,0.6312,3.46,2.1,1
11.25,48.1,10.81,56.8,0.62,14.75,6.31,9.58,48.12,0.234,0.6927,12.17,13.23,0.369,9.33,1023.2,2.41,1,0.5,-0.866,0.5,0.866,0.244,0.12,0.0067,78.18,155.7,0
38.91,18.75,28.84,330.0,0.0,0.12,0.09,40.96,21.53,2.075,5.6531,46.52,48.63,0.062,11.11,1008.2,9.98,1,-0.866,-0.5,-0.9659,-0.2588,0.8,0.809,1.2744,3.38,24.1,1
21.76,86.06,10.04,268.8,2.19,2.18,6.52,20.68,87.05,0.253,0.3633,21.92,21.98,0.281,18.38,1020.7,0.3,1,1.0,0.0,-0.9659,-0.2588,0.425,0.005,0.0005,96.65,97.3,0
14.86,47.33,11.93,309.2,2.92,2.55,17.36,15.64,48.2,0.314,0.89,14.23,15.61,0.214,8.61,1016.2,1.64,1,1.0,0.0,-0.7071,-0.7071,0.408,0.096,0.0121,138.22,125.2,0
41.01,24.55,36.49,55.6,0.0,0.02,0.05,41.09,25.37,1.671,5.8716,46.94,47.53,0.018,19.7,1009.1,9.54,1,-0.866,-0.5,-0.2588,-0.9659,0.42,0.571,0.3856,2.21,15.5,1
30.17,33.1,20.94,66.7,0.05,1.72,0.11,29.28,37.07,0.911,2.8659,34.13,30.2,0.119,15.31,1013.7,3.47,0,-0.866,-0.5,-0.866,-0.5,0.224,0.379,0.075,33.38,63.0,0
33.85,8.53,21.5,81.8,0.0,0.08,0.34,34.67,12.33,3.969,4.826,43.31,37.05,0.025,8.39,995.1,9.83,1,-0.5,-0.866,-0.9659,-0.2588,0.566,0.341,0.686,8.54,1.2,1
30.1,47.58,21.57,66.0,0.19,2.22,1.35,30.53,46.6,0.633,2.2372,33.01,32.67,0.129,14.29,1010.4,3.83,1,-0.5,-0.866,-0.9659,0.2588,0.433,0.288,0.0773,17.62,47.9,1
11.38,59.6,7.91,331.9,8.22,20.46,3.15,11.67,60.01,0.191,0.5437,11.34,10.76,0.332,10.37,1013.4,0.25,1,0.866,-0.5,-0.866,0.5,0.122,0.203,0.0046,65.89,94.6,0
37.39,49.36,8.35,166.4,0.0,0.0,0.0,38.66,49.36,0.757,3.2456,37.49,37.39,0.01,25.58,1006.5,4.0,1,0.866,-0.5,-0.5,0.866,0.024,0.0,0.0,100.0,180.0,0
35.59,23.24,28.9,228.4,0.0,0.04,0.02,38.09,23.9,1.532,4.4587,43.21,41.43,0.016,15.55,1007.8,7.15,1,-0.5,-0.866,-0.9659,-0.2588,0.701,0.757,0.7793,8.96,4.5,1
7.23,78.21,6.93,231.3,1.61,9.62,16.1,5.34,87.61,0.092,0.2218,8.74,6.22,0.352,2.0,1015.0,2.95,1,0.5,0.866,-0.866,0.5,0.47,0.188,0.008,117.97,135.6,0
34.29,16.18,36.19,282.2,0.0,0.05,0.11,35.09,19.16,2.12,4.5322,48.4,41.72,0.071,11.35,1004.6,11.31,1,-0.866,-0.5,-0.9659,-0.2588,0.352,0.354,0.2487,1.19,9.9,1
32.44,38.75,10.22,177.9,0.4,6.97,0.97,32.62,41.98,0.837,2.9854,35.94,35.37,0.179,21.45,1015.5,5.27,1,-0.866,-0.5,-0.866,-0.5,0.251,0.437,0.0895,11.21,63.3,0
33.63,48.68,20.75,276.4,1.51,0.3,15.95,35.51,50.32,0.691,2.6737,36.72,35.45,0.123,17.78,1016.8,4.91,1,-0.5,-0.866,-0.866,-0.5,0.378,0.423,0.1083,19.0,24.0,1
43.38,12.42,33.46,18.4,0.0,0.05,0.12,43.38,13.25,3.494,7.7166,53.48,52.62,0.069,13.93,1003.1,8.79,1,-0.866,-0.5,-0.9659,-0.2588,0.397,0.519,0.6653,5.47,24.0,1
27.78,27.52,27.84,345.1,0.0,0.0,0.0,30.76,27.52,1.01,2.7056,41.0,27.78,0.0,12.88,1007.7,2.62,1,-0.866,-0.5,0.866,0.5,0.004,0.0,0.0,100.0,180.0,0
38.11,36.3,25.28,161.4,0.0,0.0,0.0,40.79,36.3,1.05,4.2446,43.49,38.11,0.01,18.54,1016.4,4.15,0,-0.866,-0.5,0.866,-0.5,0.031,0.0,0.0,100.0,180.0,0
49.49,49.67,29.96,345.8,0.0,0.0,0.0,52.03,49.67,0.996,6.0537,62.21,49.49,0.01,39.4,1008.5,2.75,1,-0.5,0.866,-0.866,-0.5,0.012,0.0,0.0,100.0,180.0,0
40.92,23.44,24.76,29.0,0.0,0.1,0.15,41.23,26.23,1.745,5.929,47.45,44.31,0.066,12.17,999.9,10.69,1,-0.5,-0.866,0.0,-1.0,0.394,0.86,0.5679,6.21,1.5,1
32.89,30.68,11.71,279.6,0.0,0.0,0.0,35.24,30.68,1.072,3.4643,34.18,32.89,0.0,10.98,1013.4,14.53,1,-0.5,0.866,0.866,-0.5,0.036,0.0,0.0,100.0,180.0,0
28.41,44.74,10.41,218.2,0.48,5.49,1.53,29.11,52.62,0.635,2.1387,30.54,30.75,0.118,11.98,1013.7,5.31,1,-0.866,-0.5,-0.5,-0.866,0.311,0.235,0.0454,29.37,64.9,0
8.96,47.98,6.57,0.2,5.36,0.41,4.71,8.85,48.47,0.187,0.5954,7.0,7.22,0.356,4.99,1016.2,1.47,0,0.866,0.5,-0.9659,0.2588,0.421,0.085,0.0065,118.1,89.4,0
13.75,58.57,10.69,107.6,0.9,6.28,21.65,13.45,58.82,0.235,0.6518,13.53,13.37,0.4,9.6,1024.3,0.55,1,0.5,-0.866,-0.9659,0.2588,0.46,0.176,0.0186,139.88,172.8,0
38.02,11.82,16.84,314.7,0.0,0.0,0.01,39.52,14.11,3.218,5.8478,49.17,47.51,0.065,8.84,1000.5,7.62,1,-0.866,-0.5,-0.9659,-0.2588,0.631,0.71,1.33,6.72,2.0,1
24.09,53.65,11.25,241.8,3.04,2.25,21.01,21.12,54.42,0.449,1.3905,23.61,25.15,0.37,16.54,1016.4,1.63,0,-0.866,0.5,0.2588,-0.9659,0.248,0.173,0.019,108.33,152.8,0
29.57,42.52,21.46,244.8,0.82,4.78,2.01,29.9,41.45,0.695,2.3791,31.43,29.96,0.139,16.9,1013.3,3.44,0,0.0,-1.0,0.0,-1.0,0.317,0.453,0.0978,28.3,20.0,0
22.29,47.05,4.47,67.4,8.26,8.08,29.56,19.6,45.29,0.474,1.4251,22.95,20.94,0.435,15.3,1012.9,0.21,0,-0.5,0.866,0.0,-1.0,0.343,0.08,0.0128,115.97,154.8,0
31.4,47.45,17.86,326.1,0.63,0.59,5.06,31.15,49.53,0.662,2.4155,32.99,33.47,0.103,17.4,1013.0,3.83,1,-0.5,-0.866,-0.9659,-0.2588,0.445,0.361,0.104,13.31,33.5,1
11.87,86.67,11.34,215.5,3.83,14.16,0.89,12.45,85.67,0.137,0.1853,12.18,10.06,0.194,10.33,1014.0,0.09,0,-0.866,0.5,-0.5,-0.866,0.198,0.267,0.0071,142.07,176.1,0
31.61,41.9,19.28,193.9,0.09,3.86,10.62,32.5,46.08,0.755,2.7026,35.16,35.16,0.173,16.36,1013.9,4.76,1,-0.5,-0.866,0.0,-1.0,0.297,0.474,0.1037,11.68,20.6,1
33.82,41.09,27.87,87.2,0.0,0.0,0.0,36.7,41.09,0.823,3.1015,38.71,33.82,0.0,16.03,1015.7,3.1,0,-0.0,1.0,0.9659,0.2588,0.027,0.0,0.0,100.0,180.0,0
28.55,40.93,16.76,41.1,0.4,1.03,1.29,30.01,41.48,0.698,2.3058,30.61,29.62,0.159,17.25,1009.6,3.36,1,0.0,-1.0,0.2588,-0.9659,0.34,0.303,0.0702,16.84,42.0,0
48.35,75.12,19.31,152.5,0.0,0.0,0.0,51.13,75.12,0.644,2.8265,59.0,48.35,0.0,18.77,1010.0,1.62,0,-0.866,0.5,0.7071,0.7071,0.014,0.0,0.0,100.0,180.0,0
37.4,16.24,43.31,278.9,0.0,0.06,0.08,40.02,20.29,2.303,5.3703,46.33,43.27,0.017,11.99,999.5,10.37,1,-0.866,-0.5,-0.2588,-0.9659,0.588,0.632,0.805,9.98,14.8,1
29.46,42.67,18.22,323.6,0.02,1.07,1.03,29.41,47.59,0.69,2.3579,33.25,33.13,0.126,19.1,1014.6,4.1,0,-1.0,-0.0,0.0,-1.0,0.271,0.495,0.0907,23.33,44.6,0
7.77,63.93,2.39,75.0,3.33,8.07,17.08,6.94,67.27,0.122,0.381,7.83,8.31,0.185,3.02,1013.3,0.37,0,0.5,0.866,0.866,-0.5,0.577,0.066,0.0046,84.25,85.1,0
32.52,49.32,17.75,340.6,0.07,6.06,3.32,31.63,47.69,0.659,2.4812,36.52,33.07,0.121,15.32,1008.3,4.23,0,-0.866,-0.5,-0.7071,-0.7071,0.224,0.466,0.0675,28.59,61.8,1
42.98,86.78,21.89,165.0,0.0,0.0,0.0,45.7,86.78,0.495,1.1407,44.57,42.98,0.0,18.35,1019.0,1.51,1,-1.0,-0.0,0.9659,0.2588,0.036,0.0,0.0,100.0,180.0,0
14.72,60.28,13.06,227.8,3.14,24.14,34.58,14.57,60.1,0.244,0.6653,13.36,16.1,0.349,6.94,1023.5,2.66,0,-0.5,0.866,-0.9659,0.2588,0.43,0.274,0.0283,124.4,143.2,0
41.96,34.83,3.48,2.8,0.0,0.0,0.0,42.85,34.83,1.205,5.3307,46.55,41.96,0.0,30.77,1013.6,10.46,0,-0.5,-0.866,1.0,0.0,0.003,0.0,0.0,100.0,180.0,0
44.84,47.36,19.18,170.8,0.0,0.0,0.0,47.12,47.36,0.947,5.0017,51.76,44.84,0.01,22.57,1007.7,6.8,0,0.866,0.5,0.5,0.866,0.035,0.0,0.0,100.0,180.0,0
49.26,47.7,4.27,246.4,0.0,0.0,0.0,51.99,47.7,1.033,6.2185,55.92,49.26,0.0,30.32,1006.2,4.25,1,0.866,0.5,-0.7071,-0.7071,0.002,0.0,0.0,100.0,180.0,0
33.94,12.56,36.54,72.7,0.0,0.07,0.21,34.76,14.92,2.703,4.636,47.59,43.72,0.047,4.16,1009.9,7.83,1,-0.866,-0.5,0.0,-1.0,0.365,0.322,0.2946,4.27,6.8,1
43.28,19.31,33.05,62.6,0.0,0.11,0.11,45.78,19.41,2.242,7.0731,50.3,51.87,0.046,18.54,1001.1,10.94,1,-0.866,-0.5,-0.9659,-0.2588,0.479,0.594,0.6072,4.52,14.8,1
39.24,22.46,37.81,213.7,0.0,0.05,0.07,41.43,24.42,1.747,5.4923,48.74,47.01,0.02,14.81,999.5,8.81,1,-0.5,-0.866,-0.2588,-0.9659,0.785,0.634,0.8333,1.6,8.0,1
39.2,21.9,32.41,308.6,0.0,0.01,0.09,40.74,25.57,1.79,5.518,47.86,48.47,0.036,16.89,1001.2,7.19,1,-0.5,-0.866,-0.9659,-0.2588,0.354,0.693,0.4198,5.23,7.1,1
39.51,12.05,35.86,236.4,0.0,0.05,0.33,41.42,13.82,3.279,6.3198,45.13,48.89,0.04,15.93,1009.4,10.38,1,-0.866,-0.5,0.0,-1.0,0.44,0.783,1.0432,2.5,15.5,1
20.16,56.21,10.36,328.6,0.12,5.21,10.5,19.61,58.44,0.359,1.0341,21.96,20.97,0.232,15.79,1022.0,0.01,0,-0.0,1.0,-0.7071,0.7071,0.278,0.244,0.0239,70.27,179.3,0
28.59,36.13,11.91,161.8,0.64,1.07,3.67,30.52,34.16,0.791,2.4985,31.34,31.81,0.15,11.08,1008.8,3.54,1,-0.866,-0.5,0.0,-1.0,0.406,0.355,0.1111,11.3,26.4,0
8.95,56.89,10.01,80.5,1.33,0.11,8.63,7.26,57.02,0.157,0.4933,7.13,7.66,0.21,6.17,1023.3,2.41,0,0.866,0.5,0.9659,-0.2588,0.308,0.08,0.0038,63.19,140.8,0
34.17,38.82,29.39,41.0,0.0,0.0,0.0,35.51,38.82,0.88,3.2857,43.1,34.17,0.01,16.41,1015.9,9.95,1,0.5,0.866,0.0,-1.0,0.024,0.0,0.0,100.0,180.0,0
22.53,58.79,11.5,201.2,0.85,0.52,41.09,21.7,58.06,0.383,1.1253,23.09,20.91,0.388,20.03,1016.5,2.94,0,0.866,0.5,-1.0,-0.0,0.38,0.187,0.0268,138.91,133.9,0
32.77,71.1,5.67,136.5,0.0,0.0,0.0,34.35,71.1,0.461,1.4348,35.03,32.77,0.01,-1.02,1013.4,5.5,1,0.5,0.866,0.2588,0.9659,0.039,0.0,0.0,100.0,180.0,0
31.4,43.8,11.33,240.1,0.95,1.25,0.24,30.66,45.98,0.717,2.5823,34.91,32.87,0.092,20.43,1013.9,3.41,1,-0.866,-0.5,0.5,-0.866,0.463,0.382,0.1242,23.36,24.8,0
20.57,87.39,1.57,98.8,3.42,9.9,39.05,19.81,96.88,0.235,0.3054,19.91,20.05,0.221,14.03,1023.8,2.89,0,-0.5,0.866,-0.9659,0.2588,0.393,0.064,0.0059,68.29,138.1,0
8.23,63.46,2.49,121.9,1.32,4.5,12.49,8.86,68.01,0.13,0.3983,9.61,8.78,0.231,4.91,1023.8,2.32,0,0.866,-0.5,0.7071,-0.7071,0.598,0.299,0.0228,128.98,138.1,0
8.1,70.32,9.15,0.3,2.67,4.63,25.03,7.85,74.0,0.115,0.3207,9.14,8.26,0.232,2.43,1014.0,1.8,0,0.866,0.5,-0.866,0.5,0.145,0.067,0.0011,76.35,166.3,0
28.53,41.62,16.36,27.5,0.44,0.21,1.05,27.7,49.35,0.685,2.2752,32.8,32.22,0.114,13.62,1011.1,3.34,1,0.0,-1.0,-0.9659,-0.2588,0.228,0.165,0.0252,30.25,54.3,0
35.55,9.39,38.84,7.5,0.0,0.0,0.09,37.94,10.56,3.786,5.2509,45.67,38.91,0.045,15.18,1002.6,8.59,1,-0.5,-0.866,-0.9659,-0.2588,0.642,0.661,1.4521,8.22,23.1,1
21.89,88.06,1.8,20.6,11.93,1.51,10.11,20.76,91.32,0.249,0.3136,22.5,22.08,0.343,14.5,1021.3,1.15,0,0.5,-0.866,-0.2588,-0.9659,0.38,0.208,0.0194,149.88,96.9,0
33.54,18.08,16.74,357.4,0.0,0.03,0.38,35.35,20.64,1.855,4.2476,43.63,40.16,0.046,8.37,996.1,8.37,1,-0.5,-0.866,-0.9659,-0.2588,0.467,0.695,0.5701,2.25,17.1,1
34.1,16.32,31.2,327.9,0.0,0.13,0.01,34.27,18.2,2.089,4.4747,40.9,40.01,0.076,12.01,998.2,6.95,1,-0.5,-0.866,0.0,-1.0,0.766,0.718,1.0833,9.97,17.1,1
9.89,93.12,4.36,63.0,2.35,21.89,13.31,8.27,96.58,0.106,0.0838,9.83,9.54,0.209,3.54,1017.5,0.55,1,-0.5,0.866,-1.0,-0.0,0.185,0.28,0.0054,119.74,176.9,0
44.55,14.96,15.55,321.8,0.0,0.05,0.0,47.49,18.09,2.978,7.9627,56.56,54.17,0.029,22.4,996.7,9.98,1,-0.866,-0.5,-0.7071,-0.7071,0.662,0.481,0.8894,7.29,21.0,1
20.16,76.53,11.64,245.8,3.06,4.29,8.8,18.27,80.22,0.263,0.5541,19.46,18.5,0.356,15.92,1023.0,0.93,0,0.5,-0.866,0.0,-1.0,0.552,0.278,0.0399,101.52,164.4,0
29.93,35.13,11.95,145.6,0.11,4.02,2.47,29.78,41.58,0.852,2.7406,31.34,33.36,0.105,19.19,1016.9,3.57,0,-1.0,-0.0,-1.0,-0.0,0.385,0.27,0.0859,33.43,67.5,0
16.27,93.98,13.82,98.6,0.25,3.12,15.18,16.5,100.67,0.173,0.1113,18.09,16.82,0.33,15.26,1018.8,1.19,1,-0.866,0.5,0.9659,0.2588,0.557,0.18,0.0172,149.26,155.8,0
18.52,60.46,2.42,128.6,2.04,6.79,12.92,19.3,64.59,0.306,0.8433,16.76,20.04,0.321,15.09,1022.3,2.56,1,1.0,0.0,0.7071,-0.7071,0.393,0.127,0.0151,99.38,138.4,0
20.96,58.22,10.68,63.3,0.91,7.38,3.1,20.57,58.34,0.36,1.0366,19.85,20.37,0.188,15.7,1018.6,0.52,1,0.5,0.866,-0.866,-0.5,0.518,0.174,0.0319,57.88,172.9,0
40.55,9.81,32.83,11.9,0.0,0.4,0.01,41.22,13.72,4.132,6.8482,46.88,47.72,0.012,11.2,995.0,6.41,1,-0.5,-0.866,0.0,-1.0,0.642,0.571,1.3736,1.18,7.7,1
32.29,48.32,17.24,125.3,1.31,1.35,1.8,31.44,51.56,0.668,2.4978,37.1,34.46,0.129,20.38,1015.1,4.92,0,-1.0,-0.0,-0.9659,-0.2588,0.436,0.118,0.0336,27.46,64.6,0
6.62,46.86,4.02,121.4,1.4,6.88,28.39,7.57,52.11,0.141,0.5187,4.79,7.25,0.398,-0.23,1016.5,1.56,0,0.5,-0.866,-0.5,0.866,0.555,0.26,0.02,94.99,96.5,0
35.31,20.74,17.14,232.5,0.0,0.03,0.09,36.64,21.36,1.702,4.5324,44.25,41.7,0.074,5.98,998.5,11.15,1,-0.5,-0.866,-0.7071,-0.7071,0.674,0.893,0.9774,8.17,23.3,1
31.9,86.91,10.62,257.4,0.0,0.0,0.0,34.5,86.91,0.367,0.6188,32.32,31.9,0.01,12.06,1017.2,5.05,1,1.0,0.0,0.5,-0.866,0.002,0.0,0.0,100.0,180.0,0
23.75,75.16,1.58,9.4,0.44,10.01,16.68,21.82,80.07,0.316,0.7304,24.21,22.42,0.228,22.65,1022.0,0.12,0,0.5,-0.866,1.0,0.0,0.133,0.113,0.0047,148.03,136.8,0
39.22,15.49,34.74,165.3,0.0,0.11,0.0,39.99,16.17,2.531,5.9782,47.5,46.27,0.078,18.44,1000.5,7.02,1,-0.5,-0.866,-0.2588,-0.9659,0.677,0.553,0.8908,6.7,7.0,1
46.19,17.21,8.07,87.2,0.0,0.0,0.0,47.32,17.21,2.684,8.4337,50.68,46.19,0.0,11.84,1015.8,11.28,0,-0.5,0.866,-0.2588,-0.9659,0.024,0.0,0.0,100.0,180.0,0
30.77,34.18,14.4,354.3,0.53,2.81,0.25,31.81,35.33,0.9,2.9189,32.31,31.13,0.135,18.3,1017.5,3.63,1,-1.0,-0.0,-0.9659,-0.2588,0.21,0.402,0.0739,26.03,44.9,0
33.32,38.62,13.25,224.0,0.39,0.8,1.26,34.25,46.18,0.863,3.1432,35.05,35.15,0.123,15.67,1008.5,3.33,1,-0.5,-0.866,-0.9659,-0.2588,0.335,0.281,0.0792,14.67,55.0,0
8.79,58.09,11.57,263.3,0.18,2.29,27.9,6.28,59.84,0.151,0.4742,7.43,7.64,0.242,3.84,1020.4,2.0,0,-0.5,0.866,-0.2588,0.9659,0.138,0.048,0.001,139.66,172.8,0
30.97,32.66,16.01,348.9,0.0,0.0,0.0,33.15,32.66,0.948,3.0209,34.55,30.97,0.0,14.13,1019.0,1.48,1,-0.0,1.0,-1.0,-0.0,0.026,0.0,0.0,100.0,180.0,0
16.06,92.49,14.1,138.7,4.01,2.4,21.35,14.45,94.96,0.174,0.1371,17.33,17.43,0.261,10.39,1014.5,2.82,0,-0.0,1.0,-0.5,-0.866,0.29,0.225,0.0112,148.47,171.8,0
40.21,16.56,23.21,62.7,0.0,0.44,0.22,42.99,16.99,2.429,6.2245,47.68,45.46,0.054,10.85,1000.7,7.54,1,-0.5,-0.866,-0.7071,-0.7071,0.564,0.637,0.8231,2.91,17.0,1
37.91,13.01,34.42,158.5,0.0,0.1,0.13,40.09,15.61,2.915,5.7342,47.46,42.23,0.061,14.11,999.3,10.39,1,-0.5,-0.866,-0.5,-0.866,0.487,0.476,0.6265,6.0,9.8,1
41.71,15.16,26.41,285.6,0.0,0.15,0.05,44.25,17.65,2.751,6.8513,49.87,51.12,0.037,19.09,1003.4,10.81,1,-0.866,-0.5,-0.2588,-0.9659,0.421,0.579,0.6288,9.16,10.7,1
43.65,22.36,31.07,215.4,0.0,0.01,0.2,44.12,24.86,1.952,6.9394,57.5,47.15,0.064,13.81,1001.6,6.75,1,-0.5,-0.866,-0.7071,-0.7071,0.455,0.487,0.4145,6.31,21.3,1
35.99,24.83,41.13,72.9,0.0,0.01,0.11,38.65,25.23,1.45,4.4637,42.61,40.26,0.022,7.81,1008.7,11.95,1,-0.5,-0.866,-0.9659,-0.2588,0.745,0.479,0.4967,6.61,0.8,1
41.12,50.14,25.13,283.6,0.0,0.0,0.0,42.13,50.14,0.82,3.9036,42.34,41.12,0.01,14.78,1011.0,14.94,0,-0.5,-0.866,0.866,-0.5,0.006,0.0,0.0,100.0,180.0,0
43.75,11.08,19.79,1.2,0.0,0.01,0.06,46.26,15.76,3.948,7.9889,56.13,50.79,0.018,23.0,1003.0,10.27,1,-0.5,-0.866,-0.2588,-0.9659,0.749,0.333,0.9017,6.77,2.4,1
17.23,80.31,12.61,277.6,0.38,4.38,6.81,16.78,87.95,0.215,0.3871,17.34,16.02,0.245,11.33,1013.6,3.0,0,0.866,-0.5,0.5,0.866,0.519,0.109,0.012,102.98,115.1,0
17.47,86.03,4.5,305.2,3.94,5.37,33.25,15.6,95.92,0.203,0.2788,16.28,17.35,0.245,15.3,1019.6,1.9,0,-0.0,1.0,0.0,-1.0,0.298,0.058,0.0035,85.61,128.2,0
29.74,44.86,18.45,188.0,1.19,1.12,0.34,29.4,47.55,0.663,2.3045,33.06,31.03,0.159,13.09,1012.0,4.16,1,0.0,-1.0,-0.866,-0.5,0.458,0.218,0.0649,33.15,40.2,0
23.05,88.66,5.07,272.7,0.56,0.59,6.55,21.06,91.61,0.26,0.3197,21.11,22.68,0.42,18.97,1017.6,1.02,1,-0.866,0.5,0.866,0.5,0.28,0.246,0.0177,59.93,173.9,0
43.46,23.8,34.31,259.9,0.0,0.26,0.42,44.39,24.69,1.826,6.7417,57.62,51.89,0.059,19.31,1009.8,7.47,1,-0.866,-0.5,-0.2588,-0.9659,0.478,0.537,0.4497,4.08,17.7,1
28.19,48.64,12.98,119.3,0.85,2.43,6.2,28.43,55.5,0.58,1.9631,32.04,31.05,0.144,17.84,1015.7,4.98,0,-0.5,-0.866,0.0,-1.0,0.352,0.216,0.0431,10.85,21.0,0
22.06,59.17,10.32,248.2,7.14,4.29,0.34,20.63,67.27,0.373,1.0836,21.81,23.21,0.232,16.72,1014.1,1.9,0,0.5,0.866,0.0,-1.0,0.547,0.274,0.0549,123.31,90.1,0
41.45,39.97,5.9,256.4,0.0,0.0,0.0,43.43,39.97,1.037,4.7816,52.97,41.45,0.01,16.49,1005.0,9.12,0,-0.5,0.866,0.9659,0.2588,0.022,0.0,0.0,100.0,180.0,0
32.38,43.68,15.24,299.2,2.12,0.1,2.58,32.51,49.37,0.741,2.7364,36.51,32.72,0.093,17.09,1013.9,3.78,1,-0.5,-0.866,-0.9659,-0.2588,0.348,0.401,0.1009,17.58,56.7,0
32.56,47.7,18.54,359.1,0.3,0.64,1.38,32.44,48.91,0.683,2.567,34.46,35.74,0.113,17.97,1010.2,5.72,1,-0.5,-0.866,0.7071,-0.7071,0.393,0.408,0.1072,24.9,38.6,1
19.28,85.82,7.55,161.1,0.13,5.69,11.7,19.64,86.72,0.225,0.317,20.48,20.38,0.236,18.12,1021.1,2.56,1,0.866,0.5,0.9659,0.2588,0.56,0.085,0.0105,135.54,179.0,0
21.11,76.36,4.17,160.9,0.09,4.07,17.54,19.42,76.55,0.276,0.592,20.16,19.95,0.252,14.16,1012.2,0.37,0,-0.5,0.866,-0.7071,0.7071,0.558,0.182,0.0277,104.25,138.6,0
40.69,17.9,37.12,60.1,0.0,0.16,0.04,43.31,22.66,2.274,6.2818,51.38,47.48,0.031,15.83,998.3,6.54,1,-0.866,-0.5,-0.9659,-0.2588,0.601,0.764,0.9885,3.35,8.9,1
33.67,39.55,16.4,12.1,0.55,1.03,2.16,35.61,42.66,0.851,3.1562,35.39,33.71,0.12,16.61,1017.5,5.14,1,-1.0,-0.0,-0.866,-0.5,0.457,0.335,0.1271,31.89,68.9,0
44.65,23.45,4.13,66.6,0.0,0.0,0.0,46.17,23.45,1.904,7.2054,49.26,44.65,0.0,31.75,1014.5,0.23,1,0.5,-0.866,0.866,0.5,0.037,0.0,0.0,100.0,180.0,0
29.23,40.44,12.52,294.3,0.39,1.86,2.32,30.04,42.51,0.723,2.4179,31.78,30.47,0.156,16.54,1009.3,3.41,1,-1.0,-0.0,0.7071,-0.7071,0.256,0.136,0.0245,30.18,64.1,0
26.13,86.58,22.41,100.3,0.0,0.0,0.0,26.25,86.58,0.302,0.4548,35.28,26.13,0.0,3.48,1007.3,13.98,1,-0.5,0.866,1.0,0.0,0.017,0.0,0.0,100.0,180.0,0
39.62,19.86,15.36,220.5,0.0,0.13,0.17,41.76,23.23,1.995,5.7931,47.5,48.15,0.051,10.0,996.9,11.11,1,-0.866,-0.5,-0.866,-0.5,0.378,0.92,0.6611,2.36,17.1,1
40.65,12.76,25.52,88.8,0.0,0.2,0.0,41.81,15.64,3.186,6.6608,52.49,48.29,0.024,17.13,999.3,8.36,1,-0.866,-0.5,-0.7071,-0.7071,0.788,0.805,1.8739,9.71,22.9,1
39.61,19.73,6.52,286.8,0.0,0.0,0.0,40.89,19.73,2.008,5.7977,47.5,39.61,0.01,12.99,1010.8,0.17,1,-0.866,-0.5,-0.9659,0.2588,0.032,0.0,0.0,100.0,180.0,0
46.25,59.36,26.24,137.8,0.0,0.0,0.0,48.51,59.36,0.779,4.1524,54.07,46.25,0.0,21.17,1013.3,14.18,1,0.0,-1.0,0.9659,-0.2588,0.02,0.0,0.0,100.0,180.0,0
23.73,72.42,3.07,263.8,2.31,8.03,0.9,23.89,75.45,0.328,0.8097,24.2,24.72,0.31,21.2,1016.5,1.93,1,-0.866,0.5,0.866,-0.5,0.536,0.295,0.0511,74.46,94.9,0
28.33,26.73,19.52,238.7,0.0,0.0,0.0,30.12,26.73,1.06,2.8228,29.5,28.33,0.0,3.35,1018.6,12.15,0,-0.5,-0.866,0.5,-0.866,0.035,0.0,0.0,100.0,180.0,0
47.59,9.25,12.86,341.2,0.0,0.0,0.0,48.49,9.25,5.146,9.9234,49.51,47.59,0.0,36.88,1019.9,5.17,0,0.5,-0.866,0.5,-0.866,0.03,0.0,0.0,100.0,180.0,0
32.12,43.77,10.82,235.0,0.0,0.0,0.0,34.86,43.77,0.734,2.6914,32.88,32.12,0.0,9.14,1013.9,10.17,1,-0.0,1.0,-0.2588,0.9659,0.009,0.0,0.0,100.0,180.0,0
41.06,17.62,15.33,127.7,0.0,0.13,0.08,43.55,22.59,2.331,6.4279,47.67,50.22,0.029,18.41,999.5,8.81,1,-0.5,-0.866,-0.866,-0.5,0.801,0.881,1.5573,7.75,5.8,1
8.29,85.66,1.48,90.5,4.67,34.13,0.93,7.09,89.71,0.097,0.1569,8.67,10.11,0.426,1.24,1012.6,2.28,1,1.0,0.0,0.7071,0.7071,0.373,0.127,0.0045,81.12,164.2,0
25.34,78.07,13.98,4.8,0.0,0.0,0.0,26.94,78.07,0.325,0.7091,37.07,25.34,0.01,-0.27,1016.8,5.26,0,0.0,-1.0,0.7071,0.7071,0.036,0.0,0.0,100.0,180.0,0
38.56,11.92,26.03,2.0,0.0,0.02,0.22,39.56,14.12,3.235,6.0152,51.31,44.81,0.078,15.0,1009.0,10.63,1,-0.5,-0.866,-0.866,-0.5,0.472,0.773,1.0894,3.36,22.2,1
46.99,42.99,8.9,112.1,0.0,0.0,0.0,49.0,42.99,1.093,6.0464,48.02,46.99,0.01,35.43,1009.1,6.38,0,-0.5,0.866,-0.866,-0.5,0.023,0.0,0.0,100.0,180.0,0
27.76,74.53,15.32,80.7,0.0,0.0,0.0,29.21,74.53,0.373,0.9497,34.25,27.76,0.01,-1.19,1007.0,4.97,0,-0.5,-0.866,1.0,0.0,0.003,0.0,0.0,100.0,180.0,0
13.92,69.09,8.21,120.7,2.39,3.31,9.87,14.67,72.34,0.201,0.4914,15.04,14.94,0.387,5.93,1016.6,2.35,1,-0.866,0.5,-0.9659,0.2588,0.561,0.044,0.0049,66.85,122.7,0
29.65,31.15,18.31,20.1,0.68,0.02,1.47,29.89,36.68,0.952,2.8631,34.49,29.73,0.147,16.14,1011.1,4.96,1,-1.0,-0.0,-1.0,-0.0,0.445,0.314,0.1291,31.01,36.3,0
35.38,23.25,40.8,76.9,0.0,0.33,0.19,35.53,28.02,1.522,4.4081,41.71,40.57,0.031,7.31,1009.5,6.19,1,-0.5,-0.866,-0.5,-0.866,0.58,0.362,0.3064,0.68,17.2,1
37.28,12.03,28.66,196.2,0.0,0.08,0.2,37.39,13.97,3.098,5.6046,45.63,42.5,0.05,9.82,995.0,9.76,1,-0.5,-0.866,-0.9659,-0.2588,0.645,0.467,0.8617,1.0,22.1,1
33.62,39.93,11.45,19.0,0.19,0.26,11.62,35.45,45.19,0.842,3.1271,36.08,35.55,0.152,19.46,1008.4,3.05,1,-0.5,-0.866,0.5,-0.866,0.316,0.369,0.0957,15.64,20.2,1
12.22,86.86,12.75,338.2,3.4,0.55,0.61,9.92,90.9,0.141,0.1869,13.36,11.08,0.416,7.76,1017.1,2.37,1,0.5,0.866,-0.7071,-0.7071,0.179,0.107,0.0027,69.97,119.3,0
33.87,67.53,20.05,91.4,0.0,0.0,0.0,35.55,67.53,0.502,1.715,38.25,33.87,0.01,10.11,1018.0,3.46,0,-0.5,-0.866,-0.2588,-0.9659,0.009,0.0,0.0,100.0,180.0,0
15.33,84.97,8.96,208.0,1.07,0.42,2.34,13.72,94.84,0.18,0.2619,17.33,13.75,0.293,11.03,1022.9,2.26,0,0.866,-0.5,-0.866,0.5,0.215,0.035,0.0013,51.8,141.9,0
21.05,56.18,4.93,204.5,4.1,12.25,21.47,20.73,59.13,0.375,1.0927,22.88,21.24,0.189,13.37,1016.8,1.54,0,1.0,0.0,-0.5,-0.866,0.165,0.195,0.0118,104.48,143.9,0
41.38,8.98,43.97,288.9,0.0,0.01,0.07,43.27,10.23,4.606,7.2217,54.21,48.8,0.024,21.29,1010.0,10.73,1,-0.5,-0.866,-0.7071,-0.7071,0.836,0.879,3.0457,2.92,16.9,1
11.84,68.17,6.46,153.3,0.02,4.51,2.9,9.09,77.72,0.174,0.4416,11.7,13.1,0.363,10.34,1016.5,1.57,0,0.5,-0.866,-0.7071,0.7071,0.292,0.243,0.0121,145.18,123.0,0
19.51,52.77,2.79,329.7,0.76,4.57,1.2,20.08,61.6,0.37,1.071,21.22,21.2,0.307,17.73,1023.8,0.0,1,-0.866,0.5,-1.0,-0.0,0.597,0.036,0.0077,127.2,141.4,0
42.26,71.13,9.21,121.0,0.0,0.0,0.0,42.69,71.13,0.594,2.3995,46.67,42.26,0.0,11.42,1011.1,12.84,0,0.866,0.5,0.866,-0.5,0.034,0.0,0.0,100.0,180.0,0
28.46,42.97,19.94,108.1,0.14,2.93,4.76,27.6,49.13,0.662,2.2144,30.48,31.51,0.167,17.03,1011.5,3.32,1,-1.0,-0.0,-0.7071,-0.7071,0.202,0.448,0.0586,13.0,58.1,0
33.11,20.52,29.24,273.4,0.0,0.07,0.36,36.02,23.94,1.614,4.0227,38.99,40.29,0.076,5.11,998.3,8.18,1,-0.866,-0.5,-0.866,-0.5,0.528,0.89,0.7229,2.63,23.7,1
30.58,44.02,19.74,50.7,0.26,2.61,4.7,29.9,49.82,0.695,2.4555,32.54,32.64,0.154,14.68,1012.6,3.01,1,-0.866,-0.5,0.5,-0.866,0.474,0.211,0.0679,19.76,45.8,0
45.85,85.28,22.91,163.3,0.0,0.0,0.0,47.69,85.28,0.538,1.4735,51.28,45.85,0.0,24.17,1019.8,1.11,1,-0.866,0.5,0.2588,-0.9659,0.033,0.0,0.0,100.0,180.0,0
33.35,22.97,29.64,23.9,0.0,0.2,0.13,35.9,26.87,1.451,3.95,48.12,38.93,0.014,8.73,1008.2,9.19,1,-0.5,-0.866,0.0,-1.0,0.608,0.698,0.5894,7.41,20.7,1
33.28,8.87,34.26,231.4,0.0,0.02,0.04,34.93,9.92,3.75,4.6559,39.15,37.3,0.068,5.0,1005.7,10.38,1,-0.5,-0.866,0.0,-1.0,0.498,0.503,0.8445,0.87,22.6,1
44.34,9.29,41.6,138.2,0.0,0.02,0.03,44.39,9.89,4.77,8.3996,58.78,52.47,0.028,16.95,1004.5,8.77,1,-0.5,-0.866,-0.9659,-0.2588,0.509,0.845,1.8532,9.8,9.8,1
40.12,18.2,21.93,51.6,0.0,0.0,0.0,41.32,18.2,2.204,6.0715,54.94,40.12,0.01,7.02,1010.0,13.17,0,-0.866,0.5,0.9659,-0.2588,0.015,0.0,0.0,100.0,180.0,0
32.4,44.76,11.34,21.0,0.31,0.77,0.47,33.86,49.29,0.724,2.686,34.57,36.28,0.153,15.02,1013.6,4.44,1,-1.0,-0.0,-0.7071,-0.7071,0.417,0.499,0.1472,22.96,23.6,0
43.65,19.84,33.51,20.5,0.0,0.03,0.02,44.16,20.69,2.2,7.1614,56.8,51.28,0.025,22.66,1005.3,11.45,1,-0.5,-0.866,0.0,-1.0,0.706,0.383,0.5665,2.09,21.5,1
35.56,10.19,40.33,151.9,0.0,0.04,0.35,35.81,15.13,3.489,5.2067,42.83,45.19,0.033,11.45,996.3,6.8,1,-0.5,-0.866,0.0,-1.0,0.562,0.327,0.584,7.53,5.6,1
33.25,44.12,10.94,305.9,0.29,0.1,17.82,32.57,47.31,0.753,2.8495,36.47,33.34,0.113,16.75,1010.5,4.08,1,-0.5,-0.866,-0.5,-0.866,0.338,0.409,0.1019,19.26,60.2,0
34.67,9.14,19.51,134.8,0.0,0.02,0.61,36.93,9.68,3.791,5.0148,41.06,37.76,0.042,9.07,1003.2,9.64,1,-0.5,-0.866,0.0,-1.0,0.806,0.35,0.965,5.2,22.0,1
34.81,10.2,22.18,148.0,0.0,0.04,0.05,36.95,14.81,3.412,4.9947,45.6,41.91,0.021,9.09,1009.8,8.97,1,-0.866,-0.5,-0.2588,-0.9659,0.497,0.721,1.1143,9.64,3.3,1
42.54,12.41,33.24,99.7,0.0,0.0,0.09,44.26,15.33,3.428,7.3883,55.21,50.14,0.047,14.03,1004.1,10.45,1,-0.866,-0.5,-0.2588,-0.9659,0.658,0.909,1.8968,1.54,2.5,1
51.42,44.98,15.7,329.1,0.0,0.0,0.0,52.89,44.98,1.143,7.2819,58.1,51.42,0.0,23.21,1017.9,7.59,0,0.5,0.866,-0.7071,0.7071,0.003,0.0,0.0,100.0,180.0,0
29.89,30.28,18.92,92.5,0.0,0.0,0.0,30.07,30.28,0.987,2.9389,30.83,29.89,0.01,6.11,1007.2,4.73,1,0.5,0.866,0.9659,0.2588,0.008,0.0,0.0,100.0,180.0,0
30.59,33.24,13.47,94.7,0.2,3.28,9.63,31.33,41.02,0.92,2.9295,34.14,32.39,0.115,14.85,1016.5,4.36,1,0.0,-1.0,-0.9659,-0.2588,0.285,0.346,0.0881,24.29,59.1,0
36.9,17.7,32.46,262.3,0.0,0.05,0.6,39.64,19.71,2.085,5.1369,50.78,46.59,0.068,13.94,1001.7,7.18,1,-0.5,-0.866,-0.866,-0.5,0.735,0.42,0.6099,2.24,4.0,1
29.33,30.03,19.16,297.6,0.07,3.54,1.28,29.04,30.16,0.977,2.8571,30.34,29.44,0.091,18.82,1012.8,3.85,0,0.0,-1.0,0.7071,-0.7071,0.235,0.265,0.059,14.58,55.6,0
31.16,48.72,17.8,155.5,0.04,1.67,3.06,30.85,48.46,0.64,2.3243,35.69,31.71,0.126,20.72,1013.3,4.08,1,-1.0,-0.0,-0.9659,-0.2588,0.386,0.46,0.1112,29.38,27.8,1
40.96,23.73,39.17,279.6,0.0,0.03,0.28,42.0,24.45,1.726,5.9197,54.44,50.2,0.034,16.7,1009.6,7.54,1,-0.866,-0.5,-0.2588,-0.9659,0.658,0.653,0.7118,6.19,23.9,1
51.61,86.55,15.89,338.4,0.0,0.0,0.0,52.97,86.55,0.596,1.7961,60.53,51.61,0.01,23.87,1016.6,4.51,1,-0.866,-0.5,0.9659,-0.2588,0.025,0.0,0.0,100.0,180.0,0
32.2,41.0,12.4,171.7,0.29,3.43,0.92,32.03,43.05,0.785,2.8368,36.68,34.63,0.121,14.79,1017.6,3.08,1,-0.5,-0.866,-1.0,-0.0,0.467,0.439,0.1573,23.1,67.4,0
16.87,58.96,3.48,306.0,1.54,0.94,19.69,14.86,60.7,0.286,0.7885,17.14,15.58,0.234,15.25,1012.1,2.58,1,0.5,0.866,0.0,1.0,0.494,0.109,0.0151,149.32,103.1,0
40.6,12.22,33.69,302.3,0.0,0.01,0.07,42.2,16.04,3.321,6.6845,48.52,45.45,0.027,18.96,1003.1,6.77,1,-0.5,-0.866,-0.7071,-0.7071,0.838,0.623,1.6024,9.15,0.3,1
33.17,32.37,17.83,273.8,0.19,0.22,2.65,34.88,36.56,1.025,3.4352,35.69,37.11,0.159,17.37,1016.9,5.35,0,0.0,-1.0,-0.9659,0.2588,0.384,0.219,0.0835,30.62,56.3,0
24.68,87.93,3.54,158.9,2.35,2.55,0.87,24.93,96.07,0.281,0.3752,24.98,26.29,0.285,22.07,1016.9,0.28,0,1.0,0.0,-0.5,0.866,0.103,0.037,0.001,54.33,82.4,0
29.25,8.59,4.21,89.5,0.0,0.0,0.0,30.25,8.59,3.405,3.7142,39.52,29.25,0.01,16.0,1012.0,6.11,1,0.866,0.5,0.7071,0.7071,0.001,0.0,0.0,100.0,180.0,0
44.23,8.62,35.69,166.4,0.0,0.17,0.24,45.3,12.08,5.131,8.4169,53.61,51.97,0.053,17.95,1004.1,8.02,1,-0.5,-0.866,-0.5,-0.866,0.572,0.519,1.3636,2.89,10.4,1
43.93,14.74,34.22,31.4,0.0,0.36,0.73,46.83,18.66,2.981,7.7316,53.7,50.06,0.064,23.65,1003.3,7.07,1,-0.866,-0.5,-0.2588,-0.9659,0.562,0.49,0.7674,6.83,6.7,1
5.01,57.63,1.71,260.8,0.96,2.39,11.39,4.92,55.71,0.087,0.37,4.96,5.76,0.388,-2.05,1015.0,2.42,0,0.866,0.5,-0.2588,-0.9659,0.332,0.113,0.0032,88.22,148.7,0
33.48,81.76,28.47,299.5,0.0,0.0,0.0,34.94,81.76,0.41,0.9428,34.81,33.48,0.01,7.82,1018.7,14.94,0,0.866,0.5,0.2588,-0.9659,0.014,0.0,0.0,100.0,180.0,0
34.04,73.22,20.27,12.8,0.0,0.0,0.0,36.31,73.22,0.465,1.4274,41.48,34.04,0.0,22.06,1013.9,14.79,1,-0.866,0.5,-0.866,0.5,0.031,0.0,0.0,100.0,180.0,0
30.17,47.24,16.09,74.0,0.21,0.37,1.0,31.87,48.97,0.639,2.261,33.22,30.25,0.11,13.12,1009.5,3.61,0,0.0,-1.0,0.7071,-0.7071,0.398,0.479,0.1191,19.84,65.7,0
23.55,80.77,11.02,296.4,0.04,7.55,8.88,22.53,79.67,0.292,0.5585,22.53,24.34,0.366,22.1,1022.5,2.83,0,-0.5,0.866,-0.5,-0.866,0.471,0.167,0.0226,66.65,84.4,0
40.34,11.14,43.53,74.0,0.0,0.02,0.07,42.36,12.68,3.622,6.6745,48.18,44.69,0.039,19.21,1009.2,8.13,1,-0.5,-0.866,-0.2588,-0.9659,0.476,0.845,1.3376,0.86,10.5,1
19.01,64.79,9.38,332.0,6.15,1.71,0.75,16.66,70.07,0.293,0.7743,20.81,19.48,0.411,16.06,1024.3,1.59,0,0.866,0.5,-1.0,-0.0,0.442,0.101,0.0129,138.01,90.6,0
33.26,47.18,11.35,314.0,0.61,0.53,7.29,33.03,48.11,0.705,2.6968,37.88,34.73,0.155,21.16,1013.7,3.54,0,-0.5,-0.866,-0.5,-0.866,0.346,0.226,0.0538,32.19,23.3,0
41.36,21.11,26.73,76.6,0.0,0.19,0.11,43.78,22.62,1.96,6.2542,54.66,47.2,0.047,15.99,1000.9,6.92,1,-0.866,-0.5,0.0,-1.0,0.636,0.928,1.1036,8.85,6.4,1
38.41,16.17,26.03,43.6,0.0,0.3,0.22,40.4,18.04,2.375,5.6766,52.5,43.08,0.042,11.72,1005.0,8.78,1,-0.866,-0.5,-0.5,-0.866,0.827,0.902,1.669,8.64,6.9,1
5.39,66.32,10.07,353.4,2.7,3.1,20.49,4.25,70.03,0.081,0.3019,3.47,3.57,0.386,1.89,1019.9,0.87,1,0.866,0.5,1.0,0.0,0.146,0.105,0.0012,58.38,114.2,0
32.51,35.69,14.61,271.6,0.22,0.09,0.54,33.43,35.71,0.911,3.1479,36.5,34.48,0.137,15.82,1012.0,3.92,0,-0.5,-0.866,-0.5,-0.866,0.474,0.482,0.2022,16.43,23.9,1
33.76,19.37,15.29,274.0,0.0,0.02,0.18,34.47,19.66,1.743,4.2326,40.56,41.85,0.028,10.67,1004.3,11.33,1,-0.5,-0.866,-0.5,-0.866,0.619,0.907,0.9307,4.3,18.8,1
39.92,85.17,18.49,330.1,0.0,0.0,0.0,40.76,85.17,0.469,1.089,43.18,39.92,0.0,21.44,1019.0,1.24,1,0.866,0.5,0.5,-0.866,0.019,0.0,0.0,100.0,180.0,0
33.35,39.35,16.98,306.2,0.18,2.98,4.89,34.97,43.2,0.848,3.1115,38.26,35.39,0.12,17.35,1008.7,5.28,0,0.0,-1.0,-0.5,-0.866,0.251,0.224,0.0465,14.59,64.4,0
20.45,83.28,5.64,99.1,0.98,15.71,53.47,20.48,81.41,0.246,0.4022,19.94,21.77,0.338,17.99,1014.8,0.88,0,0.866,-0.5,-0.5,-0.866,0.211,0.279,0.0143,131.11,127.5,0
28.85,30.57,14.94,61.1,0.0,0.0,0.0,31.32,30.57,0.943,2.7563,29.27,28.85,0.0,-3.4,1009.9,0.79,1,-0.866,-0.5,0.7071,0.7071,0.028,0.0,0.0,100.0,180.0,0
42.71,14.35,32.01,272.4,0.0,0.1,0.06,43.9,18.88,2.977,7.2896,53.24,51.67,0.035,17.68,1007.3,8.61,1,-0.5,-0.866,-0.9659,-0.2588,0.657,0.92,1.6823,6.94,9.6,1
40.44,9.01,26.47,54.9,0.0,0.0,0.0,42.48,9.01,4.491,6.8717,49.21,40.44,0.0,9.63,1013.8,2.61,0,-0.866,-0.5,0.5,0.866,0.027,0.0,0.0,100.0,180.0,0
38.29,57.72,9.0,305.2,0.0,0.0,0.0,39.86,57.72,0.663,2.8458,48.3,38.29,0.0,11.73,1018.1,4.34,1,0.0,-1.0,0.5,-0.866,0.033,0.0,0.0,100.0,180.0,0
11.15,69.87,8.08,188.3,2.1,11.48,23.64,12.02,77.99,0.16,0.3996,9.97,11.53,0.443,5.85,1022.1,1.03,0,0.5,0.866,0.7071,-0.7071,0.229,0.115,0.0041,77.33,114.8,0
46.32,34.75,18.62,42.1,0.0,0.0,0.0,47.48,34.75,1.333,6.6901,60.25,46.32,0.01,21.79,1012.2,12.42,1,0.866,0.5,0.7071,0.7071,0.037,0.0,0.0,100.0,180.0,0
32.15,44.36,14.23,272.1,0.02,0.75,6.61,32.93,45.26,0.725,2.6682,34.62,34.5,0.128,18.89,1009.3,3.07,1,-1.0,-0.0,-0.9659,0.2588,0.345,0.289,0.0706,29.22,50.5,0
32.93,48.72,12.88,262.6,0.28,0.03,1.61,32.59,47.43,0.676,2.57,35.46,35.24,0.13,16.75,1017.3,3.83,1,-1.0,-0.0,0.0,-1.0,0.291,0.144,0.0278,21.99,59.4,1
34.4,22.09,28.51,108.0,0.0,0.0,0.18,35.49,24.64,1.557,4.2383,45.38,41.15,0.051,12.88,1006.3,9.15,1,-0.866,-0.5,-0.866,-0.5,0.743,0.864,0.9569,7.65,18.0,1
20.79,56.53,11.78,45.4,3.65,4.46,9.94,21.77,58.3,0.368,1.0673,22.06,20.93,0.434,13.98,1017.4,0.96,0,0.866,0.5,-0.5,0.866,0.107,0.171,0.0066,70.41,89.7,0
26.09,16.27,10.91,89.2,0.0,0.0,0.0,27.71,16.27,1.603,2.8292,29.86,26.09,0.0,5.28,1005.1,5.76,0,0.5,0.866,0.0,-1.0,0.009,0.0,0.0,100.0,180.0,0
27.35,76.5,3.21,227.6,0.0,0.0,0.0,29.19,76.5,0.357,0.8548,33.58,27.35,0.0,-2.01,1005.1,3.38,0,0.0,-1.0,0.0,-1.0,0.033,0.0,0.0,100.0,180.0,0
33.68,16.16,26.91,114.1,0.0,0.0,0.24,36.35,17.1,2.084,4.3797,42.85,36.82,0.013,4.68,1002.2,9.68,1,-0.5,-0.866,-0.866,-0.5,0.428,0.448,0.3762,7.83,1.6,1
37.3,24.48,19.27,107.1,0.0,0.01,0.03,39.71,25.12,1.524,4.8169,45.93,45.67,0.049,11.75,1006.4,9.88,1,-0.5,-0.866,-0.866,-0.5,0.627,0.68,0.6244,8.19,17.2,1
44.77,5.76,8.3,304.1,0.0,0.0,0.0,46.02,5.76,7.773,8.9255,53.38,44.77,0.0,29.52,1005.4,2.77,1,0.866,-0.5,-0.7071,0.7071,0.013,0.0,0.0,100.0,180.0,0
33.78,16.7,21.39,209.7,0.0,0.41,0.28,35.16,18.49,2.023,4.377,45.24,41.52,0.065,7.12,995.7,7.24,1,-0.866,-0.5,0.0,-1.0,0.56,0.527,0.5632,8.8,20.6,1
28.91,31.71,14.22,77.6,0.54,0.91,7.26,29.29,33.35,0.912,2.7209,30.98,29.23,0.166,11.75,1012.5,5.84,1,-0.866,-0.5,-0.7071,-0.7071,0.423,0.431,0.1611,34.83,63.4,1
30.29,47.78,20.79,240.1,0.01,0.74,2.38,29.46,51.22,0.634,2.2533,33.12,30.9,0.138,12.7,1012.7,5.65,1,-1.0,-0.0,0.0,-1.0,0.302,0.202,0.0379,25.14,29.3,0
40.79,34.42,24.01,220.4,0.0,0.0,0.0,42.41,34.42,1.185,5.0437,47.47,40.79,0.01,22.3,1006.9,8.76,1,-0.866,-0.5,0.866,0.5,0.015,0.0,0.0,100.0,180.0,0
34.42,13.68,21.96,109.9,0.0,0.01,0.09,36.92,18.35,2.516,4.6993,43.3,41.98,0.052,12.48,1005.1,6.04,1,-0.5,-0.866,-0.866,-0.5,0.766,0.936,1.6809,8.21,21.3,1
44.68,13.89,15.15,263.1,0.0,0.01,0.06,46.08,15.07,3.217,8.115,52.27,50.74,0.018,22.7,996.5,10.96,1,-0.866,-0.5,-0.9659,-0.2588,0.522,0.74,1.1592,8.29,19.7,1
24.38,60.05,11.31,285.6,7.74,6.73,8.36,23.67,64.2,0.406,1.2194,25.95,25.21,0.195,21.16,1014.5,0.86,0,-0.5,0.866,-0.9659,0.2588,0.476,0.029,0.0056,95.03,123.8,0
30.7,47.0,17.21,246.9,0.47,1.59,2.36,30.25,53.46,0.653,2.3405,32.42,32.48,0.121,20.17,1012.7,3.7,1,-0.5,-0.866,-0.866,-0.5,0.388,0.479,0.1188,26.47,40.9,0
43.82,60.47,19.13,88.2,0.0,0.0,0.0,45.45,60.47,0.725,3.5648,45.22,43.82,0.0,28.82,1007.6,10.19,0,-0.866,0.5,0.7071,0.7071,0.016,0.0,0.0,100.0,180.0,0
33.54,49.39,12.93,147.8,1.21,0.16,0.28,34.48,51.25,0.679,2.6233,36.78,36.93,0.102,21.33,1013.7,5.99,0,-0.5,-0.866,0.7071,-0.7071,0.241,0.212,0.0341,11.22,36.2,0
31.78,82.08,23.15,304.6,0.0,0.0,0.0,32.75,82.08,0.387,0.8414,43.15,31.78,0.01,2.53,1006.6,10.66,0,-0.866,-0.5,0.0,-1.0,0.009,0.0,0.0,100.0,180.0,0
30.64,75.55,14.25,328.9,0.0,0.0,0.0,31.88,75.55,0.406,1.0761,42.45,30.64,0.01,13.03,1008.3,13.28,0,0.0,-1.0,-0.9659,-0.2588,0.008,0.0,0.0,100.0,180.0,0
44.71,23.18,26.96,114.0,0.0,0.16,0.09,46.16,24.6,1.929,7.2525,50.78,49.57,0.041,24.19,1009.2,9.63,1,-0.5,-0.866,-0.2588,-0.9659,0.767,0.928,1.3164,9.36,23.3,1
34.93,9.93,41.05,175.5,0.0,0.01,0.19,35.09,12.7,3.519,5.0448,44.23,41.14,0.014,11.77,1004.0,6.24,1,-0.5,-0.866,-0.2588,-0.9659,0.845,0.639,1.7261,1.35,16.2,1
29.17,47.37,11.93,213.3,0.08,2.66,1.52,29.05,48.39,0.616,2.1291,33.41,32.4,0.174,17.12,1010.7,4.75,1,-0.5,-0.866,0.5,-0.866,0.261,0.159,0.025,17.0,61.6,0
47.46,45.38,4.04,97.3,0.0,0.0,0.0,49.77,45.38,1.046,5.9337,58.89,47.46,0.01,26.85,1012.1,8.68,1,0.866,0.5,0.5,0.866,0.032,0.0,0.0,100.0,180.0,0
48.52,40.22,7.4,54.4,0.0,0.0,0.0,48.62,40.22,1.206,6.8483,58.3,48.52,0.01,38.1,1014.2,13.22,0,-1.0,-0.0,0.9659,0.2588,0.032,0.0,0.0,100.0,180.0,0
20.95,90.89,6.08,14.0,2.57,2.83,15.99,19.07,94.36,0.231,0.2259,21.78,20.46,0.226,14.89,1014.3,0.21,0,0.5,0.866,0.2588,0.9659,0.139,0.239,0.0076,88.06,95.4,0
32.64,49.75,19.89,246.0,0.13,0.12,0.94,33.84,56.26,0.656,2.4765,34.19,34.19,0.09,19.73,1008.4,5.49,1,-0.866,-0.5,-0.5,-0.866,0.328,0.415,0.0876,33.65,24.3,1
25.58,21.86,14.4,161.7,0.0,0.0,0.0,28.21,21.86,1.17,2.5617,27.91,25.58,0.01,-7.69,1019.7,11.67,1,-0.866,0.5,0.2588,-0.9659,0.008,0.0,0.0,100.0,180.0,0
30.19,48.9,13.63,69.2,0.5,0.19,0.59,31.07,51.75,0.617,2.1914,32.4,32.13,0.157,14.83,1015.8,5.01,1,-0.866,-0.5,0.5,-0.866,0.284,0.337,0.0578,11.27,45.1,0
39.88,83.44,3.44,205.8,0.0,0.0,0.0,42.35,83.44,0.478,1.2135,53.24,39.88,0.01,18.13,1006.7,2.24,0,-0.5,-0.866,0.7071,0.7071,0.014,0.0,0.0,100.0,180.0,0
36.15,34.89,29.92,143.5,0.0,0.0,0.0,37.27,34.89,1.036,3.9001,45.17,36.15,0.01,10.69,1008.5,9.84,1,-0.5,-0.866,-0.2588,-0.9659,0.018,0.0,0.0,100.0,180.0,0
29.97,44.42,18.35,303.3,0.41,1.8,2.27,31.07,46.52,0.675,2.3547,33.55,31.19,0.118,16.73,1014.3,4.3,0,-1.0,-0.0,0.0,-1.0,0.345,0.204,0.0463,18.15,24.5,1
34.11,42.22,10.66,130.3,0.0,0.0,0.0,36.61,42.22,0.808,3.093,40.23,34.11,0.01,22.68,1009.9,10.49,0,-0.866,0.5,-0.7071,-0.7071,0.014,0.0,0.0,100.0,180.0,0
40.53,22.95,39.67,16.4,0.0,0.01,0.51,42.77,24.44,1.766,5.8458,54.44,50.5,0.011,15.69,1002.2,7.98,1,-0.866,-0.5,-0.866,-0.5,0.382,0.941,0.6086,2.9,18.3,1
14.61,60.47,7.69,305.2,6.0,18.24,3.97,12.09,61.18,0.242,0.6575,14.58,14.44,0.43,11.31,1017.1,2.01,0,0.866,-0.5,0.7071,-0.7071,0.105,0.278,0.007,80.16,110.8,0
40.8,19.2,37.87,162.4,0.0,0.01,0.13,43.44,20.99,2.125,6.2178,48.17,44.97,0.036,18.89,995.2,9.51,1,-0.866,-0.5,-0.2588,-0.9659,0.64,0.679,0.878,5.85,20.9,1
31.81,34.55,21.34,91.1,0.22,0.68,4.6,33.26,40.52,0.92,3.0777,33.15,35.73,0.093,13.97,1014.6,5.56,1,0.0,-1.0,-0.9659,-0.2588,0.491,0.238,0.1044,30.74,67.2,1
39.82,8.08,30.22,201.7,0.0,0.22,0.04,40.91,12.86,4.929,6.7147,49.17,49.2,0.06,14.62,1005.4,11.05,1,-0.5,-0.866,-0.866,-0.5,0.535,0.551,1.2918,8.06,9.6,1
29.67,43.31,15.67,282.7,0.11,0.38,3.59,29.9,51.26,0.685,2.3597,33.14,32.44,0.171,12.13,1012.0,5.75,1,-0.866,-0.5,0.7071,-0.7071,0.426,0.294,0.0839,14.12,41.4,0
42.4,24.68,38.55,304.4,0.0,0.02,0.15,45.37,26.7,1.718,6.3075,50.87,46.81,0.01,13.54,1005.6,8.62,1,-0.5,-0.866,-0.9659,-0.2588,0.831,0.944,1.2962,6.13,22.2,1
44.4,24.79,34.53,289.8,0.0,0.1,0.03,45.58,25.1,1.791,6.9876,51.59,54.3,0.035,16.34,997.7,10.56,1,-0.866,-0.5,-0.5,-0.866,0.532,0.86,0.787,8.59,17.7,1
33.96,31.71,17.59,45.0,0.87,0.95,2.77,33.47,31.12,1.071,3.6246,37.71,35.29,0.123,19.86,1012.4,3.72,0,-0.866,-0.5,-0.2588,-0.9659,0.457,0.437,0.2071,16.17,60.4,0
32.81,71.33,6.8,67.0,0.0,0.0,0.0,34.88,71.33,0.46,1.4272,38.19,32.81,0.0,7.86,1009.7,2.7,1,1.0,0.0,-0.866,0.5,0.04,0.0,0.0,100.0,180.0,0
35.88,23.93,41.85,209.6,0.0,0.34,0.08,37.78,25.82,1.499,4.4898,45.99,38.98,0.039,6.66,1002.3,8.95,1,-0.866,-0.5,-0.2588,-0.9659,0.55,0.463,0.3669,9.58,11.5,1
40.64,54.15,7.43,92.3,0.0,0.0,0.0,42.26,54.15,0.751,3.499,53.44,40.64,0.0,16.16,1008.6,0.96,1,0.866,0.5,0.5,-0.866,0.009,0.0,0.0,100.0,180.0,0
28.72,77.93,18.39,4.6,0.0,0.0,0.0,31.28,77.93,0.368,0.8696,32.77,28.72,0.01,0.8,1019.2,7.26,0,-1.0,-0.0,0.0,1.0,0.036,0.0,0.0,100.0,180.0,0
25.23,87.52,16.85,268.6,0.0,0.0,0.0,26.71,87.52,0.288,0.4007,35.69,25.23,0.0,4.87,1015.8,14.66,1,-0.0,1.0,-0.5,0.866,0.023,0.0,0.0,100.0,180.0,0
24.01,94.53,12.54,108.7,3.36,6.35,12.91,22.36,103.0,0.254,0.1634,26.0,23.43,0.431,18.54,1016.3,1.39,0,0.866,-0.5,-1.0,-0.0,0.341,0.012,0.001,85.67,140.8,0
33.18,46.42,15.16,252.3,0.07,2.94,4.39,33.2,47.95,0.715,2.7224,35.02,36.9,0.141,21.3,1011.2,4.27,1,-0.866,-0.5,0.2588,-0.9659,0.476,0.313,0.1042,18.42,38.8,0
30.28,10.41,21.01,69.0,0.0,0.0,0.0,32.62,10.41,2.908,3.8617,32.5,30.28,0.01,15.62,1005.9,6.18,1,-0.0,1.0,-0.9659,-0.2588,0.006,0.0,0.0,100.0,180.0,0
42.04,8.41,39.78,299.3,0.0,0.03,0.25,43.73,9.68,4.996,7.5248,55.68,50.19,0.044,21.84,998.0,9.55,1,-0.866,-0.5,0.0,-1.0,0.769,0.827,2.8404,9.38,9.0,1
33.92,39.47,21.6,94.5,0.47,0.07,1.05,34.54,40.35,0.859,3.2048,36.67,34.87,0.109,22.81,1010.9,3.26,1,-1.0,-0.0,0.7071,-0.7071,0.307,0.259,0.0667,19.58,20.6,0
26.12,10.21,17.6,191.0,0.0,0.0,0.0,27.03,10.21,2.557,3.039,41.06,26.12,0.0,14.8,1019.3,8.48,1,-0.5,0.866,0.9659,0.2588,0.024,0.0,0.0,100.0,180.0,0
11.33,88.18,4.37,334.7,1.36,6.18,19.03,9.63,86.85,0.128,0.1586,12.47,10.64,0.251,7.7,1024.4,1.78,1,0.866,0.5,-0.2588,0.9659,0.559,0.192,0.0136,146.83,93.3,0
26.62,75.09,11.8,94.8,0.0,0.0,0.0,27.22,75.09,0.355,0.8686,36.3,26.62,0.0,-6.78,1018.3,5.71,1,-0.866,-0.5,-0.9659,0.2588,0.012,0.0,0.0,100.0,180.0,0
18.49,67.92,11.8,134.1,0.12,12.91,11.5,17.21,72.07,0.272,0.6829,20.13,16.59,0.361,17.2,1018.3,2.71,0,0.866,-0.5,-0.2588,0.9659,0.183,0.164,0.008,120.05,166.2,0
23.28,45.5,6.4,297.1,0.01,12.23,8.06,21.72,51.46,0.512,1.5569,22.08,22.57,0.24,16.22,1023.1,0.46,1,1.0,0.0,0.5,0.866,0.345,0.193,0.0333,120.48,163.7,0
29.86,48.91,18.18,332.8,0.13,3.89,0.5,29.2,50.18,0.611,2.1508,32.62,30.64,0.121,19.86,1008.0,4.97,1,0.0,-1.0,-0.5,-0.866,0.476,0.316,0.0902,25.02,44.0,0
40.95,23.14,33.79,86.6,0.0,0.04,0.24,41.41,27.81,1.77,5.9622,49.87,45.34,0.063,16.84,995.7,9.69,1,-0.866,-0.5,-0.2588,-0.9659,0.47,0.716,0.5709,1.99,20.8,1
34.89,38.75,5.86,343.2,0.0,0.0,0.0,36.74,38.75,0.901,3.4234,34.95,34.89,0.01,20.81,1014.1,14.52,1,0.5,-0.866,-0.866,-0.5,0.022,0.0,0.0,100.0,180.0,0
37.16,23.09,19.61,278.5,0.0,0.0,0.0,37.29,23.09,1.609,4.8677,46.96,37.16,0.01,22.39,1010.0,13.23,0,0.866,-0.5,0.9659,0.2588,0.015,0.0,0.0,100.0,180.0,0
34.52,19.36,33.1,103.4,0.0,0.33,0.69,36.72,23.03,1.784,4.4164,39.98,42.81,0.071,9.61,1007.9,9.19,1,-0.866,-0.5,-0.2588,-0.9659,0.377,0.54,0.3451,0.73,3.0,1
19.99,66.0,3.22,79.8,0.69,7.47,1.57,19.73,74.57,0.303,0.7947,18.36,20.39,0.398,17.56,1015.5,1.27,0,-0.5,0.866,0.2588,0.9659,0.357,0.013,0.0014,81.53,148.3,0
34.54,13.12,17.0,254.0,0.0,0.13,0.03,36.62,15.58,2.633,4.7613,45.25,42.2,0.023,9.52,995.4,9.57,1,-0.866,-0.5,0.0,-1.0,0.603,0.482,0.7106,5.61,8.1,1
29.34,13.88,19.4,115.0,0.0,0.0,0.0,31.07,13.88,2.114,3.5177,31.01,29.34,0.0,11.23,1015.2,7.33,1,-1.0,-0.0,0.7071,-0.7071,0.005,0.0,0.0,100.0,180.0,0
33.06,25.46,9.81,238.2,0.0,0.0,0.0,33.2,25.46,1.298,3.7614,36.26,33.06,0.0,5.48,1017.3,11.96,1,-0.5,-0.866,0.5,0.866,0.023,0.0,0.0,100.0,180.0,0
11.69,49.85,8.99,202.2,3.16,5.75,10.96,10.16,52.76,0.234,0.6891,11.66,12.45,0.419,7.86,1020.3,2.24,1,-0.5,0.866,0.7071,0.7071,0.45,0.251,0.0259,132.78,170.5,0
8.22,84.0,5.53,45.4,1.14,7.61,8.82,5.66,84.16,0.098,0.1743,9.79,7.66,0.275,0.88,1013.7,1.72,0,1.0,0.0,0.0,-1.0,0.373,0.126,0.0045,73.29,155.1,0
51.14,83.94,18.8,137.9,0.0,0.0,0.0,53.09,83.94,0.609,2.0958,60.37,51.14,0.01,37.87,1018.3,12.23,1,-0.5,0.866,0.7071,-0.7071,0.024,0.0,0.0,100.0,180.0,0
7.03,58.31,11.78,203.5,0.55,4.55,2.55,6.3,58.52,0.121,0.4185,6.27,7.11,0.339,4.5,1022.4,0.89,0,-0.0,1.0,0.5,0.866,0.565,0.081,0.0055,118.14,116.6,0
33.87,13.78,26.98,321.2,0.0,0.5,0.05,36.8,15.42,2.459,4.5539,45.79,43.08,0.049,11.22,999.9,10.22,1,-0.5,-0.866,-0.2588,-0.9659,0.399,0.612,0.5599,2.98,18.1,1
31.91,30.25,20.07,44.7,0.69,0.87,4.03,30.99,30.84,1.055,3.3001,33.92,33.09,0.126,17.39,1014.3,4.3,1,-0.5,-0.866,-0.5,-0.866,0.238,0.13,0.0317,21.83,38.5,0
12.43,45.68,11.8,227.0,4.55,9.74,26.08,12.78,45.29,0.272,0.784,12.27,13.33,0.432,7.67,1017.3,1.23,1,-0.866,0.5,0.5,0.866,0.123,0.125,0.0041,126.13,170.9,0
42.32,18.03,18.12,201.8,0.0,0.03,0.08,42.47,19.59,2.347,6.8328,56.61,51.73,0.059,21.48,1008.4,7.24,1,-0.5,-0.866,0.0,-1.0,0.363,0.652,0.5258,3.6,23.6,1
43.0,47.4,25.84,4.4,0.0,0.0,0.0,44.28,47.4,0.907,4.5442,45.43,43.0,0.0,9.98,1016.4,7.25,0,-0.0,1.0,0.9659,-0.2588,0.02,0.0,0.0,100.0,180.0,0
42.23,19.62,18.92,41.2,0.0,0.12,0.05,44.01,21.77,2.153,6.6698,56.89,47.95,0.015,17.36,996.3,10.71,1,-0.5,-0.866,-0.2588,-0.9659,0.844,0.364,0.6298,6.91,19.0,1
40.29,20.13,41.82,352.8,0.0,0.09,0.04,42.54,23.64,2.002,5.9828,53.25,47.54,0.054,16.17,995.1,7.2,1,-0.866,-0.5,0.0,-1.0,0.435,0.841,0.6976,8.38,22.8,1
32.85,37.48,19.63,256.1,2.15,0.36,1.87,33.74,38.21,0.876,3.1178,37.83,34.52,0.159,20.1,1010.5,3.7,0,-1.0,-0.0,-0.7071,-0.7071,0.308,0.409,0.1075,33.33,27.7,0
29.1,53.12,26.54,351.0,0.0,0.0,0.0,31.88,53.12,0.548,1.8884,41.44,29.1,0.01,4.57,1009.1,2.1,1,-0.866,-0.5,-0.2588,-0.9659,0.001,0.0,0.0,100.0,180.0,0
30.28,49.8,20.21,214.1,0.92,0.88,0.41,32.09,49.3,0.608,2.1647,31.42,31.08,0.14,15.98,1015.3,3.58,0,-1.0,-0.0,0.5,-0.866,0.35,0.297,0.062,24.43,27.4,1
20.13,92.65,3.71,344.2,1.52,1.47,1.06,18.86,100.5,0.217,0.1731,21.24,19.05,0.411,13.4,1014.3,2.07,1,-0.866,0.5,0.9659,0.2588,0.202,0.179,0.0078,53.28,101.1,0
28.17,8.95,14.37,121.9,0.0,0.0,0.0,28.43,8.95,3.148,3.476,41.76,28.17,0.01,1.76,1010.2,5.28,0,0.866,-0.5,1.0,0.0,0.007,0.0,0.0,100.0,180.0,0
31.45,38.03,10.41,293.1,4.57,0.02,1.97,31.39,37.04,0.827,2.8561,35.02,32.0,0.139,15.98,1009.2,4.97,1,0.0,-1.0,0.0,-1.0,0.421,0.364,0.1236,27.24,67.7,0
5.79,64.1,4.06,55.8,0.95,0.28,19.91,2.83,72.73,0.09,0.3308,6.4,4.28,0.32,4.24,1014.8,2.03,1,-0.5,0.866,0.5,0.866,0.436,0.281,0.0109,56.94,91.7,0
31.0,63.84,4.73,49.0,0.0,0.0,0.0,33.8,63.84,0.486,1.6248,35.76,31.0,0.01,17.74,1012.4,12.82,1,1.0,0.0,0.0,1.0,0.035,0.0,0.0,100.0,180.0,0
31.43,67.08,5.26,319.5,0.0,0.0,0.0,31.52,67.08,0.469,1.5153,33.7,31.43,0.01,17.61,1011.6,2.71,1,-0.0,1.0,1.0,0.0,0.006,0.0,0.0,100.0,180.0,0
7.59,83.0,10.86,263.4,5.32,2.25,14.34,5.06,85.85,0.092,0.1774,7.44,6.81,0.289,3.63,1015.7,0.63,1,0.866,-0.5,-0.2588,0.9659,0.154,0.174,0.0024,73.24,166.3,0
11.54,60.44,6.97,286.2,2.53,3.83,16.95,9.13,64.65,0.191,0.5381,11.38,10.15,0.261,9.62,1014.5,2.96,0,0.866,-0.5,0.7071,0.7071,0.524,0.296,0.0292,112.55,109.3,0
31.3,45.51,11.84,268.4,2.05,2.39,2.53,30.74,44.27,0.688,2.4897,32.74,32.05,0.16,13.63,1014.2,3.67,1,-0.866,-0.5,0.7071,-0.7071,0.428,0.198,0.0571,25.04,34.9,0
37.78,11.51,43.89,169.6,0.0,0.1,0.13,38.08,13.51,3.283,5.7934,46.85,41.93,0.039,12.12,997.5,11.71,1,-0.866,-0.5,-0.2588,-0.9659,0.502,0.834,1.2653,3.11,20.7,1
34.61,10.7,43.79,324.9,0.0,0.13,0.06,36.23,10.75,3.236,4.9134,41.3,39.77,0.036,9.42,998.9,7.69,1,-0.866,-0.5,-0.5,-0.866,0.639,0.829,1.5662,4.99,10.0,1
9.16,52.15,2.32,262.2,0.14,5.01,0.81,7.6,53.83,0.176,0.5554,9.19,9.46,0.428,8.12,1024.7,1.99,1,-0.5,0.866,-0.2588,-0.9659,0.288,0.181,0.009,125.0,111.9,0
48.41,76.86,15.49,136.9,0.0,0.0,0.0,48.62,76.86,0.63,2.6364,57.23,48.41,0.0,23.6,1012.7,6.75,0,0.0,-1.0,0.5,0.866,0.007,0.0,0.0,100.0,180.0,0
32.87,49.31,15.89,337.7,0.04,1.7,5.2,33.94,48.93,0.667,2.5313,34.22,35.25,0.178,22.16,1016.2,3.17,0,-1.0,-0.0,0.7071,-0.7071,0.304,0.292,0.058,27.63,40.5,0
29.19,43.04,18.16,150.4,0.19,4.02,1.85,28.94,45.54,0.678,2.3074,31.79,30.7,0.12,13.89,1015.3,4.16,1,-1.0,-0.0,-0.2588,-0.9659,0.249,0.38,0.0628,34.73,42.2,0
30.06,47.06,21.52,356.5,0.42,0.52,0.13,31.55,50.78,0.639,2.2535,34.55,31.86,0.093,15.19,1017.2,3.55,1,-0.866,-0.5,-0.9659,-0.2588,0.311,0.38,0.074,31.2,41.3,0
40.9,10.98,39.58,256.3,0.0,0.03,0.48,43.83,11.75,3.725,6.8886,54.99,44.65,0.013,16.44,1004.9,6.62,1,-0.5,-0.866,-0.866,-0.5,0.708,0.458,1.107,6.69,5.2,1
41.56,15.23,18.98,144.5,0.0,0.02,0.63,43.13,15.63,2.728,6.7904,47.12,49.82,0.064,19.38,996.2,9.02,1,-0.5,-0.866,-0.9659,-0.2588,0.552,0.579,0.8185,4.26,13.6,1
33.0,41.98,21.64,105.1,0.0,0.0,0.0,35.26,41.98,0.786,2.9187,33.91,33.0,0.01,11.3,1011.3,4.17,0,-0.5,0.866,0.5,-0.866,0.032,0.0,0.0,100.0,180.0,0
41.82,18.85,22.39,214.5,0.0,0.0,0.0,44.24,18.85,2.219,6.5892,53.14,41.82,0.0,31.63,1011.8,4.82,0,0.5,-0.866,0.7071,0.7071,0.0,0.0,0.0,100.0,180.0,0
26.64,21.35,27.88,165.0,0.0,0.0,0.0,29.27,21.35,1.248,2.7453,31.03,26.64,0.0,9.92,1015.2,12.0,1,-0.5,0.866,0.2588,0.9659,0.022,0.0,0.0,100.0,180.0,0
29.83,44.96,12.06,318.9,0.46,5.21,3.69,29.89,51.25,0.663,2.3128,31.62,32.5,0.137,15.65,1008.5,4.31,0,-0.5,-0.866,-0.2588,-0.9659,0.331,0.336,0.0721,31.4,58.1,0
44.88,15.71,34.54,184.5,0.0,0.21,0.14,46.72,18.3,2.858,8.0278,59.11,48.62,0.07,15.79,1000.5,7.54,1,-0.5,-0.866,0.0,-1.0,0.597,0.848,1.3588,3.08,14.8,1
27.1,56.96,6.17,299.8,0.0,0.0,0.0,27.15,56.96,0.476,1.5435,29.33,27.1,0.01,12.34,1018.3,11.84,0,0.0,-1.0,0.5,-0.866,0.018,0.0,0.0,100.0,180.0,0
33.35,34.84,21.67,23.3,1.11,6.47,3.18,33.67,38.72,0.957,3.3425,36.1,33.74,0.128,20.12,1014.8,3.23,1,0.0,-1.0,-0.5,-0.866,0.338,0.133,0.0418,14.84,23.4,0
30.98,32.07,20.58,152.0,0.37,0.17,3.06,30.85,31.05,0.966,3.0482,33.52,32.63,0.123,20.95,1008.6,5.49,1,-0.5,-0.866,-0.7071,-0.7071,0.458,0.367,0.1575,13.52,29.9,0
11.27,86.05,4.92,47.5,0.65,6.44,2.76,11.57,87.7,0.131,0.1864,10.51,11.78,0.29,9.12,1024.9,0.09,0,0.5,0.866,0.7071,0.7071,0.165,0.09,0.0019,117.74,104.1,0
38.25,16.63,29.28,201.1,0.0,0.08,0.22,38.53,17.11,2.3,5.5981,46.96,41.86,0.049,13.67,1000.7,10.74,1,-0.5,-0.866,-0.866,-0.5,0.711,0.948,1.4623,4.64,10.4,1
45.5,6.76,16.45,146.1,0.0,0.0,0.0,48.01,6.76,6.729,9.1647,60.35,45.5,0.0,13.52,1006.6,14.05,0,-0.5,0.866,-0.9659,-0.2588,0.019,0.0,0.0,100.0,180.0,0
33.53,86.0,5.44,177.3,0.0,0.0,0.0,34.85,86.0,0.39,0.7254,43.54,33.53,0.01,11.42,1015.2,3.65,0,0.866,-0.5,-0.5,0.866,0.031,0.0,0.0,100.0,180.0,0
46.95,34.42,22.92,198.6,0.0,0.0,0.0,47.13,34.42,1.364,6.9426,49.6,46.95,0.0,15.61,1012.1,1.63,1,0.0,-1.0,-0.866,0.5,0.024,0.0,0.0,100.0,180.0,0
39.43,50.5,21.8,354.7,0.0,0.0,0.0,42.36,50.5,0.781,3.5419,48.7,39.43,0.0,11.03,1014.0,2.83,0,-0.5,-0.866,-0.866,-0.5,0.032,0.0,0.0,100.0,180.0,0
29.11,29.88,19.96,167.7,0.0,0.0,0.0,30.48,29.88,0.974,2.8267,41.12,29.11,0.01,-3.36,1012.0,11.49,1,0.866,0.5,0.866,-0.5,0.037,0.0,0.0,100.0,180.0,0
35.32,42.48,28.05,200.4,0.0,0.0,0.0,35.9,42.48,0.831,3.2912,37.56,35.32,0.01,21.91,1014.3,1.06,0,-0.5,0.866,0.866,-0.5,0.018,0.0,0.0,100.0,180.0,0
33.62,11.53,30.57,329.4,0.0,0.07,0.11,34.91,14.53,2.915,4.607,43.11,38.68,0.065,11.32,1003.1,10.9,1,-0.5,-0.866,-0.7071,-0.7071,0.503,0.321,0.4327,6.14,20.9,1
12.53,70.33,9.67,305.4,6.08,2.41,3.73,10.8,76.06,0.178,0.431,12.97,13.78,0.356,9.17,1012.7,0.13,0,-0.866,0.5,-0.866,0.5,0.108,0.219,0.0042,128.22,157.5,0
36.61,89.77,2.77,251.4,0.0,0.0,0.0,38.33,89.77,0.408,0.6282,37.76,36.61,0.0,6.2,1019.2,13.21,0,1.0,0.0,-0.9659,0.2588,0.007,0.0,0.0,100.0,180.0,0
18.65,82.18,5.66,100.7,1.82,4.9,24.82,17.86,89.2,0.227,0.3831,18.31,18.64,0.327,17.38,1016.1,2.8,0,1.0,0.0,-0.7071,-0.7071,0.479,0.001,0.0001,122.52,88.6,0
31.05,75.6,7.16,86.8,0.0,0.0,0.0,31.49,75.6,0.411,1.0993,45.07,31.05,0.0,10.42,1013.3,2.6,1,-0.866,-0.5,-0.866,-0.5,0.028,0.0,0.0,100.0,180.0,0
31.11,40.74,14.24,48.8,0.31,2.69,2.37,31.03,46.52,0.764,2.6785,32.82,34.17,0.164,16.31,1012.9,5.44,1,-0.866,-0.5,0.2588,-0.9659,0.457,0.448,0.1524,31.01,49.5,0
41.35,15.41,15.23,54.8,0.0,0.04,0.22,42.54,17.45,2.683,6.7022,52.66,46.46,0.075,19.62,1007.3,7.68,1,-0.866,-0.5,-0.866,-0.5,0.38,0.431,0.4128,5.14,15.9,1
46.67,81.13,9.29,88.0,0.0,0.0,0.0,49.01,81.13,0.575,1.9697,48.93,46.67,0.0,14.31,1010.5,1.04,0,1.0,0.0,-0.2588,0.9659,0.008,0.0,0.0,100.0,180.0,0
43.88,21.58,25.8,298.5,0.0,0.25,0.09,45.54,25.82,2.033,7.0908,49.71,52.92,0.032,19.04,1007.2,9.74,1,-0.5,-0.866,0.0,-1.0,0.57,0.563,0.6232,1.62,13.9,1
29.04,34.73,20.99,35.6,0.37,2.94,7.64,29.59,39.23,0.836,2.6212,30.24,31.49,0.131,11.18,1013.8,3.82,0,0.0,-1.0,0.0,-1.0,0.381,0.211,0.0654,20.08,41.8,0
35.09,10.55,41.12,338.6,0.0,0.1,0.04,37.89,12.97,3.327,5.0551,44.56,38.99,0.047,12.22,996.2,6.92,1,-0.5,-0.866,-0.866,-0.5,0.663,0.659,1.3284,5.57,19.2,1
16.44,47.64,6.31,201.3,0.41,7.94,2.31,16.76,48.88,0.345,0.9791,18.22,15.1,0.328,15.44,1014.7,0.8,0,0.866,0.5,0.5,0.866,0.118,0.163,0.0065,74.48,90.1,0
28.42,42.36,10.27,164.2,0.63,0.2,0.52,30.36,46.9,0.671,2.2324,31.13,29.81,0.095,11.97,1011.1,3.33,1,-0.5,-0.866,0.5,-0.866,0.297,0.133,0.0259,24.92,60.8,1
34.17,12.12,29.2,121.8,0.0,0.04,0.79,34.29,15.95,2.819,4.7193,43.31,43.06,0.071,8.3,1008.0,10.15,1,-0.5,-0.866,-0.9659,-0.2588,0.443,0.721,0.831,2.41,6.5,1
34.32,20.6,21.58,128.0,0.0,0.04,0.12,34.88,23.01,1.666,4.2994,48.13,40.53,0.08,10.04,1005.5,6.48,1,-0.866,-0.5,-0.7071,-0.7071,0.663,0.813,0.856,4.19,15.8,1
31.47,33.8,12.84,267.7,0.22,0.39,0.79,31.11,33.94,0.931,3.0543,36.3,34.09,0.141,20.21,1010.5,4.61,1,-1.0,-0.0,-0.9659,-0.2588,0.473,0.177,0.0759,13.87,68.0,1
37.09,14.14,36.73,40.0,0.0,0.06,0.46,38.57,16.27,2.624,5.414,44.14,43.61,0.079,7.8,996.8,8.27,1,-0.5,-0.866,-0.9659,-0.2588,0.37,0.739,0.6693,7.41,24.7,1
28.68,30.91,20.59,259.3,0.03,0.27,8.38,27.68,31.75,0.928,2.7161,32.93,30.82,0.167,16.43,1015.4,3.12,1,-1.0,-0.0,-0.9659,0.2588,0.432,0.457,0.1774,18.02,66.4,0
43.67,82.87,9.43,311.5,0.0,0.0,0.0,45.37,82.87,0.527,1.5321,48.73,43.67,0.0,27.08,1019.9,12.36,0,-0.5,-0.866,0.9659,0.2588,0.022,0.0,0.0,100.0,180.0,0
38.28,14.41,20.57,80.9,0.0,0.02,0.15,38.9,16.07,2.656,5.7567,46.02,47.19,0.071,13.78,1001.5,11.21,1,-0.866,-0.5,-0.7071,-0.7071,0.759,0.807,1.521,7.77,4.7,1
41.95,21.06,42.58,321.3,0.0,0.3,0.2,44.25,23.37,1.992,6.4559,52.53,45.0,0.076,15.18,1006.7,10.55,1,-0.866,-0.5,-0.5,-0.866,0.707,0.652,0.8765,6.85,4.8,1
39.63,82.17,21.64,249.4,0.0,0.0,0.0,40.02,82.17,0.482,1.2889,43.87,39.63,0.01,12.32,1017.8,13.22,0,0.0,-1.0,-0.2588,-0.9659,0.01,0.0,0.0,100.0,180.0,0
24.92,75.54,10.3,6.9,2.87,2.45,1.59,24.23,78.32,0.33,0.7715,26.74,25.97,0.228,20.57,1024.2,2.42,0,1.0,0.0,-0.5,0.866,0.333,0.173,0.0187,113.72,93.5,0
42.09,22.19,33.31,4.5,0.0,0.06,0.27,42.64,23.19,1.897,6.4107,52.24,47.57,0.06,21.16,996.8,9.65,1,-0.5,-0.866,-0.7071,-0.7071,0.357,0.605,0.3922,3.26,5.7,1
6.62,66.13,2.91,341.8,0.44,10.67,15.36,4.9,67.85,0.1,0.3304,6.46,7.07,0.323,4.32,1023.1,0.6,1,-0.866,0.5,0.5,-0.866,0.588,0.206,0.0119,63.36,85.2,0
37.07,8.31,25.11,270.5,0.0,0.02,0.09,37.17,13.04,4.462,5.7748,42.75,42.59,0.058,12.39,999.2,6.7,1,-0.5,-0.866,-0.866,-0.5,0.79,0.71,2.2342,6.58,0.6,1
26.57,58.15,8.53,140.1,0.0,0.0,0.0,29.27,58.15,0.457,1.4545,41.51,26.57,0.0,-1.77,1018.6,9.13,0,-1.0,-0.0,0.7071,0.7071,0.03,0.0,0.0,100.0,180.0,0
47.16,67.13,19.1,321.5,0.0,0.0,0.0,49.36,67.13,0.703,3.517,53.63,47.16,0.0,23.23,1006.4,12.97,0,0.0,-1.0,-1.0,-0.0,0.004,0.0,0.0,100.0,180.0,0
28.73,45.57,13.86,71.2,0.21,2.11,0.18,29.01,45.35,0.63,2.1463,32.13,29.56,0.119,13.28,1010.9,3.69,1,-0.866,-0.5,-0.5,-0.866,0.429,0.455,0.1203,16.65,23.1,1
40.92,23.21,25.55,348.2,0.0,0.15,0.29,43.27,27.66,1.763,5.9481,46.48,49.49,0.048,18.82,1003.4,6.71,1,-0.5,-0.866,0.0,-1.0,0.638,0.435,0.4695,7.09,11.5,1
49.87,75.75,6.14,311.3,0.0,0.0,0.0,52.19,75.75,0.658,2.9719,62.97,49.87,0.0,20.17,1017.5,1.25,0,0.5,-0.866,0.7071,-0.7071,0.029,0.0,0.0,100.0,180.0,0
41.36,10.64,44.32,72.5,0.0,0.01,0.13,42.6,11.3,3.888,7.0852,51.11,49.29,0.079,17.44,1007.5,8.89,1,-0.5,-0.866,0.0,-1.0,0.365,0.381,0.4936,2.25,8.1,1
14.82,88.26,10.83,216.4,1.56,8.42,43.78,14.6,92.89,0.168,0.1979,15.01,13.24,0.377,12.41,1014.1,2.92,0,0.5,0.866,-1.0,-0.0,0.544,0.207,0.0187,68.31,117.7,0
29.89,20.18,16.02,83.5,0.0,0.0,0.0,32.63,20.18,1.481,3.3658,43.34,29.89,0.01,0.1,1018.8,6.44,0,-0.0,1.0,-0.7071,-0.7071,0.01,0.0,0.0,100.0,180.0,0
36.1,17.2,40.23,287.4,0.0,0.35,0.14,37.02,18.37,2.099,4.9457,43.48,43.13,0.05,11.08,1002.8,8.54,1,-0.5,-0.866,-0.9659,-0.2588,0.51,0.675,0.6822,8.51,20.0,1
5.01,82.49,4.54,32.8,5.22,3.52,4.53,4.76,82.46,0.061,0.1528,6.14,5.09,0.445,-1.11,1023.7,1.9,0,-0.0,1.0,-0.866,-0.5,0.336,0.018,0.0004,125.41,176.7,0
6.95,84.35,9.94,200.7,2.67,25.94,32.97,5.13,92.29,0.082,0.1562,7.69,7.22,0.222,-0.17,1014.4,0.81,0,0.5,0.866,1.0,0.0,0.108,0.046,0.0004,89.05,91.8,0
27.71,7.99,3.09,334.6,0.0,0.0,0.0,28.99,7.99,3.468,3.4196,39.13,27.71,0.01,16.03,1009.8,0.45,0,0.866,0.5,-0.866,0.5,0.028,0.0,0.0,100.0,180.0,0
47.83,52.1,22.56,82.9,0.0,0.0,0.0,49.22,52.1,0.918,5.3024,48.13,47.83,0.01,31.19,1018.0,7.97,1,-0.866,-0.5,0.866,-0.5,0.016,0.0,0.0,100.0,180.0,0
29.45,40.92,13.26,221.6,0.59,0.33,0.61,29.5,47.05,0.72,2.4282,30.77,29.67,0.104,15.55,1011.3,3.43,0,-1.0,-0.0,-0.9659,-0.2588,0.287,0.416,0.0838,11.22,36.1,0
49.74,29.97,22.92,119.5,0.0,0.0,0.0,52.42,29.97,1.659,8.5262,60.61,49.74,0.01,35.91,1015.3,10.46,0,0.5,-0.866,0.0,-1.0,0.011,0.0,0.0,100.0,180.0,0
32.08,40.95,17.92,191.2,1.39,3.29,0.23,31.98,41.0,0.783,2.8194,34.55,32.22,0.168,15.74,1011.2,5.02,0,-0.866,-0.5,-0.9659,-0.2588,0.443,0.202,0.0683,34.38,39.6,0
49.08,81.89,12.13,261.6,0.0,0.0,0.0,51.96,81.89,0.599,2.1341,61.8,49.08,0.01,36.98,1011.0,2.03,1,-0.866,0.5,1.0,0.0,0.034,0.0,0.0,100.0,180.0,0
19.59,49.73,2.08,214.1,3.63,14.71,8.28,18.49,56.5,0.394,1.1461,20.06,19.59,0.21,11.86,1020.9,1.62,0,0.866,0.5,0.9659,-0.2588,0.444,0.004,0.0007,67.22,80.5,0
15.99,67.5,3.73,42.4,0.65,4.57,14.93,13.46,74.66,0.237,0.5907,17.03,15.01,0.231,12.74,1014.3,2.03,0,0.5,-0.866,0.2588,0.9659,0.262,0.172,0.0105,53.1,132.0,0
33.21,36.53,12.17,113.8,0.57,1.26,2.55,32.78,34.54,0.909,3.2305,38.07,36.58,0.172,17.08,1016.3,4.93,1,-0.5,-0.866,-0.9659,0.2588,0.414,0.42,0.1538,17.62,20.4,0
13.61,60.58,6.48,44.8,0.48,3.89,50.06,13.98,63.93,0.225,0.6143,14.82,13.4,0.357,7.79,1020.5,1.68,0,0.5,0.866,0.866,-0.5,0.328,0.035,0.0026,141.26,153.3,0
26.86,48.69,27.8,312.3,0.0,0.0,0.0,27.3,48.69,0.552,1.8145,35.23,26.86,0.0,-6.49,1015.5,14.96,1,0.0,-1.0,-0.866,-0.5,0.037,0.0,0.0,100.0,180.0,0
33.1,39.53,12.13,185.9,1.59,0.21,8.98,32.44,46.3,0.837,3.0586,36.21,35.12,0.114,15.39,1011.4,4.95,1,-0.866,-0.5,0.7071,-0.7071,0.309,0.154,0.039,27.8,33.5,0
37.76,18.74,41.76,249.3,0.0,0.15,0.37,39.09,19.91,2.015,5.3132,47.08,46.39,0.015,13.98,998.7,8.38,1,-0.866,-0.5,-0.2588,-0.9659,0.581,0.764,0.8488,7.68,16.9,1
28.3,35.68,13.76,139.0,0.7,2.79,0.04,29.32,42.15,0.793,2.4737,31.38,29.55,0.111,16.2,1010.7,5.7,0,-0.866,-0.5,-0.7071,-0.7071,0.371,0.431,0.1234,25.98,34.3,0
28.54,53.65,26.82,174.0,0.0,0.0,0.0,29.11,53.65,0.532,1.8083,39.76,28.54,0.01,4.77,1006.4,4.55,1,-0.5,0.866,0.2588,0.9659,0.015,0.0,0.0,100.0,180.0,0
49.74,32.09,24.51,312.2,0.0,0.0,0.0,52.63,32.09,1.55,8.2684,55.06,49.74,0.0,14.77,1005.9,13.66,0,-0.5,-0.866,0.0,1.0,0.032,0.0,0.0,100.0,180.0,0
28.29,33.3,15.2,155.3,0.02,3.51,5.92,28.17,33.44,0.85,2.5646,30.31,28.44,0.118,10.49,1010.3,4.71,1,-0.5,-0.866,-0.5,-0.866,0.204,0.273,0.0461,33.04,28.3,0
31.66,34.82,14.07,261.8,0.16,1.75,2.33,33.61,33.63,0.909,3.0405,33.94,35.33,0.172,14.05,1010.2,3.64,1,-1.0,-0.0,0.7071,-0.7071,0.263,0.112,0.0261,13.69,34.2,0
41.9,15.18,13.39,217.6,0.0,0.0,0.0,43.37,15.18,2.76,6.9168,50.51,41.9,0.01,19.29,1009.4,1.79,0,-0.866,-0.5,0.9659,-0.2588,0.018,0.0,0.0,100.0,180.0,0
29.96,39.4,14.47,309.8,0.27,1.49,4.21,29.44,46.15,0.76,2.5659,33.24,33.93,0.094,15.57,1016.5,3.44,0,-1.0,-0.0,-0.9659,-0.2588,0.421,0.481,0.1503,19.56,38.9,0
43.74,20.67,18.76,304.7,0.0,0.04,0.07,44.25,23.2,2.116,7.1216,52.16,49.62,0.038,21.95,1008.6,7.77,1,-0.5,-0.866,-0.9659,-0.2588,0.617,0.329,0.41,3.79,22.8,1
28.71,41.96,13.22,77.5,0.64,0.55,4.03,29.19,47.34,0.684,2.2863,32.38,32.51,0.126,17.3,1009.6,3.6,1,-0.866,-0.5,0.2588,-0.9659,0.342,0.299,0.0685,28.89,49.1,0
24.05,61.94,8.24,346.6,3.27,2.75,26.46,21.73,61.35,0.388,1.1391,23.37,23.25,0.287,20.23,1021.1,2.39,0,-0.0,1.0,0.0,1.0,0.422,0.249,0.0402,126.54,166.8,0
30.02,68.47,13.48,264.3,0.0,0.0,0.0,31.68,68.47,0.438,1.3392,42.36,30.02,0.01,14.61,1005.7,7.62,1,-0.5,0.866,-0.2588,-0.9659,0.004,0.0,0.0,100.0,180.0,0
23.35,66.45,5.82,303.1,0.59,12.69,1.22,24.0,75.1,0.351,0.9628,22.18,24.69,0.424,17.65,1021.3,0.59,0,-0.5,0.866,-0.7071,-0.7071,0.31,0.196,0.021,59.43,170.9,0
34.95,10.96,18.17,142.9,0.0,0.01,0.19,36.94,13.07,3.19,4.9931,45.31,42.31,0.067,14.28,995.5,7.21,1,-0.866,-0.5,-0.9659,-0.2588,0.811,0.758,1.7976,7.36,7.3,1
29.83,31.37,14.8,75.0,0.18,0.28,0.51,31.75,38.12,0.951,2.884,33.14,31.98,0.141,15.23,1015.1,4.02,0,-1.0,-0.0,-0.5,-0.866,0.33,0.375,0.1139,28.35,37.0,1
8.65,58.79,4.32,203.8,3.28,6.49,15.2,6.92,62.09,0.147,0.4622,8.16,8.2,0.311,1.71,1012.4,1.96,1,-0.0,1.0,0.866,-0.5,0.429,0.008,0.0005,67.87,167.9,0
34.37,76.27,4.65,48.4,0.0,0.0,0.0,36.13,76.27,0.451,1.2884,34.81,34.37,0.0,21.02,1009.8,9.12,1,-0.5,-0.866,0.9659,0.2588,0.034,0.0,0.0,100.0,180.0,0
10.67,47.38,4.69,133.4,0.4,7.07,22.47,9.91,46.04,0.225,0.6758,9.49,9.14,0.389,9.19,1023.0,2.01,0,0.866,-0.5,0.7071,-0.7071,0.255,0.22,0.0124,66.83,171.5,0
24.99,88.08,11.82,349.2,0.97,2.51,3.76,24.96,93.81,0.284,0.3774,25.4,24.78,0.369,22.82,1023.2,2.36,1,-0.5,0.866,0.5,0.866,0.236,0.213,0.0141,64.29,175.2,0
32.23,45.7,13.17,34.5,0.29,2.5,4.03,32.53,45.21,0.705,2.6154,35.75,32.69,0.176,21.81,1011.7,4.8,1,-0.866,-0.5,0.0,-1.0,0.387,0.406,0.1084,29.05,36.0,0
37.63,14.05,27.71,352.5,0.0,0.32,0.2,40.0,18.53,2.679,5.5821,52.48,45.8,0.051,16.37,1008.4,8.18,1,-0.866,-0.5,-0.866,-0.5,0.537,0.469,0.629,9.53,19.1,1
30.66,43.99,21.71,130.9,0.13,0.12,1.33,32.27,43.25,0.697,2.4684,32.62,31.69,0.15,13.49,1009.7,4.82,1,0.0,-1.0,0.0,-1.0,0.282,0.165,0.0317,28.44,31.7,0
25.64,6.69,11.54,336.9,0.0,0.0,0.0,25.66,6.69,3.832,3.0695,33.2,25.64,0.01,1.19,1013.1,2.31,1,0.5,-0.866,-0.7071,0.7071,0.036,0.0,0.0,100.0,180.0,0
25.63,85.25,16.95,16.8,0.0,0.0,0.0,26.41,85.25,0.301,0.4849,26.98,25.63,0.0,11.25,1005.6,1.69,0,-0.866,-0.5,0.7071,0.7071,0.026,0.0,0.0,100.0,180.0,0
36.25,14.45,37.95,354.1,0.0,0.03,0.12,37.23,19.16,2.508,5.1522,50.91,45.6,0.067,11.42,1009.0,10.62,1,-0.866,-0.5,-0.9659,-0.2588,0.538,0.685,0.8632,5.94,12.3,1
35.05,83.47,18.58,56.4,0.0,0.0,0.0,37.08,83.47,0.42,0.9319,48.79,35.05,0.0,14.84,1018.3,4.97,1,0.0,-1.0,0.0,-1.0,0.029,0.0,0.0,100.0,180.0,0
48.37,36.83,15.22,228.5,0.0,0.0,0.0,50.66,36.83,1.313,7.1841,53.97,48.37,0.0,16.6,1016.4,7.47,1,0.866,0.5,0.5,-0.866,0.04,0.0,0.0,100.0,180.0,0
26.86,15.13,18.34,175.3,0.0,0.0,0.0,28.86,15.13,1.775,3.0003,35.74,26.86,0.01,4.9,1008.5,4.65,1,0.866,0.5,0.0,1.0,0.039,0.0,0.0,100.0,180.0,0
36.95,23.84,34.12,155.2,0.0,0.17,0.39,37.89,25.3,1.549,4.7642,42.04,40.26,0.016,9.23,995.2,11.12,1,-0.5,-0.866,-0.7071,-0.7071,0.611,0.654,0.5944,5.2,12.2,1
39.17,18.49,28.78,234.8,0.0,0.05,0.08,39.7,18.52,2.119,5.7503,48.01,47.71,0.049,14.34,1002.6,6.94,1,-0.866,-0.5,-0.866,-0.5,0.36,0.734,0.5313,2.5,13.6,1
32.88,34.28,10.86,40.1,0.14,4.05,0.27,32.92,36.08,0.959,3.2831,36.58,36.7,0.098,16.7,1009.9,4.42,1,-0.866,-0.5,0.5,-0.866,0.454,0.36,0.1525,24.85,63.2,0
35.03,76.18,8.51,354.8,0.0,0.0,0.0,37.98,76.18,0.46,1.3411,36.57,35.03,0.01,12.97,1019.9,5.44,1,-0.866,-0.5,-0.5,0.866,0.014,0.0,0.0,100.0,180.0,0
38.71,33.68,9.04,77.7,0.0,0.0,0.0,41.01,33.68,1.149,4.5657,42.46,38.71,0.01,22.88,1016.8,10.33,0,-0.866,-0.5,-0.2588,-0.9659,0.006,0.0,0.0,100.0,180.0,0
34.74,18.67,28.16,215.4,0.0,0.17,0.24,35.68,20.74,1.861,4.5071,43.76,44.34,0.014,11.7,1002.4,9.62,1,-0.866,-0.5,-0.7071,-0.7071,0.743,0.718,0.9429,9.45,5.5,1
31.75,45.66,3.89,47.9,0.0,0.0,0.0,33.82,45.66,0.696,2.5482,34.7,31.75,0.0,9.16,1007.8,13.36,0,-0.866,-0.5,-0.5,-0.866,0.015,0.0,0.0,100.0,180.0,0
9.0,76.05,6.27,197.4,3.14,4.21,6.87,6.01,78.86,0.118,0.2748,8.47,9.89,0.18,3.75,1015.2,1.39,0,0.866,-0.5,0.0,1.0,0.158,0.198,0.0037,122.79,89.4,0
50.95,69.82,27.61,13.3,0.0,0.0,0.0,53.52,69.82,0.73,3.9018,59.42,50.95,0.0,24.39,1005.7,5.05,0,0.5,0.866,0.0,1.0,0.017,0.0,0.0,100.0,180.0,0
30.44,42.51,19.86,45.1,0.72,1.19,2.87,31.47,41.46,0.716,2.5008,32.03,33.4,0.139,15.27,1014.0,3.69,1,-1.0,-0.0,0.0,-1.0,0.394,0.497,0.137,34.55,66.5,1
31.8,37.51,14.39,253.8,0.08,4.0,2.35,33.72,36.94,0.848,2.9384,33.28,34.03,0.098,15.87,1010.8,5.64,1,0.0,-1.0,-0.9659,0.2588,0.413,0.241,0.0824,26.17,20.7,0
12.47,88.77,9.3,235.2,0.65,11.12,44.34,10.55,89.73,0.141,0.1625,11.3,11.34,0.2,8.45,1018.5,0.97,0,-0.0,1.0,-0.2588,0.9659,0.178,0.22,0.0054,107.32,111.5,0
34.88,20.98,22.3,30.0,0.0,0.19,0.33,36.89,21.96,1.662,4.4128,47.46,38.53,0.055,8.72,1006.8,7.03,1,-0.5,-0.866,0.0,-1.0,0.527,0.934,0.7813,4.35,16.4,1
46.36,71.25,21.04,212.7,0.0,0.0,0.0,47.07,71.25,0.651,2.9536,55.11,46.36,0.01,14.73,1014.9,13.34,1,0.866,0.5,0.0,1.0,0.034,0.0,0.0,100.0,180.0,0
24.79,70.37,12.23,163.3,0.34,10.91,2.44,25.28,68.64,0.352,0.9272,23.51,23.16,0.424,20.33,1012.9,0.38,0,0.866,-0.5,0.9659,0.2588,0.591,0.043,0.0088,51.2,131.0,0
32.1,38.35,19.8,207.8,0.74,0.06,1.5,31.57,38.84,0.837,2.9482,33.83,34.51,0.112,19.54,1011.6,5.49,0,-1.0,-0.0,-0.2588,-0.9659,0.394,0.148,0.0476,17.5,50.2,0
37.75,35.28,9.76,40.2,0.0,0.0,0.0,40.65,35.28,1.07,4.2293,45.57,37.75,0.01,15.11,1019.9,8.82,1,-0.866,0.5,-0.5,0.866,0.03,0.0,0.0,100.0,180.0,0
33.24,39.89,20.0,321.8,0.01,2.11,6.77,33.04,45.0,0.833,3.0642,37.53,33.84,0.146,17.65,1012.3,3.82,1,-1.0,-0.0,-0.5,-0.866,0.292,0.154,0.0365,27.82,61.1,1
29.59,46.53,12.39,44.0,0.04,2.66,1.82,28.96,49.83,0.636,2.2154,32.37,33.53,0.098,16.93,1016.6,4.09,1,0.0,-1.0,-0.9659,0.2588,0.247,0.183,0.0281,30.02,67.7,0
33.03,37.82,14.38,337.7,0.42,1.19,1.44,32.85,36.57,0.873,3.1324,34.18,34.5,0.117,17.17,1009.6,4.2,1,0.0,-1.0,0.7071,-0.7071,0.212,0.429,0.0775,29.87,56.0,1
49.36,27.25,24.25,41.5,0.0,0.0,0.0,49.45,27.25,1.811,8.6927,55.89,49.36,0.0,17.13,1011.1,10.33,1,0.0,-1.0,-0.5,0.866,0.012,0.0,0.0,100.0,180.0,0
38.21,22.11,22.7,113.2,0.0,0.02,0.03,39.39,23.52,1.728,5.218,50.87,48.15,0.068,17.74,1009.8,8.24,1,-0.866,-0.5,0.0,-1.0,0.763,0.422,0.5322,5.64,9.1,1
29.67,42.75,19.48,40.6,0.43,1.44,2.07,29.34,42.8,0.694,2.3829,31.32,32.19,0.105,13.46,1017.4,4.59,1,0.0,-1.0,0.7071,-0.7071,0.283,0.457,0.0876,21.29,20.4,0
28.95,37.65,13.59,278.8,0.88,1.15,1.09,29.89,43.14,0.769,2.4898,32.92,30.03,0.155,18.38,1011.4,4.36,1,0.0,-1.0,0.5,-0.866,0.318,0.286,0.0682,28.19,28.3,0
42.01,24.15,17.57,196.8,0.0,0.4,0.06,43.6,26.18,1.739,6.2218,50.88,51.76,0.041,18.55,1010.0,9.46,1,-0.5,-0.866,0.0,-1.0,0.421,0.485,0.3411,7.62,7.4,1
40.6,9.74,34.78,114.8,0.0,0.08,0.1,41.0,11.83,4.167,6.8729,52.08,44.6,0.057,18.32,1009.2,7.55,1,-0.866,-0.5,-0.5,-0.866,0.407,0.4,0.6162,1.75,2.8,1
30.39,43.56,14.51,252.8,1.52,0.1,0.64,32.12,49.21,0.698,2.449,34.38,31.27,0.092,18.33,1017.4,3.57,1,-0.5,-0.866,-0.2588,-0.9659,0.235,0.47,0.0752,18.61,57.2,1
47.42,72.55,2.2,335.4,0.0,0.0,0.0,48.14,72.55,0.654,2.9757,57.29,47.42,0.0,28.16,1016.8,14.93,1,-0.866,-0.5,0.5,-0.866,0.035,0.0,0.0,100.0,180.0,0
41.34,29.51,22.44,83.8,0.0,0.0,0.0,41.88,29.51,1.401,5.5832,43.54,41.34,0.01,29.74,1006.3,11.79,1,1.0,0.0,-1.0,-0.0,0.033,0.0,0.0,100.0,180.0,0
42.87,22.11,21.82,73.4,0.0,0.0,0.1,44.9,24.95,1.939,6.6838,56.21,50.66,0.077,13.57,1000.1,9.52,1,-0.866,-0.5,-0.7071,-0.7071,0.398,0.506,0.3736,4.46,10.9,1
48.23,13.03,27.58,309.2,0.0,0.0,0.0,49.63,13.03,3.701,9.8224,54.52,48.23,0.0,23.42,1015.6,11.09,0,-1.0,-0.0,0.866,0.5,0.035,0.0,0.0,100.0,180.0,0
8.48,84.54,11.36,293.5,0.49,7.26,14.13,6.89,91.41,0.1,0.1713,7.91,9.32,0.364,7.31,1014.3,0.4,1,0.866,-0.5,-0.2588,0.9659,0.484,0.085,0.0041,104.54,148.4,0
17.07,45.6,4.98,222.0,1.38,9.08,28.98,17.58,45.67,0.374,1.059,18.74,16.74,0.446,14.13,1017.8,2.12,0,0.866,0.5,0.0,-1.0,0.206,0.095,0.0072,148.0,168.0,0
18.65,66.95,5.52,239.1,1.84,0.64,5.34,16.74,66.56,0.279,0.7104,20.33,20.55,0.183,15.88,1020.5,2.12,0,-0.0,1.0,-0.7071,0.7071,0.418,0.073,0.0084,56.4,155.5,0
36.02,13.12,28.88,120.3,0.0,0.15,0.51,38.47,13.37,2.745,5.1672,45.36,43.57,0.035,14.89,1000.9,9.85,1,-0.866,-0.5,-0.7071,-0.7071,0.754,0.917,1.7629,3.25,14.9,1
5.24,90.48,1.61,208.5,0.37,1.35,9.5,4.46,94.21,0.058,0.0845,6.57,4.65,0.385,1.29,1012.5,0.85,0,0.866,-0.5,-0.9659,0.2588,0.356,0.162,0.0033,69.3,105.3,0
41.78,11.01,15.66,127.2,0.0,0.05,0.06,42.34,11.64,3.795,7.2137,55.88,51.49,0.071,18.12,1002.8,11.92,1,-0.866,-0.5,-0.2588,-0.9659,0.631,0.311,0.6838,4.56,13.4,1
18.29,54.97,6.51,52.3,2.15,2.86,3.97,17.18,57.83,0.333,0.9464,18.44,17.37,0.244,11.7,1012.1,0.33,0,-0.0,1.0,0.5,0.866,0.241,0.275,0.0216,113.29,179.0,0
34.76,21.26,35.64,110.3,0.0,0.18,0.04,36.51,21.26,1.635,4.3701,45.53,38.11,0.074,4.85,1000.1,7.02,1,-0.5,-0.866,-0.7071,-0.7071,0.487,0.339,0.2577,2.94,18.1,1
19.11,69.36,3.8,28.2,3.09,4.03,24.66,19.87,77.96,0.275,0.6776,20.51,19.56,0.33,14.05,1023.4,1.62,0,-0.0,1.0,0.0,1.0,0.415,0.22,0.0248,63.49,80.5,0
34.17,17.8,30.75,308.9,0.0,0.01,0.21,35.43,18.24,1.92,4.4148,48.5,40.36,0.03,11.07,1000.9,7.73,1,-0.866,-0.5,-0.2588,-0.9659,0.569,0.603,0.6234,9.0,14.5,1
44.28,10.83,40.2,162.1,0.0,0.12,0.35,44.43,15.49,4.09,8.2345,54.02,50.35,0.076,17.26,1002.9,8.41,1,-0.866,-0.5,-0.2588,-0.9659,0.41,0.425,0.6531,7.41,19.1,1
17.42,90.33,11.46,78.1,1.16,3.77,19.5,16.49,92.34,0.193,0.1924,18.39,18.71,0.185,14.6,1021.7,2.85,0,1.0,0.0,-1.0,-0.0,0.116,0.267,0.0059,102.14,135.0,0
29.57,36.08,15.47,79.9,1.07,1.25,6.87,29.5,42.68,0.82,2.6455,32.79,30.39,0.166,17.77,1016.7,5.78,1,0.0,-1.0,-0.5,-0.866,0.275,0.369,0.0811,31.07,22.0,0
41.89,17.51,16.45,283.1,0.0,0.03,0.01,42.95,19.49,2.392,6.7235,47.26,50.36,0.045,18.86,1000.8,6.09,1,-0.5,-0.866,0.0,-1.0,0.378,0.7,0.5996,3.23,4.4,1
43.14,18.12,15.71,100.5,0.0,0.0,0.29,44.26,20.17,2.381,7.1254,56.99,50.53,0.062,15.65,1003.7,7.42,1,-0.5,-0.866,-0.5,-0.866,0.669,0.723,1.0907,9.92,5.6,1
11.85,69.76,8.91,267.1,2.34,12.38,4.32,10.72,79.71,0.17,0.4199,11.51,13.17,0.368,4.99,1021.7,1.64,0,0.5,-0.866,-0.5,-0.866,0.237,0.0,0.0,73.52,147.1,0
48.65,17.53,23.52,226.4,0.0,0.0,0.0,51.42,17.53,2.776,9.5097,60.79,48.65,0.01,16.69,1019.2,1.88,0,0.866,0.5,-0.9659,0.2588,0.01,0.0,0.0,100.0,180.0,0
33.98,13.36,42.81,86.2,0.0,0.05,0.53,35.71,17.42,2.543,4.6024,42.66,41.39,0.047,7.34,995.4,6.92,1,-0.5,-0.866,0.0,-1.0,0.505,0.621,0.7426,7.38,10.1,1
42.72,12.6,37.15,187.0,0.0,0.05,0.0,43.27,17.56,3.39,7.4415,55.13,47.72,0.075,21.89,995.6,8.49,1,-0.866,-0.5,-0.9659,-0.2588,0.374,0.695,0.8157,5.03,8.1,1
32.15,27.16,12.4,357.1,0.0,0.0,0.0,32.71,27.16,1.183,3.492,41.06,32.15,0.0,17.6,1013.7,1.89,1,0.5,0.866,-1.0,-0.0,0.025,0.0,0.0,100.0,180.0,0
8.58,56.86,4.62,252.5,1.79,3.89,21.99,8.07,55.68,0.151,0.4814,10.15,8.01,0.364,5.14,1020.5,2.93,0,-0.5,0.866,-0.866,0.5,0.513,0.075,0.0057,76.19,104.4,0
33.19,10.53,41.04,309.7,0.0,0.0,0.24,33.67,12.58,3.152,4.5475,44.42,40.36,0.063,4.09,1000.1,8.71,1,-0.5,-0.866,-0.7071,-0.7071,0.44,0.821,1.0396,0.69,1.2,1
34.25,29.97,26.4,138.0,0.0,0.0,0.0,35.44,29.97,1.143,3.7781,37.6,34.25,0.0,6.95,1017.6,5.77,0,-0.5,-0.866,-0.9659,-0.2588,0.025,0.0,0.0,100.0,180.0,0
32.89,36.66,16.89,201.0,0.67,3.6,4.66,32.77,43.67,0.897,3.1669,35.29,34.42,0.103,15.59,1009.7,5.2,1,-1.0,-0.0,0.0,-1.0,0.499,0.294,0.1284,23.36,51.2,0
41.85,58.63,23.18,30.5,0.0,0.0,0.0,42.94,58.63,0.714,3.3649,48.49,41.85,0.01,13.54,1018.0,13.42,1,0.0,-1.0,-0.9659,0.2588,0.03,0.0,0.0,100.0,180.0,0
31.97,33.01,17.21,326.6,0.82,0.3,1.08,32.54,32.58,0.968,3.1799,34.22,35.65,0.159,18.42,1015.1,5.53,1,-1.0,-0.0,-0.9659,-0.2588,0.372,0.246,0.0861,20.2,35.7,1
30.41,44.11,14.5,209.3,0.28,1.58,6.52,29.92,44.19,0.689,2.4281,33.8,30.76,0.167,16.39,1013.4,5.69,1,0.0,-1.0,0.0,-1.0,0.327,0.141,0.0312,21.47,53.8,1
40.79,35.06,22.0,44.7,0.0,0.0,0.0,41.13,35.06,1.163,4.9951,41.05,40.79,0.0,7.79,1016.1,12.84,0,-0.866,0.5,0.9659,0.2588,0.006,0.0,0.0,100.0,180.0,0
42.21,45.7,7.61,32.8,0.0,0.0,0.0,43.65,45.7,0.923,4.5,43.64,42.21,0.01,28.57,1009.1,11.47,0,0.866,0.5,-0.9659,0.2588,0.002,0.0,0.0,100.0,180.0,0
32.25,35.99,17.36,101.0,0.05,1.95,1.57,33.37,41.96,0.896,3.0869,36.43,35.05,0.142,18.7,1013.7,4.88,1,-0.866,-0.5,-0.9659,-0.2588,0.309,0.222,0.06,34.56,60.0,0
38.38,23.73,35.08,109.7,0.0,0.15,0.17,39.16,25.31,1.617,5.1577,49.46,41.78,0.04,9.72,1001.7,9.04,1,-0.866,-0.5,-0.5,-0.866,0.529,0.72,0.5908,9.82,1.7,1
43.96,14.95,27.12,316.0,0.0,0.02,0.15,46.44,16.73,2.941,7.7234,49.81,49.16,0.048,20.56,1002.7,10.12,1,-0.866,-0.5,0.0,-1.0,0.756,0.611,1.2748,3.55,13.4,1
28.61,46.18,10.0,21.5,0.0,0.0,0.0,29.84,46.18,0.62,2.1081,36.79,28.61,0.01,14.45,1005.3,4.97,0,-0.5,-0.866,0.7071,0.7071,0.038,0.0,0.0,100.0,180.0,0
33.31,34.2,15.84,313.8,0.07,2.47,5.63,34.53,38.0,0.974,3.368,36.44,36.55,0.136,18.61,1013.7,4.84,1,0.0,-1.0,-0.866,-0.5,0.373,0.377,0.133,33.68,55.5,0
29.52,34.28,18.97,6.4,0.14,1.27,2.86,30.64,41.98,0.861,2.7119,30.87,31.07,0.157,13.19,1017.0,5.64,1,-1.0,-0.0,0.0,-1.0,0.376,0.237,0.0747,12.65,29.7,1
36.53,9.14,29.92,165.0,0.0,0.02,0.15,37.79,11.24,3.997,5.5578,43.51,44.73,0.042,14.27,1003.0,6.76,1,-0.866,-0.5,-0.7071,-0.7071,0.375,0.3,0.4055,5.45,12.5,1
39.88,8.67,24.73,346.6,0.0,0.02,0.09,40.46,9.22,4.6,6.6934,52.44,44.85,0.038,17.97,1001.0,9.35,1,-0.5,-0.866,-0.7071,-0.7071,0.839,0.844,2.9229,7.45,3.7,1
38.74,11.82,25.25,45.1,0.0,0.0,0.0,40.4,11.82,3.276,6.0779,52.64,38.74,0.0,21.57,1018.0,11.32,1,-1.0,-0.0,-0.2588,-0.9659,0.022,0.0,0.0,100.0,180.0,0
36.06,31.31,14.16,174.9,0.0,0.0,0.0,38.39,31.31,1.152,4.0938,37.39,36.06,0.0,3.53,1011.6,2.42,1,-0.0,1.0,0.7071,0.7071,0.017,0.0,0.0,100.0,180.0,0
24.43,56.23,9.54,23.9,0.2,1.89,8.24,23.12,55.16,0.434,1.3403,25.07,23.08,0.35,18.05,1018.6,2.58,0,0.866,-0.5,1.0,0.0,0.171,0.165,0.012,104.35,135.9,0
38.27,18.04,39.39,50.7,0.0,0.15,0.26,38.39,18.91,2.122,5.5089,52.97,42.45,0.035,14.11,1007.6,9.0,1,-0.866,-0.5,0.0,-1.0,0.842,0.308,0.5212,0.73,17.4,1
15.33,73.74,14.78,39.7,0.5,3.16,4.37,13.96,82.06,0.208,0.4575,15.4,16.12,0.299,7.98,1023.4,0.87,1,-0.0,1.0,0.0,-1.0,0.303,0.275,0.0171,140.18,154.4,0
28.96,41.53,19.83,208.6,0.15,1.44,5.8,28.21,41.64,0.697,2.3369,32.44,29.52,0.118,16.47,1017.8,3.71,1,-0.5,-0.866,-1.0,-0.0,0.361,0.157,0.0385,11.61,38.3,0
30.53,35.7,20.9,175.8,0.71,2.98,0.61,30.22,41.58,0.855,2.8126,32.18,31.58,0.122,13.96,1012.9,3.83,1,-1.0,-0.0,-0.5,-0.866,0.387,0.466,0.1499,32.85,33.2,1
39.59,16.06,35.7,168.8,0.0,0.19,0.19,42.07,19.47,2.465,6.0582,45.17,45.12,0.021,14.66,1004.8,9.31,1,-0.866,-0.5,-0.7071,-0.7071,0.386,0.342,0.3064,5.17,18.6,1
32.67,22.36,3.42,124.6,0.0,0.0,0.0,35.06,22.36,1.461,3.8339,41.99,32.67,0.01,17.16,1006.7,1.41,0,0.5,0.866,-0.5,-0.866,0.007,0.0,0.0,100.0,180.0,0
35.2,23.65,21.62,348.4,0.0,0.33,0.08,35.46,27.76,1.488,4.3404,49.55,40.9,0.063,7.92,1004.2,9.1,1,-0.866,-0.5,-0.866,-0.5,0.82,0.385,0.4506,5.73,5.8,1
50.27,57.39,23.45,98.7,0.0,0.0,0.0,52.11,57.39,0.876,5.3267,56.26,50.27,0.0,20.35,1014.4,9.37,0,-1.0,-0.0,0.866,0.5,0.036,0.0,0.0,100.0,180.0,0
28.13,30.66,16.68,72.8,0.27,1.08,11.25,29.81,34.0,0.918,2.6417,29.22,28.66,0.114,12.78,1010.6,5.27,1,-0.5,-0.866,0.2588,-0.9659,0.346,0.404,0.1243,22.98,38.1,0
32.01,71.05,11.87,311.5,0.0,0.0,0.0,32.79,71.05,0.451,1.3772,33.94,32.01,0.0,8.04,1006.2,1.18,0,-1.0,-0.0,-0.866,-0.5,0.017,0.0,0.0,100.0,180.0,0
27.26,28.46,16.21,70.3,0.0,0.0,0.0,29.58,28.46,0.958,2.589,32.96,27.26,0.01,14.2,1010.9,10.99,0,-0.5,0.866,1.0,0.0,0.036,0.0,0.0,100.0,180.0,0
29.44,48.33,11.54,170.1,0.04,0.31,1.85,30.55,48.29,0.609,2.1234,32.68,31.74,0.137,17.16,1011.7,5.0,1,-0.866,-0.5,0.5,-0.866,0.43,0.195,0.0501,29.35,29.5,1
37.5,22.86,16.3,177.9,0.0,0.17,0.08,37.98,26.2,1.64,4.9726,48.73,47.39,0.052,8.67,1007.4,7.93,1,-0.5,-0.866,0.0,-1.0,0.574,0.379,0.3419,7.44,13.6,1
7.2,94.65,10.34,29.1,0.29,7.79,19.37,6.85,99.91,0.076,0.0544,8.11,5.74,0.294,3.16,1013.0,1.6,1,0.866,0.5,0.2588,-0.9659,0.343,0.242,0.0063,127.83,150.8,0
33.48,79.51,8.75,228.0,0.0,0.0,0.0,35.76,79.51,0.421,1.0585,36.74,33.48,0.01,3.55,1008.0,4.18,0,-0.5,0.866,-0.5,-0.866,0.009,0.0,0.0,100.0,180.0,0
14.38,46.45,5.51,70.1,1.9,5.54,6.84,11.86,52.05,0.31,0.8776,15.64,16.2,0.323,7.08,1022.6,0.66,0,0.5,-0.866,0.9659,-0.2588,0.18,0.177,0.0096,113.96,128.0,0
37.98,9.48,30.28,295.6,0.0,0.16,0.72,40.02,14.05,4.007,5.9894,43.8,46.42,0.012,17.27,996.4,6.76,1,-0.866,-0.5,-0.2588,-0.9659,0.746,0.537,1.4522,0.87,2.5,1
5.41,80.26,6.95,139.4,0.61,1.75,2.85,6.03,90.16,0.067,0.1772,5.25,4.81,0.4,-1.97,1019.3,0.78,1,-0.866,0.5,-0.2588,0.9659,0.512,0.222,0.0076,61.17,156.3,0
39.55,14.62,23.24,302.9,0.0,0.06,0.06,41.3,14.86,2.705,6.1469,49.23,43.77,0.043,13.13,1005.8,8.89,1,-0.5,-0.866,-0.2588,-0.9659,0.548,0.711,0.9876,7.2,1.1,1
10.63,62.53,4.87,225.3,8.06,9.47,81.37,8.91,69.1,0.17,0.4799,10.31,9.67,0.352,9.55,1012.4,2.61,0,0.5,-0.866,0.5,0.866,0.418,0.256,0.0179,94.0,124.7,0
44.1,12.28,44.08,164.9,0.0,0.07,0.07,44.13,15.15,3.591,8.0226,55.73,52.88,0.018,19.06,1009.8,10.13,1,-0.866,-0.5,-0.866,-0.5,0.665,0.93,2.0529,5.34,23.9,1
32.91,40.24,10.63,140.1,0.74,3.77,1.67,33.49,41.13,0.818,2.9905,34.42,36.48,0.177,20.27,1010.7,3.81,0,0.0,-1.0,-0.866,-0.5,0.415,0.163,0.0538,30.4,54.5,0
15.41,73.98,7.39,314.7,1.48,4.32,33.05,14.22,72.7,0.208,0.4557,14.94,15.2,0.193,13.62,1016.9,2.02,0,-0.0,1.0,-0.7071,-0.7071,0.117,0.289,0.007,147.26,104.8,0
41.13,9.88,44.14,8.7,0.0,0.05,0.21,42.77,10.89,4.163,7.0578,50.88,50.96,0.014,20.0,1005.1,11.9,1,-0.866,-0.5,-0.7071,-0.7071,0.817,0.441,1.3632,1.28,9.5,1
32.01,30.8,13.33,193.5,0.0,0.57,3.8,33.87,29.58,1.039,3.2913,35.02,35.73,0.165,18.7,1014.6,4.24,1,0.0,-1.0,-0.5,-0.866,0.27,0.208,0.0565,21.47,60.4,0
31.71,48.01,10.7,9.7,0.75,1.67,9.26,31.97,52.81,0.66,2.4319,32.83,35.53,0.126,16.6,1010.6,4.0,0,-0.866,-0.5,-0.9659,-0.2588,0.202,0.239,0.0312,28.95,32.9,0
28.11,43.34,21.84,272.4,0.67,1.23,0.04,29.61,49.92,0.649,2.156,32.0,28.47,0.095,14.51,1012.5,3.94,1,-1.0,-0.0,-0.7071,-0.7071,0.317,0.227,0.0456,26.0,22.4,1
29.16,35.45,14.8,44.0,0.15,1.8,0.06,29.02,38.67,0.823,2.6096,32.98,31.22,0.17,14.4,1014.2,4.68,1,-0.5,-0.866,-0.5,-0.866,0.482,0.299,0.1152,16.13,39.3,0
39.66,14.81,18.93,178.7,0.0,0.11,0.09,41.05,15.06,2.677,6.1706,50.66,45.95,0.031,11.61,1009.6,8.72,1,-0.866,-0.5,-0.5,-0.866,0.746,0.569,1.0646,2.54,1.8,1
32.7,34.64,18.22,13.9,0.6,1.54,10.18,32.85,41.91,0.944,3.2322,36.67,35.23,0.111,19.14,1015.4,3.36,0,-0.866,-0.5,0.0,-1.0,0.422,0.125,0.0482,26.74,48.6,0
36.0,60.35,10.34,68.4,0.0,0.0,0.0,36.72,60.35,0.597,2.3557,39.8,36.0,0.01,13.12,1016.1,8.0,0,-0.0,1.0,0.2588,0.9659,0.008,0.0,0.0,100.0,180.0,0
35.87,23.98,32.36,79.4,0.0,0.01,0.06,38.6,26.97,1.496,4.4854,41.39,41.57,0.048,10.3,995.6,6.38,1,-0.866,-0.5,-0.9659,-0.2588,0.733,0.773,0.8139,7.11,16.3,1
35.85,23.2,23.3,229.0,0.0,0.01,0.35,37.14,26.05,1.546,4.5258,42.72,40.78,0.02,5.86,998.0,6.9,1,-0.5,-0.866,-0.9659,-0.2588,0.729,0.763,0.8243,8.49,24.1,1
19.25,86.82,10.92,257.8,3.01,1.04,4.13,19.77,91.37,0.222,0.2942,18.21,17.4,0.234,17.93,1018.6,0.36,0,0.5,0.866,0.5,-0.866,0.209,0.144,0.0066,57.33,81.8,0
43.4,18.95,41.36,73.8,0.0,0.12,0.26,43.88,19.99,2.291,7.1516,53.26,50.89,0.015,17.2,1008.1,10.4,1,-0.5,-0.866,-0.7071,-0.7071,0.79,0.443,0.7611,2.03,5.9,1
31.46,41.57,12.66,234.6,0.03,0.94,0.7,32.18,48.21,0.757,2.6941,33.4,35.28,0.145,15.45,1011.6,4.21,1,-0.5,-0.866,-1.0,-0.0,0.429,0.44,0.1395,31.77,45.8,0
43.68,11.94,37.94,70.6,0.0,0.18,0.11,43.82,16.82,3.659,7.8832,55.89,49.84,0.06,22.83,1007.6,9.06,1,-0.5,-0.866,-0.5,-0.866,0.464,0.853,1.3364,9.5,20.9,1
36.47,38.47,11.36,294.6,0.0,0.0,0.0,38.69,38.47,0.948,3.7508,37.6,36.47,0.01,1.55,1005.8,11.47,1,-0.5,-0.866,-0.2588,-0.9659,0.025,0.0,0.0,100.0,180.0,0
22.58,49.23,6.07,13.3,0.6,3.23,13.0,22.14,53.32,0.459,1.3901,22.83,23.19,0.194,19.21,1012.5,0.82,0,-0.5,0.866,-0.9659,-0.2588,0.25,0.08,0.009,148.9,135.8,0
29.37,35.01,19.63,352.5,0.51,0.49,2.45,30.7,38.86,0.839,2.6586,31.78,33.19,0.104,17.52,1016.3,4.34,1,-0.5,-0.866,-0.2588,-0.9659,0.228,0.17,0.0315,18.74,30.5,1
34.05,58.17,5.44,130.8,0.0,0.0,0.0,35.58,58.17,0.585,2.2315,37.0,34.05,0.01,17.03,1008.0,0.86,1,0.5,-0.866,-0.9659,0.2588,0.006,0.0,0.0,100.0,180.0,0
33.22,23.93,20.04,25.1,0.0,0.03,0.18,34.85,27.3,1.388,3.8737,43.87,41.27,0.034,7.2,1003.1,10.82,1,-0.5,-0.866,-0.866,-0.5,0.403,0.57,0.3065,1.49,5.6,1
22.07,73.26,1.77,154.1,2.24,1.01,6.44,20.95,78.77,0.301,0.7101,23.81,20.11,0.417,15.05,1017.0,2.81,0,-0.866,0.5,0.2588,0.9659,0.216,0.234,0.015,92.17,153.7,0
34.12,13.67,16.25,337.3,0.0,0.06,0.02,36.54,16.67,2.496,4.6238,48.66,42.87,0.023,4.37,1000.9,10.81,1,-0.866,-0.5,0.0,-1.0,0.711,0.812,1.3423,3.69,11.2,1
37.15,18.56,35.41,51.3,0.0,0.05,0.17,39.34,20.04,2.002,5.1517,47.98,43.64,0.07,15.38,1004.8,10.29,1,-0.5,-0.866,0.0,-1.0,0.821,0.33,0.5149,6.65,23.7,1
33.89,14.53,17.43,267.7,0.0,0.07,0.65,35.17,14.77,2.332,4.5171,40.55,42.95,0.046,8.15,1006.2,9.06,1,-0.5,-0.866,-0.2588,-0.9659,0.68,0.422,0.6258,5.34,8.9,1
46.34,43.72,26.29,208.2,0.0,0.0,0.0,48.53,43.72,1.06,5.7767,60.24,46.34,0.01,11.67,1008.1,0.54,1,-1.0,-0.0,-1.0,-0.0,0.004,0.0,0.0,100.0,180.0,0
17.85,47.44,14.32,181.1,0.66,2.84,3.65,16.5,55.16,0.376,1.0747,19.8,17.57,0.318,16.42,1022.1,0.99,0,-0.0,1.0,-0.866,0.5,0.339,0.29,0.0363,116.77,104.4,0
33.93,11.17,19.05,13.2,0.0,0.03,0.43,34.18,13.71,3.038,4.7073,44.99,39.28,0.012,13.5,1005.3,9.87,1,-0.866,-0.5,0.0,-1.0,0.584,0.853,1.3889,3.55,19.8,1
32.53,40.94,13.74,262.2,0.05,3.09,0.44,32.37,45.88,0.794,2.8927,35.04,33.74,0.12,17.85,1016.6,5.92,0,-0.866,-0.5,-0.5,-0.866,0.271,0.156,0.0328,18.28,54.6,0
28.78,40.05,15.17,100.7,0.35,0.54,0.03,29.63,45.06,0.718,2.3703,31.93,29.45,0.1,13.61,1010.3,5.23,1,-1.0,-0.0,-0.9659,0.2588,0.312,0.419,0.0915,17.99,46.5,0
6.62,92.87,8.75,11.2,1.4,15.42,2.6,6.96,99.22,0.071,0.0696,4.77,6.43,0.296,0.64,1017.0,2.6,1,0.5,-0.866,-0.2588,0.9659,0.178,0.219,0.0027,103.11,171.9,0
39.23,14.67,20.99,97.1,0.0,0.13,0.27,41.21,17.67,2.674,6.0381,53.32,43.24,0.039,9.79,995.7,9.06,1,-0.866,-0.5,-0.866,-0.5,0.766,0.328,0.6296,0.51,19.2,1
28.61,39.04,16.76,19.9,1.49,0.49,0.38,29.23,43.25,0.733,2.3874,31.38,29.14,0.1,11.2,1011.5,5.97,1,-0.866,-0.5,-1.0,-0.0,0.256,0.236,0.0432,10.12,39.7,0
33.55,10.92,27.41,259.0,0.0,0.29,0.44,34.47,13.69,3.073,4.6214,48.19,41.29,0.027,4.08,1007.6,10.09,1,-0.5,-0.866,-0.866,-0.5,0.417,0.317,0.3719,4.86,8.7,1
17.05,47.64,10.12,168.5,2.77,10.12,23.15,14.81,57.17,0.358,1.0177,17.59,18.07,0.352,13.39,1017.5,0.48,0,-0.5,0.866,-0.9659,-0.2588,0.552,0.045,0.0087,91.22,144.8,0
46.7,40.76,17.0,5.1,0.0,0.0,0.0,49.14,40.76,1.146,6.1922,49.51,46.7,0.0,32.31,1007.5,8.02,0,-0.866,-0.5,-0.7071,0.7071,0.004,0.0,0.0,100.0,180.0,0
28.51,32.53,16.01,214.8,0.12,0.87,0.14,29.19,35.42,0.876,2.6269,31.67,32.24,0.125,12.13,1010.4,5.35,0,-0.866,-0.5,-0.9659,-0.2588,0.461,0.485,0.1898,24.95,62.7,0
9.11,94.99,14.17,311.0,0.82,0.69,17.06,6.34,98.41,0.096,0.0579,11.03,10.49,0.35,4.77,1017.0,1.55,0,-0.5,0.866,-0.7071,0.7071,0.247,0.183,0.0043,133.06,122.6,0
31.61,36.72,20.25,257.3,0.39,0.88,1.88,31.01,35.5,0.861,2.9431,33.94,32.41,0.126,20.21,1015.7,4.02,0,-0.5,-0.866,-0.866,-0.5,0.41,0.341,0.1174,13.88,57.1,0
14.27,94.28,10.59,177.2,2.67,2.42,9.28,12.17,99.22,0.151,0.0931,14.52,12.61,0.321,9.37,1017.3,0.82,0,-0.0,1.0,-0.866,-0.5,0.375,0.102,0.0057,112.39,155.8,0
32.26,67.67,9.98,329.3,0.0,0.0,0.0,34.58,67.67,0.477,1.56,41.55,32.26,0.0,17.26,1018.0,2.28,0,1.0,0.0,-0.7071,0.7071,0.03,0.0,0.0,100.0,180.0,0
33.77,48.68,3.96,295.8,0.0,0.0,0.0,36.66,48.68,0.694,2.6957,41.88,33.77,0.0,4.79,1016.8,11.53,1,0.866,-0.5,0.5,0.866,0.007,0.0,0.0,100.0,180.0,0
37.5,20.54,40.54,227.3,0.0,0.09,0.24,37.81,24.09,1.826,5.1228,47.62,43.6,0.014,11.49,999.2,6.08,1,-0.866,-0.5,-0.9659,-0.2588,0.428,0.586,0.4368,4.7,21.7,1
6.51,66.88,8.16,156.2,0.03,2.68,14.18,6.76,73.17,0.097,0.3209,5.58,5.4,0.197,0.74,1016.9,2.29,0,0.866,0.5,0.0,1.0,0.502,0.178,0.0086,75.17,141.9,0
32.97,51.6,16.49,345.0,0.0,0.0,0.0,33.55,51.6,0.639,2.43,38.57,32.97,0.0,17.9,1005.0,10.59,1,0.5,-0.866,0.9659,0.2588,0.011,0.0,0.0,100.0,180.0,0
27.12,41.82,16.03,65.0,0.0,0.0,0.0,29.58,41.82,0.649,2.0893,27.69,27.12,0.01,-2.05,1009.4,2.61,0,-1.0,-0.0,1.0,0.0,0.027,0.0,0.0,100.0,180.0,0
21.2,91.08,11.18,130.6,0.47,3.27,5.98,20.24,96.99,0.233,0.2247,20.49,20.85,0.276,19.49,1024.8,0.21,1,1.0,0.0,0.9659,0.2588,0.194,0.259,0.0116,91.9,111.0,0
45.97,55.01,13.73,234.8,0.0,0.0,0.0,46.18,55.01,0.836,4.5311,46.54,45.97,0.01,28.19,1008.6,9.06,1,-0.5,-0.866,0.7071,-0.7071,0.033,0.0,0.0,100.0,180.0,0
13.64,47.83,5.12,114.0,4.36,14.65,4.29,12.09,49.33,0.285,0.8148,15.09,14.07,0.312,12.57,1012.6,0.05,1,1.0,0.0,-0.866,0.5,0.456,0.294,0.0375,139.54,115.8,0
33.45,16.01,13.91,53.0,0.0,0.0,0.0,33.78,16.01,2.09,4.3321,38.14,33.45,0.01,20.51,1010.1,8.57,0,-0.866,-0.5,-1.0,-0.0,0.039,0.0,0.0,100.0,180.0,0
44.3,84.58,4.91,51.8,0.0,0.0,0.0,44.33,84.58,0.524,1.4257,48.51,44.3,0.0,24.19,1015.7,2.34,0,0.866,-0.5,0.2588,0.9659,0.035,0.0,0.0,100.0,180.0,0
26.17,35.14,21.01,98.9,0.0,0.0,0.0,29.16,35.14,0.745,2.2025,38.6,26.17,0.01,6.78,1012.9,1.63,0,0.866,0.5,0.5,0.866,0.027,0.0,0.0,100.0,180.0,0
49.07,23.37,24.3,8.9,0.0,0.0,0.0,49.56,23.37,2.1,9.0259,50.56,49.07,0.01,33.31,1007.1,1.69,0,0.5,0.866,0.5,0.866,0.036,0.0,0.0,100.0,180.0,0
28.78,30.98,16.78,356.8,0.71,1.22,1.23,27.92,37.82,0.929,2.7296,33.19,29.41,0.149,14.34,1017.6,5.85,0,-1.0,-0.0,0.2588,-0.9659,0.226,0.208,0.0423,15.11,39.8,1
39.14,8.43,24.81,316.6,0.0,0.22,0.36,39.26,11.78,4.642,6.4487,53.86,48.84,0.051,10.58,1001.0,11.0,1,-0.866,-0.5,-0.7071,-0.7071,0.682,0.739,2.0926,2.64,23.0,1
9.16,56.94,8.91,344.1,0.54,1.77,1.72,9.2,63.38,0.161,0.4998,9.58,9.08,0.207,3.73,1016.7,2.87,1,0.5,-0.866,0.7071,-0.7071,0.566,0.287,0.0257,62.21,143.3,0
30.3,42.5,13.52,144.1,0.02,4.13,0.74,31.15,45.74,0.713,2.4827,32.8,31.66,0.137,14.95,1008.5,5.72,1,-0.866,-0.5,-0.7071,-0.7071,0.248,0.415,0.0718,28.64,54.9,1
40.64,8.88,43.09,1.9,0.0,0.14,0.28,42.67,13.58,4.576,6.9519,50.48,44.0,0.061,13.18,1001.5,7.33,1,-0.5,-0.866,0.0,-1.0,0.648,0.871,2.321,2.34,21.5,1
7.03,64.27,7.64,239.8,0.45,1.54,43.86,7.21,67.28,0.109,0.3586,6.49,8.99,0.344,1.47,1021.6,1.91,0,1.0,0.0,0.2588,0.9659,0.493,0.234,0.0124,81.45,138.1,0
42.07,21.77,39.05,132.5,0.0,0.06,0.0,42.9,24.92,1.933,6.4365,49.12,47.33,0.016,16.62,999.5,10.78,1,-0.5,-0.866,0.0,-1.0,0.616,0.769,0.8757,3.11,1.3,1
50.87,50.13,5.97,49.0,0.0,0.0,0.0,51.75,50.13,1.015,6.422,58.45,50.87,0.01,28.68,1013.4,5.8,0,0.0,-1.0,-0.866,-0.5,0.01,0.0,0.0,100.0,180.0,0
10.8,76.63,3.35,61.2,0.73,10.05,12.03,9.59,76.19,0.141,0.3028,11.72,12.02,0.347,5.29,1024.5,0.1,0,0.866,-0.5,-1.0,-0.0,0.486,0.039,0.0027,80.2,118.4,0
46.16,16.07,29.24,141.3,0.0,0.0,0.0,46.77,16.07,2.872,8.5331,58.96,46.16,0.0,16.11,1008.5,7.85,1,-0.0,1.0,0.2588,-0.9659,0.018,0.0,0.0,100.0,180.0,0
41.03,51.18,18.67,129.6,0.0,0.0,0.0,41.41,51.18,0.802,3.8035,48.78,41.03,0.0,24.89,1011.2,0.89,0,-0.5,-0.866,0.866,0.5,0.01,0.0,0.0,100.0,180.0,0
6.0,82.29,8.96,272.9,1.45,12.73,7.57,5.52,88.52,0.073,0.1655,6.02,6.7,0.337,-1.37,1017.8,2.3,1,-0.5,0.866,-0.866,-0.5,0.145,0.226,0.0024,86.68,150.6,0
33.46,41.53,21.29,65.8,0.88,1.51,1.86,33.97,44.6,0.806,3.0178,38.4,34.64,0.175,16.28,1010.5,4.39,0,-0.5,-0.866,0.0,-1.0,0.414,0.408,0.133,29.92,21.9,0
14.15,82.92,12.27,69.6,2.09,9.62,6.91,12.86,82.83,0.171,0.2758,15.96,12.45,0.182,6.17,1013.2,1.63,0,0.866,-0.5,-0.9659,-0.2588,0.287,0.13,0.0063,88.72,93.3,0
30.75,39.31,13.82,277.5,0.36,0.09,0.66,32.19,39.78,0.782,2.6878,34.16,33.55,0.151,17.07,1015.8,4.5,1,0.0,-1.0,0.7071,-0.7071,0.238,0.25,0.0454,15.42,22.5,0
33.07,9.36,38.4,182.1,0.0,0.24,0.08,35.24,10.12,3.531,4.5759,40.03,36.49,0.022,10.6,1004.6,11.64,1,-0.5,-0.866,-0.866,-0.5,0.846,0.728,1.9654,8.34,22.7,1
21.56,60.59,7.75,26.5,0.7,5.94,5.81,20.46,65.15,0.356,1.0145,23.12,19.67,0.259,19.07,1024.7,0.57,0,1.0,0.0,0.9659,0.2588,0.15,0.084,0.0044,67.41,135.5,0
47.99,78.99,13.0,152.7,0.0,0.0,0.0,49.71,78.99,0.608,2.3444,59.37,47.99,0.0,23.87,1019.6,7.52,1,0.5,-0.866,-0.866,-0.5,0.028,0.0,0.0,100.0,180.0,0
41.35,9.52,44.27,130.3,0.0,0.19,0.17,42.05,10.76,4.343,7.1682,51.2,48.74,0.044,13.7,1002.9,11.86,1,-0.866,-0.5,-0.9659,-0.2588,0.427,0.6,1.0055,2.36,15.9,1
24.14,90.89,10.84,191.8,0.92,8.48,34.59,22.94,100.02,0.266,0.274,23.91,22.55,0.25,23.1,1021.6,1.67,1,0.5,0.866,-0.9659,-0.2588,0.274,0.19,0.0136,73.33,126.0,0
8.44,54.12,11.18,252.7,0.73,5.63,8.14,6.25,63.18,0.156,0.507,9.48,8.51,0.211,4.62,1023.6,0.91,1,-0.0,1.0,-0.9659,-0.2588,0.188,0.024,0.0007,51.54,173.8,0
38.89,69.02,25.73,254.8,0.0,0.0,0.0,40.19,69.02,0.564,2.1535,41.64,38.89,0.01,7.71,1016.0,2.58,1,-0.866,0.5,0.5,0.866,0.013,0.0,0.0,100.0,180.0,0
20.9,75.22,4.18,252.0,1.75,16.03,0.98,19.75,82.95,0.278,0.6123,20.23,21.51,0.189,16.46,1016.0,1.59,1,1.0,0.0,0.2588,-0.9659,0.417,0.297,0.034,71.43,168.8,0
43.75,19.2,30.57,330.5,0.0,0.38,0.33,44.55,23.68,2.279,7.257,52.52,47.37,0.072,19.98,1005.1,7.53,1,-0.866,-0.5,-0.7071,-0.7071,0.459,0.923,0.9168,3.97,16.0,1
33.3,33.35,10.74,167.6,0.16,3.13,1.51,34.92,35.36,0.999,3.4101,34.57,35.48,0.106,20.08,1017.7,4.98,0,0.0,-1.0,-0.2588,-0.9659,0.348,0.22,0.0741,29.95,23.4,1
6.9,61.72,6.98,185.4,1.25,2.16,0.97,5.18,67.7,0.112,0.381,5.62,6.3,0.405,0.32,1019.2,0.43,0,0.866,0.5,-1.0,-0.0,0.424,0.147,0.0068,100.62,152.1,0
8.32,46.69,2.05,278.8,0.33,1.95,12.36,9.03,52.25,0.178,0.5846,6.55,7.37,0.371,3.65,1016.4,2.79,1,-0.5,0.866,0.0,-1.0,0.232,0.067,0.0027,110.66,114.3,0
29.95,41.2,17.66,260.7,0.14,1.6,3.18,31.26,45.43,0.727,2.4875,30.97,33.33,0.113,18.6,1016.0,3.21,1,-1.0,-0.0,-0.2588,-0.9659,0.37,0.399,0.1047,24.09,47.4,1
12.07,48.34,6.49,157.8,1.14,3.97,11.32,9.72,48.27,0.25,0.7279,12.18,13.61,0.27,8.47,1023.9,1.28,1,-0.866,0.5,-0.866,0.5,0.225,0.296,0.0163,93.51,107.7,0
29.01,41.43,13.5,195.7,0.31,0.04,1.35,28.91,45.87,0.7,2.3475,30.1,29.3,0.133,13.27,1017.8,5.72,1,-1.0,-0.0,-0.2588,-0.9659,0.451,0.131,0.0402,13.56,46.7,0
28.99,47.88,18.18,14.1,0.08,0.76,1.99,29.84,47.11,0.605,2.086,30.47,29.37,0.162,16.52,1012.1,4.5,1,-0.866,-0.5,-0.7071,-0.7071,0.417,0.16,0.0396,24.02,50.3,0
44.77,82.89,15.58,204.0,0.0,0.0,0.0,45.59,82.89,0.54,1.6204,58.44,44.77,0.0,33.41,1010.5,4.14,0,0.5,0.866,0.5,-0.866,0.016,0.0,0.0,100.0,180.0,0
12.81,74.71,11.57,227.7,2.4,1.22,12.16,13.73,74.89,0.171,0.3741,11.22,12.45,0.366,11.41,1014.0,0.42,0,0.5,-0.866,-0.7071,0.7071,0.187,0.284,0.009,143.11,141.5,0
23.86,57.46,7.06,337.7,0.01,7.89,11.27,23.85,67.45,0.415,1.2587,25.09,24.68,0.302,22.53,1020.9,0.16,1,0.5,0.866,0.866,-0.5,0.445,0.224,0.0407,52.82,156.6,0
33.62,23.41,44.63,118.1,0.0,0.05,0.31,34.82,27.54,1.436,3.988,46.67,38.42,0.054,3.69,1005.6,11.59,1,-0.866,-0.5,-0.866,-0.5,0.567,0.664,0.5186,0.69,6.8,1
30.26,41.99,13.01,67.4,0.33,1.56,2.94,30.67,47.72,0.721,2.4985,34.09,32.57,0.104,12.63,1009.9,5.56,0,0.0,-1.0,-0.9659,0.2588,0.309,0.216,0.047,31.12,32.6,0
13.79,57.22,13.3,349.5,3.94,4.5,13.55,14.14,64.63,0.241,0.6748,13.7,14.94,0.446,9.62,1017.8,2.21,1,0.866,-0.5,-0.866,-0.5,0.205,0.113,0.0055,103.92,129.7,0
31.82,47.24,17.11,249.9,0.01,1.07,2.87,32.9,50.53,0.674,2.4826,35.47,34.77,0.164,16.79,1009.8,5.32,1,0.0,-1.0,-0.2588,-0.9659,0.401,0.317,0.0837,29.82,31.0,1
30.44,32.57,19.49,47.2,0.17,4.99,0.63,30.93,36.91,0.935,2.9346,31.69,30.74,0.139,16.29,1008.4,3.57,1,-1.0,-0.0,-0.2588,-0.9659,0.386,0.242,0.0847,25.29,50.1,0
16.41,88.22,9.34,127.8,0.13,19.0,11.5,13.74,93.79,0.186,0.2199,14.79,16.52,0.183,8.78,1016.2,2.06,0,-0.0,1.0,0.2588,-0.9659,0.564,0.286,0.0297,111.6,166.0,0
16.65,53.75,13.94,223.0,0.28,4.23,24.18,15.13,58.65,0.31,0.8764,16.8,14.79,0.281,14.18,1017.6,2.72,1,1.0,0.0,-0.9659,0.2588,0.447,0.014,0.0019,61.08,144.1,0
16.58,68.74,14.49,32.4,2.37,6.18,9.25,15.87,75.32,0.241,0.5898,17.66,14.7,0.362,13.81,1022.2,0.87,1,-0.5,0.866,0.5,-0.866,0.153,0.051,0.0019,71.12,153.6,0
29.3,39.83,21.95,25.7,0.05,0.65,4.92,30.48,42.89,0.736,2.4527,32.82,31.74,0.105,15.91,1008.8,5.38,1,-0.866,-0.5,0.0,-1.0,0.489,0.391,0.137,27.7,21.5,0
37.48,69.5,6.4,252.5,0.0,0.0,0.0,39.26,69.5,0.539,1.964,42.3,37.48,0.0,15.24,1006.1,2.36,0,-0.866,0.5,0.7071,-0.7071,0.021,0.0,0.0,100.0,180.0,0
32.44,36.37,13.12,195.6,0.72,1.86,1.49,33.75,38.52,0.892,3.1013,33.5,34.16,0.099,18.65,1011.6,3.92,1,0.0,-1.0,-0.2588,-0.9659,0.304,0.289,0.0762,26.23,43.3,1
31.42,43.81,12.96,90.9,0.98,0.37,0.42,30.54,48.55,0.717,2.5857,33.38,34.68,0.109,19.46,1010.2,4.85,1,-1.0,-0.0,-0.9659,-0.2588,0.284,0.371,0.0737,16.66,60.9,1
34.75,8.83,15.54,347.2,0.0,0.0,0.0,37.24,8.83,3.937,5.057,47.21,34.75,0.01,4.64,1012.1,8.7,1,1.0,0.0,-0.9659,-0.2588,0.033,0.0,0.0,100.0,180.0,0
7.35,60.46,10.0,106.5,0.24,13.18,4.25,5.38,69.38,0.122,0.4057,8.93,8.16,0.381,3.41,1023.4,1.14,1,0.5,-0.866,0.9659,0.2588,0.205,0.069,0.0017,100.61,85.3,0
50.74,51.03,24.12,271.0,0.0,0.0,0.0,50.86,51.03,0.994,6.2656,64.33,50.74,0.0,15.9,1005.4,11.58,0,0.5,-0.866,0.9659,0.2588,0.025,0.0,0.0,100.0,180.0,0
28.16,39.58,16.84,51.3,0.21,0.47,1.23,27.88,38.8,0.711,2.3048,29.7,31.5,0.162,16.58,1017.4,4.9,1,0.0,-1.0,0.7071,-0.7071,0.244,0.47,0.0795,26.38,68.0,0
35.24,22.91,42.27,130.4,0.0,0.03,0.02,36.54,25.11,1.538,4.3921,47.39,43.32,0.079,12.92,1003.7,6.2,1,-0.866,-0.5,-0.7071,-0.7071,0.607,0.834,0.7463,7.6,3.9,1
33.32,32.67,19.44,2.9,0.81,3.21,3.74,33.34,33.94,1.02,3.448,35.15,34.76,0.173,20.45,1011.9,4.52,1,-1.0,-0.0,-1.0,-0.0,0.466,0.412,0.1901,12.67,28.0,0
34.11,20.6,6.31,167.1,0.0,0.0,0.0,37.06,20.6,1.655,4.2483,45.25,34.11,0.0,14.98,1019.9,3.76,1,-1.0,-0.0,-0.866,0.5,0.012,0.0,0.0,100.0,180.0,0
35.4,15.86,26.93,15.1,0.0,0.01,0.58,35.4,17.69,2.231,4.8351,47.31,45.28,0.071,7.32,1007.9,11.66,1,-0.5,-0.866,-0.7071,-0.7071,0.819,0.799,1.3748,4.32,0.1,1
23.92,83.96,9.93,242.7,1.48,7.42,9.39,24.46,85.02,0.285,0.4763,23.17,25.19,0.446,18.83,1019.0,1.99,0,-0.0,1.0,-0.2588,-0.9659,0.452,0.295,0.0376,103.68,162.6,0
10.13,60.33,11.7,44.3,12.33,12.46,26.25,9.14,62.07,0.168,0.4913,10.61,9.89,0.363,6.27,1024.8,2.91,0,0.866,0.5,0.866,0.5,0.372,0.083,0.0051,128.25,137.1,0
33.14,37.48,10.55,0.4,0.85,4.29,0.33,33.82,42.78,0.884,3.1693,37.01,36.88,0.135,17.12,1013.1,3.99,1,-0.5,-0.866,-0.9659,-0.2588,0.287,0.323,0.0798,19.63,39.0,0
33.07,49.83,11.0,114.6,0.03,0.82,1.67,34.18,52.73,0.664,2.5327,35.91,35.35,0.122,17.69,1013.9,3.7,1,0.0,-1.0,-0.5,-0.866,0.306,0.498,0.0991,23.24,49.9,0
20.47,71.62,12.17,24.4,4.84,1.23,4.66,20.14,69.77,0.286,0.6831,19.47,21.72,0.277,17.99,1019.7,0.06,0,-0.0,1.0,-0.2588,-0.9659,0.349,0.052,0.0051,128.93,167.7,0
32.07,34.89,11.45,48.8,2.58,1.63,3.07,33.63,41.74,0.919,3.1083,34.88,35.85,0.11,16.27,1017.5,5.65,0,-0.5,-0.866,0.5,-0.866,0.258,0.211,0.0486,30.03,37.7,1
27.94,87.8,16.78,210.9,0.0,0.0,0.0,29.33,87.8,0.318,0.4595,34.54,27.94,0.0,1.47,1014.8,9.27,1,0.866,-0.5,0.0,1.0,0.037,0.0,0.0,100.0,180.0,0
38.94,13.48,38.3,155.5,0.0,0.08,0.71,41.67,15.46,2.89,6.0304,53.48,43.47,0.019,11.0,1008.6,8.64,1,-0.866,-0.5,-0.5,-0.866,0.505,0.94,1.2781,3.51,23.6,1
29.25,44.29,18.81,79.6,0.25,3.15,1.56,30.89,45.39,0.66,2.2642,34.08,31.46,0.149,13.36,1014.3,4.85,1,0.0,-1.0,-0.2588,-0.9659,0.316,0.129,0.0263,24.2,61.9,0
19.47,76.84,5.22,283.0,0.74,4.88,14.07,18.36,82.05,0.253,0.524,17.8,21.27,0.323,13.92,1016.6,0.87,0,1.0,0.0,-0.2588,0.9659,0.42,0.219,0.023,61.48,125.4,0
19.3,48.13,9.58,261.9,0.45,0.04,4.87,19.64,53.21,0.401,1.1609,18.46,19.58,0.41,16.22,1022.2,2.17,0,-0.866,0.5,-1.0,-0.0,0.394,0.192,0.0296,82.79,154.5,0
29.39,47.11,13.27,296.0,0.09,2.18,0.95,29.34,50.41,0.624,2.167,32.07,32.61,0.163,16.78,1011.6,5.32,1,-0.866,-0.5,-1.0,-0.0,0.273,0.186,0.031,23.65,28.0,0
32.82,33.09,10.25,334.0,0.69,0.7,1.75,34.47,33.96,0.992,3.3327,35.7,34.16,0.09,16.83,1011.9,3.17,1,-1.0,-0.0,-0.7071,-0.7071,0.278,0.334,0.0895,32.15,67.8,0
33.5,88.77,15.8,137.6,0.0,0.0,0.0,36.4,88.77,0.377,0.5806,36.07,33.5,0.01,6.14,1017.2,7.68,1,0.866,-0.5,0.0,1.0,0.005,0.0,0.0,100.0,180.0,0
31.91,47.49,9.96,42.7,0.0,0.0,0.0,34.8,47.49,0.672,2.4837,35.1,31.91,0.0,5.65,1015.7,9.8,0,-0.0,1.0,0.7071,0.7071,0.016,0.0,0.0,100.0,180.0,0
8.14,60.93,8.49,127.7,1.36,3.15,4.79,5.57,58.98,0.134,0.4231,7.4,9.46,0.384,1.73,1020.0,0.35,0,0.866,-0.5,-0.7071,0.7071,0.416,0.209,0.0114,69.31,108.8,0
6.01,52.81,3.31,108.7,0.29,3.19,6.85,6.14,53.87,0.114,0.4416,5.25,4.57,0.446,2.18,1020.7,2.13,1,0.5,-0.866,0.7071,-0.7071,0.35,0.289,0.0113,68.75,112.3,0
35.26,16.72,19.39,186.0,0.0,0.11,0.43,38.04,19.32,2.109,4.7497,40.48,39.6,0.025,13.99,1003.9,7.14,1,-0.866,-0.5,-0.2588,-0.9659,0.361,0.719,0.517,2.08,12.2,1
36.37,23.55,24.24,41.1,0.0,0.34,0.05,39.17,25.3,1.544,4.6344,47.54,43.48,0.055,12.7,998.2,7.63,1,-0.866,-0.5,-0.9659,-0.2588,0.553,0.67,0.5491,4.13,20.3,1
43.23,22.23,21.46,328.8,0.0,0.12,0.03,43.23,24.45,1.945,6.7985,58.18,47.34,0.047,22.19,1005.3,6.3,1,-0.5,-0.866,0.0,-1.0,0.409,0.357,0.2721,8.26,23.3,1
40.13,23.11,19.27,326.7,0.0,0.04,0.05,41.01,24.83,1.737,5.7103,47.96,43.9,0.026,11.05,1003.3,6.79,1,-0.5,-0.866,-0.5,-0.866,0.807,0.594,0.7971,5.72,24.1,1
47.39,51.15,24.4,139.9,0.0,0.0,0.0,49.92,51.15,0.926,5.2873,54.69,47.39,0.0,26.79,1015.1,8.47,0,0.5,0.866,-0.866,0.5,0.04,0.0,0.0,100.0,180.0,0
32.2,31.35,15.09,151.6,0.19,0.57,18.96,33.26,35.26,1.027,3.3001,36.33,34.24,0.152,19.54,1009.4,3.38,0,0.0,-1.0,0.5,-0.866,0.478,0.194,0.0922,18.21,61.2,0
16.69,50.49,11.56,213.0,1.29,4.01,28.25,14.33,57.91,0.331,0.9407,16.9,15.57,0.3,9.62,1020.1,0.68,0,0.5,-0.866,0.2588,-0.9659,0.317,0.052,0.0054,146.52,162.8,0
47.21,53.59,26.42,348.7,0.0,0.0,0.0,47.32,53.59,0.881,4.9789,47.92,47.21,0.01,34.0,1005.6,11.17,1,-1.0,-0.0,-0.9659,0.2588,0.015,0.0,0.0,100.0,180.0,0
33.54,18.98,16.93,303.1,0.0,0.07,0.02,35.39,20.75,1.767,4.201,47.72,43.38,0.069,12.19,1005.8,6.82,1,-0.5,-0.866,-0.866,-0.5,0.365,0.476,0.292,5.77,10.3,1
29.81,39.06,16.54,296.7,0.68,0.61,3.5,30.65,46.92,0.763,2.5574,33.88,31.77,0.146,15.31,1012.1,3.33,1,-0.866,-0.5,-0.2588,-0.9659,0.355,0.362,0.0956,11.17,36.9,0
23.88,53.99,5.68,103.6,1.57,3.25,19.49,22.79,62.67,0.442,1.3633,23.55,23.55,0.359,20.23,1018.5,1.77,0,-0.0,1.0,0.866,-0.5,0.297,0.261,0.0337,57.45,102.7,0
35.18,13.88,30.37,155.0,0.0,0.08,0.17,36.68,14.18,2.535,4.8912,48.86,41.4,0.037,10.13,1001.4,11.76,1,-0.5,-0.866,-0.866,-0.5,0.833,0.302,0.5954,2.02,2.7,1
32.7,83.86,2.69,214.0,0.0,0.0,0.0,34.63,83.86,0.39,0.7981,41.45,32.7,0.01,9.89,1018.5,11.26,0,0.0,-1.0,0.9659,-0.2588,0.037,0.0,0.0,100.0,180.0,0
33.72,41.35,13.95,102.3,0.38,0.66,2.55,35.43,44.36,0.816,3.0721,36.07,36.96,0.162,18.08,1017.9,5.1,1,0.0,-1.0,-0.866,-0.5,0.461,0.137,0.0501,31.56,58.0,1
35.96,27.94,25.41,204.9,0.0,0.0,0.0,36.4,27.94,1.287,4.2713,47.46,35.96,0.01,18.84,1011.0,9.44,1,0.5,-0.866,-0.5,0.866,0.037,0.0,0.0,100.0,180.0,0
32.64,44.3,13.31,134.9,0.5,2.1,1.53,33.51,49.27,0.737,2.7456,35.42,35.25,0.105,18.8,1012.2,4.75,0,-0.866,-0.5,-1.0,-0.0,0.292,0.373,0.0785,24.45,42.3,0
22.16,88.39,3.15,9.2,2.94,1.77,13.42,19.38,97.03,0.251,0.31,21.13,21.22,0.316,16.74,1022.4,0.21,0,1.0,0.0,0.9659,0.2588,0.291,0.297,0.0214,99.38,135.0,0
37.62,73.12,25.12,275.1,0.0,0.0,0.0,39.0,73.12,0.515,1.7448,51.83,37.62,0.0,20.35,1006.8,2.83,1,-0.0,1.0,-0.2588,0.9659,0.03,0.0,0.0,100.0,180.0,0
18.77,92.35,6.3,115.8,0.28,0.01,43.42,16.77,95.59,0.203,0.1656,17.41,18.81,0.254,14.98,1013.9,0.04,1,0.5,0.866,-0.866,0.5,0.485,0.177,0.0172,109.33,126.0,0
23.22,88.72,4.78,117.6,5.52,15.33,6.62,21.87,87.29,0.262,0.3212,23.17,22.2,0.31,18.13,1023.4,1.63,0,-0.0,1.0,-1.0,-0.0,0.267,0.15,0.0104,135.57,100.3,0
11.84,69.13,4.11,146.4,3.2,9.45,29.44,11.14,74.08,0.171,0.4285,10.11,13.78,0.276,6.98,1016.6,1.69,0,-0.5,0.866,-0.2588,0.9659,0.311,0.143,0.0075,90.76,85.6,0
29.76,36.62,14.97,112.4,0.59,0.56,5.4,29.38,42.1,0.813,2.6524,32.31,33.03,0.103,18.63,1012.9,5.84,0,-1.0,-0.0,-0.2588,-0.9659,0.39,0.294,0.0908,13.46,35.3,0
32.63,33.87,18.13,152.9,0.77,3.66,0.49,33.69,33.7,0.963,3.258,36.63,35.33,0.166,18.45,1012.2,4.02,0,0.0,-1.0,0.2588,-0.9659,0.294,0.161,0.0442,34.28,63.9,0
32.88,35.99,17.84,105.1,0.08,0.99,2.5,32.86,35.22,0.914,3.1986,36.11,33.06,0.155,15.3,1008.6,5.33,0,-1.0,-0.0,-0.866,-0.5,0.336,0.253,0.0755,13.83,60.4,0
22.14,68.46,9.88,147.3,8.85,11.94,6.1,21.02,73.96,0.323,0.841,22.27,20.33,0.385,14.99,1024.4,1.82,0,0.866,-0.5,-0.5,-0.866,0.223,0.058,0.0042,75.01,159.4,0
23.43,58.79,7.95,347.1,0.88,0.79,9.74,22.78,60.61,0.398,1.188,24.2,22.46,0.238,21.61,1015.4,1.38,1,-0.5,0.866,-0.9659,0.2588,0.355,0.078,0.0108,75.59,153.0,0
43.39,17.13,28.79,252.8,0.0,0.34,0.34,43.66,20.89,2.533,7.3075,58.01,49.33,0.066,21.48,1001.7,9.63,1,-0.866,-0.5,-0.866,-0.5,0.564,0.737,0.994,3.76,14.7,1
40.48,12.38,36.07,314.4,0.0,0.21,0.43,40.86,16.06,3.269,6.629,50.17,45.54,0.078,18.15,995.8,8.74,1,-0.5,-0.866,-0.9659,-0.2588,0.453,0.763,1.0451,8.55,20.9,1
33.62,31.2,22.23,97.1,0.0,0.0,0.0,36.28,31.2,1.077,3.5821,41.03,33.62,0.01,12.01,1012.6,13.04,1,-0.866,-0.5,-0.9659,0.2588,0.021,0.0,0.0,100.0,180.0,0
29.46,40.35,20.61,17.4,0.58,3.32,3.27,28.95,46.98,0.73,2.4535,32.87,33.27,0.098,15.33,1017.2,5.47,1,-0.5,-0.866,-0.2588,-0.9659,0.412,0.41,0.1203,22.81,61.2,0
50.43,7.09,13.49,253.6,0.0,0.0,0.0,52.78,7.09,7.115,11.7115,58.68,50.43,0.01,38.59,1017.5,1.94,1,0.866,0.5,-0.7071,-0.7071,0.013,0.0,0.0,100.0,180.0,0
33.64,52.05,8.27,214.6,0.0,0.0,0.0,34.52,52.05,0.646,2.4993,36.22,33.64,0.0,11.31,1005.8,2.57,1,0.5,-0.866,0.866,0.5,0.024,0.0,0.0,100.0,180.0,0
43.9,9.99,41.01,31.9,0.0,0.04,0.2,46.59,13.91,4.396,8.1487,52.85,48.72,0.051,21.03,999.9,11.7,1,-0.5,-0.866,-0.7071,-0.7071,0.439,0.936,1.6428,5.44,1.2,1
28.59,36.78,19.01,86.8,0.06,1.69,1.96,27.99,39.83,0.777,2.4728,31.69,30.63,0.142,17.78,1009.4,3.87,1,0.0,-1.0,-0.866,-0.5,0.499,0.124,0.047,33.33,31.8,0
35.97,12.38,31.17,153.9,0.0,0.07,0.22,36.33,13.29,2.905,5.1973,49.49,45.44,0.014,9.59,998.9,7.4,1,-0.5,-0.866,0.0,-1.0,0.385,0.495,0.5116,2.93,8.6,1
33.7,11.51,35.5,238.1,0.0,0.05,0.47,36.17,14.44,2.928,4.6282,39.48,43.46,0.046,12.41,998.8,10.32,1,-0.866,-0.5,0.0,-1.0,0.475,0.815,1.0442,4.52,11.6,1
31.39,31.72,14.62,260.4,0.8,0.35,0.63,30.91,36.58,0.99,3.1356,33.26,32.02,0.153,15.51,1008.4,5.58,0,-1.0,-0.0,-0.9659,0.2588,0.429,0.33,0.1357,32.47,48.5,0
19.64,47.21,13.88,214.5,5.68,0.05,35.79,17.95,46.28,0.416,1.2073,18.85,21.02,0.41,16.44,1019.8,0.25,1,0.866,-0.5,1.0,0.0,0.168,0.001,0.0001,69.54,168.0,0
30.69,88.68,15.27,104.0,0.0,0.0,0.0,32.48,88.68,0.346,0.4998,32.71,30.69,0.01,14.18,1006.7,1.28,1,-0.0,1.0,0.9659,-0.2588,0.009,0.0,0.0,100.0,180.0,0
33.46,43.31,16.72,211.9,1.98,2.37,1.77,34.17,42.82,0.772,2.9252,37.82,35.66,0.17,22.6,1010.9,3.24,1,0.0,-1.0,-0.866,-0.5,0.356,0.485,0.1304,12.06,61.9,1
35.68,14.03,18.49,85.5,0.0,0.03,0.36,37.7,17.38,2.544,5.0193,49.26,44.38,0.075,14.13,1008.1,9.67,1,-0.866,-0.5,-0.2588,-0.9659,0.519,0.65,0.8005,5.08,9.5,1
34.36,17.23,26.73,289.0,0.0,0.22,0.07,35.34,17.58,1.995,4.4922,41.79,39.9,0.025,9.54,997.6,7.27,1,-0.5,-0.866,-0.5,-0.866,0.684,0.816,1.0528,3.39,13.4,1
34.08,8.57,36.99,205.9,0.0,0.05,0.01,35.56,9.7,3.977,4.8859,43.91,43.6,0.028,6.16,1002.2,9.59,1,-0.5,-0.866,-0.5,-0.866,0.489,0.806,1.4036,5.24,18.6,1
39.7,16.99,24.09,327.5,0.0,0.03,0.22,41.77,20.58,2.336,6.0252,54.37,49.42,0.08,14.43,997.2,11.87,1,-0.866,-0.5,-0.9659,-0.2588,0.705,0.322,0.5007,2.97,23.4,1
38.47,24.03,20.25,219.9,0.0,0.04,0.02,40.67,25.87,1.601,5.1616,46.29,46.5,0.052,17.56,996.1,11.82,1,-0.866,-0.5,0.0,-1.0,0.595,0.578,0.5285,6.15,1.3,1
15.68,79.03,9.09,219.7,0.24,8.85,73.59,15.99,79.86,0.198,0.3734,16.79,17.08,0.412,9.73,1013.9,0.32,0,0.5,-0.866,-1.0,-0.0,0.586,0.078,0.009,85.54,116.7,0
30.43,48.48,10.56,101.8,0.46,0.9,10.56,30.4,47.66,0.628,2.2398,32.21,31.26,0.092,17.93,1013.8,4.37,1,0.0,-1.0,-0.9659,0.2588,0.322,0.481,0.0951,29.12,66.6,0
23.99,60.42,8.54,85.0,1.09,13.38,5.88,22.36,62.34,0.397,1.1805,25.95,24.38,0.316,16.9,1021.9,2.99,1,0.866,-0.5,0.2588,0.9659,0.452,0.257,0.0454,83.84,81.3,0
31.06,31.93,14.66,21.2,0.1,1.17,1.93,31.09,34.22,0.973,3.0685,33.33,33.76,0.105,19.29,1011.9,4.66,0,-1.0,-0.0,-1.0,-0.0,0.287,0.334,0.0903,17.11,61.8,1
51.34,10.34,28.04,281.1,0.0,0.0,0.0,54.17,10.34,4.966,11.8163,56.45,51.34,0.0,23.09,1016.4,7.2,1,0.866,0.5,-0.9659,-0.2588,0.018,0.0,0.0,100.0,180.0,0
16.81,82.85,13.97,30.0,1.98,4.69,11.7,15.41,86.79,0.203,0.3282,17.69,16.26,0.265,15.43,1017.8,1.34,1,0.866,0.5,0.9659,0.2588,0.27,0.145,0.0079,80.15,91.3,0
13.14,64.58,9.97,83.8,1.42,6.61,0.21,12.02,70.17,0.203,0.5353,13.65,12.8,0.205,9.33,1020.4,1.58,0,1.0,0.0,0.9659,-0.2588,0.37,0.055,0.0041,66.01,110.2,0
18.2,89.17,6.21,30.8,3.92,0.85,36.62,18.45,93.92,0.204,0.2263,18.81,17.43,0.418,13.81,1013.4,2.76,1,0.5,0.866,1.0,0.0,0.25,0.262,0.0132,63.19,136.9,0
8.77,92.24,7.28,174.0,5.56,1.06,1.94,6.34,100.05,0.095,0.0877,8.02,10.77,0.447,3.78,1018.3,1.07,0,0.5,-0.866,-0.7071,-0.7071,0.382,0.124,0.0045,76.7,152.3,0
50.18,87.83,9.02,336.0,0.0,0.0,0.0,50.59,87.83,0.571,1.5148,57.77,50.18,0.01,29.85,1013.8,1.1,1,0.0,-1.0,0.0,-1.0,0.009,0.0,0.0,100.0,180.0,0
40.34,17.21,24.22,59.7,0.0,0.03,0.15,42.32,21.77,2.344,6.218,47.84,44.02,0.039,13.85,1003.2,11.6,1,-0.866,-0.5,-0.9659,-0.2588,0.543,0.946,1.1374,4.49,12.6,1
37.49,13.42,30.63,209.8,0.0,0.25,0.05,38.89,17.71,2.794,5.5797,47.51,41.15,0.061,11.03,1001.6,6.15,1,-0.5,-0.866,-0.9659,-0.2588,0.671,0.467,0.8159,0.79,3.2,1
23.93,79.27,10.94,246.2,1.15,3.88,12.12,22.08,81.99,0.302,0.6159,23.07,24.21,0.272,16.55,1018.2,2.78,0,-0.0,1.0,-0.7071,0.7071,0.121,0.275,0.0099,147.94,96.4,0
23.99,83.37,8.87,290.7,0.64,0.73,12.71,21.7,92.33,0.288,0.4961,23.11,24.47,0.41,20.26,1020.0,0.11,0,-0.866,0.5,0.2588,-0.9659,0.313,0.184,0.0163,131.54,117.9,0
28.97,43.01,19.95,258.2,0.45,3.8,0.07,28.38,46.27,0.674,2.2794,31.14,32.76,0.093,17.38,1008.5,4.9,1,-0.5,-0.866,-0.2588,-0.9659,0.481,0.146,0.0463,11.99,30.3,1
13.29,91.0,9.14,280.2,0.41,6.67,30.3,13.4,90.0,0.146,0.1374,11.76,14.32,0.349,9.66,1017.2,3.0,1,0.5,0.866,-0.2588,0.9659,0.271,0.004,0.0002,93.96,146.8,0
17.65,51.17,2.84,283.9,0.17,1.11,8.21,17.92,52.35,0.345,0.9858,18.74,16.1,0.25,12.77,1019.8,1.87,1,0.5,0.866,0.0,-1.0,0.172,0.264,0.0154,105.19,174.9,0
41.76,17.72,17.64,3.4,0.0,0.07,0.1,44.54,22.08,2.357,6.6598,50.18,46.33,0.063,18.03,1003.2,7.26,1,-0.5,-0.866,-0.5,-0.866,0.557,0.454,0.5637,3.22,14.7,1
29.58,19.02,11.08,71.0,0.0,0.0,0.0,30.63,19.02,1.555,3.3538,34.25,29.58,0.0,13.69,1019.8,1.6,0,-0.5,0.866,1.0,0.0,0.002,0.0,0.0,100.0,180.0,0
29.04,38.08,16.74,159.9,0.83,0.26,3.13,29.73,42.26,0.763,2.4857,33.86,29.28,0.14,18.53,1012.3,5.83,0,-0.5,-0.866,-0.9659,-0.2588,0.461,0.106,0.0364,24.3,54.4,1
30.8,73.49,5.22,357.7,0.0,0.0,0.0,32.39,73.49,0.419,1.177,45.66,30.8,0.0,17.01,1007.9,14.63,1,0.5,0.866,0.7071,-0.7071,0.038,0.0,0.0,100.0,180.0,0
40.17,15.34,35.57,330.8,0.0,0.09,0.21,40.27,16.15,2.619,6.3025,51.45,48.1,0.069,17.78,999.8,8.97,1,-0.5,-0.866,-0.7071,-0.7071,0.524,0.791,1.0197,3.71,2.3,1
15.47,81.18,7.03,244.6,6.81,8.98,14.68,13.47,81.98,0.191,0.3307,16.22,17.33,0.243,8.16,1022.8,2.75,1,0.866,-0.5,-0.866,0.5,0.533,0.079,0.0079,94.19,134.8,0
31.17,70.28,22.69,1.8,0.0,0.0,0.0,33.8,70.28,0.443,1.3478,33.66,31.17,0.01,16.55,1015.9,5.99,1,0.5,0.866,0.5,-0.866,0.022,0.0,0.0,100.0,180.0,0
17.12,62.08,7.85,108.5,4.94,0.45,5.98,16.58,67.65,0.276,0.7406,15.9,15.45,0.369,10.03,1019.7,1.27,0,0.5,-0.866,0.7071,-0.7071,0.244,0.247,0.0164,124.66,159.8,0
42.7,15.0,39.52,132.6,0.0,0.07,0.02,44.57,19.38,2.846,7.2282,49.65,50.65,0.048,14.46,1000.4,6.3,1,-0.866,-0.5,-0.9659,-0.2588,0.61,0.674,1.0973,7.59,11.6,1
45.61,63.35,12.84,45.5,0.0,0.0,0.0,47.68,63.35,0.72,3.6233,59.19,45.61,0.01,13.51,1013.7,10.9,1,-0.5,0.866,0.9659,-0.2588,0.003,0.0,0.0,100.0,180.0,0
31.98,36.22,15.14,26.3,0.28,0.11,0.8,32.68,36.28,0.883,3.0288,34.89,34.44,0.108,15.81,1013.8,4.56,0,0.0,-1.0,-1.0,-0.0,0.391,0.127,0.0428,25.76,70.0,1
21.81,90.7,2.81,92.1,1.45,4.05,4.56,20.59,96.03,0.24,0.243,22.54,22.37,0.449,16.27,1021.9,1.07,1,-0.5,0.866,-0.9659,-0.2588,0.496,0.165,0.0195,61.31,160.8,0
9.13,81.62,10.32,12.8,1.07,4.8,5.91,8.31,87.83,0.112,0.2128,8.98,9.37,0.225,4.32,1023.3,2.58,0,-0.866,0.5,-0.7071,-0.7071,0.527,0.159,0.0093,75.86,85.2,0
29.06,47.92,20.94,143.6,0.23,0.1,0.19,30.78,52.19,0.606,2.0932,30.53,32.16,0.144,13.63,1012.1,5.09,1,0.0,-1.0,-0.2588,-0.9659,0.298,0.329,0.0582,31.74,23.9,0
34.82,20.04,30.55,247.8,0.0,0.2,0.04,36.92,21.69,1.738,4.452,48.46,43.58,0.065,8.77,1003.7,6.54,1,-0.866,-0.5,-0.866,-0.5,0.686,0.539,0.6122,8.03,12.9,1
37.29,57.33,3.59,305.7,0.0,0.0,0.0,39.93,57.33,0.65,2.72,52.16,37.29,0.0,26.22,1013.7,11.63,0,0.866,-0.5,-0.9659,0.2588,0.038,0.0,0.0,100.0,180.0,0
39.3,12.71,35.41,276.9,0.0,0.0,0.1,41.83,15.2,3.093,6.2009,52.49,44.51,0.048,15.58,1005.7,11.64,1,-0.866,-0.5,-0.7071,-0.7071,0.618,0.474,0.8399,6.33,0.8,1
33.44,68.38,7.85,133.7,0.0,0.0,0.0,33.64,68.38,0.489,1.6304,41.16,33.44,0.0,18.49,1009.9,4.94,1,-0.866,0.5,-0.7071,-0.7071,0.02,0.0,0.0,100.0,180.0,0
42.61,11.46,25.99,167.6,0.0,0.0,0.0,43.9,11.46,3.719,7.4967,47.56,42.61,0.01,13.93,1008.9,11.45,0,-0.866,0.5,-1.0,-0.0,0.009,0.0,0.0,100.0,180.0,0
33.43,11.04,25.99,179.2,0.0,0.0,0.02,36.23,14.75,3.029,4.5843,43.48,41.74,0.05,4.11,1005.2,9.96,1,-0.866,-0.5,-0.866,-0.5,0.613,0.463,0.7881,1.04,7.5,1
37.21,13.42,17.9,107.0,0.0,0.06,0.4,39.42,16.65,2.772,5.495,43.73,42.74,0.029,13.38,1008.5,9.54,1,-0.866,-0.5,-0.866,-0.5,0.495,0.895,1.1429,0.92,12.8,1
21.44,79.07,14.39,357.4,0.05,1.31,5.71,20.08,80.82,0.271,0.5346,20.11,22.4,0.27,14.51,1019.3,0.42,1,1.0,0.0,0.0,-1.0,0.469,0.088,0.011,62.9,131.5,0
30.13,42.08,10.0,28.6,0.91,1.53,2.21,31.33,41.41,0.716,2.4764,31.99,33.55,0.126,19.9,1008.0,3.89,1,-0.866,-0.5,-0.9659,-0.2588,0.264,0.337,0.0623,19.17,24.0,0
35.05,23.22,21.9,216.7,0.0,0.18,0.11,35.5,26.0,1.509,4.3281,47.44,38.67,0.035,13.66,1001.6,8.48,1,-0.5,-0.866,-0.7071,-0.7071,0.666,0.729,0.7027,9.76,23.7,1
33.14,42.1,12.56,139.7,0.45,0.42,9.79,34.04,49.49,0.787,2.9349,35.1,34.95,0.096,21.07,1011.6,5.14,1,-1.0,-0.0,-0.9659,0.2588,0.37,0.23,0.0655,20.68,58.2,0
33.93,38.64,12.8,186.7,0.13,0.4,4.17,34.61,41.87,0.878,3.2514,38.15,36.71,0.118,16.17,1016.8,5.64,1,0.0,-1.0,0.5,-0.866,0.434,0.175,0.065,28.6,59.2,0
15.92,61.19,8.11,250.9,8.76,0.74,16.06,13.84,69.81,0.26,0.702,17.26,16.56,0.256,8.03,1020.7,1.6,0,0.5,0.866,-0.9659,0.2588,0.348,0.067,0.006,64.28,127.7,0
41.55,22.79,30.94,191.7,0.0,0.04,0.05,42.3,24.84,1.823,6.181,48.51,47.5,0.064,16.77,1002.3,10.06,1,-0.5,-0.866,-0.9659,-0.2588,0.439,0.746,0.5725,7.28,22.6,1
24.36,81.95,6.18,114.7,0.85,10.82,8.74,24.98,88.27,0.297,0.5504,22.78,22.91,0.328,22.18,1019.8,2.26,1,0.866,-0.5,-0.2588,0.9659,0.292,0.167,0.0143,118.7,124.6,0
30.65,47.66,11.72,95.0,0.08,3.48,0.98,32.3,49.55,0.643,2.3044,34.01,34.43,0.13,17.32,1012.9,3.86,0,-1.0,-0.0,-0.5,-0.866,0.408,0.197,0.0507,14.44,63.5,0
39.65,12.57,23.55,228.5,0.0,0.01,0.32,41.46,16.32,3.155,6.3299,50.12,44.03,0.077,15.62,1003.8,6.76,1,-0.866,-0.5,-0.2588,-0.9659,0.578,0.637,1.0772,2.1,0.5,1
41.45,22.04,28.63,4.2,0.0,0.02,0.07,42.99,24.46,1.881,6.209,52.48,47.25,0.027,14.15,1004.2,10.88,1,-0.866,-0.5,-0.866,-0.5,0.562,0.623,0.6299,7.57,13.5,1
31.25,42.99,14.28,214.1,0.52,0.25,1.86,32.0,46.06,0.727,2.5972,34.63,33.63,0.103,16.72,1010.2,4.46,1,0.0,-1.0,-0.2588,-0.9659,0.475,0.44,0.1486,26.9,41.4,0
7.88,48.63,5.59,245.6,1.78,15.31,4.58,5.47,56.77,0.162,0.5464,8.27,6.27,0.442,3.93,1020.0,1.66,1,0.866,0.5,-1.0,-0.0,0.553,0.152,0.0133,50.12,131.1,0
38.68,17.42,18.21,194.7,0.0,0.03,0.17,41.38,20.01,2.22,5.6754,44.94,45.67,0.055,10.01,995.9,10.22,1,-0.5,-0.866,-0.7071,-0.7071,0.386,0.389,0.3155,6.2,22.5,1
39.03,17.24,26.13,53.1,0.0,0.05,0.22,40.27,20.01,2.264,5.7959,51.45,42.38,0.044,18.29,1002.1,10.37,1,-0.866,-0.5,-0.866,-0.5,0.736,0.538,0.8478,4.88,6.3,1
6.67,86.77,5.15,224.3,0.81,6.63,3.05,4.29,96.19,0.077,0.1296,5.68,6.32,0.197,-0.69,1014.7,1.32,0,0.5,-0.866,-0.9659,-0.2588,0.495,0.202,0.0076,91.57,80.3,0
32.23,42.86,12.87,139.6,0.07,0.7,0.96,33.08,41.86,0.752,2.7528,33.78,32.62,0.152,21.91,1008.0,4.33,0,-0.5,-0.866,0.7071,-0.7071,0.345,0.427,0.1084,20.27,58.8,1
45.9,19.86,20.16,217.7,0.0,0.0,0.0,47.86,19.86,2.311,8.0401,59.89,45.9,0.0,35.61,1011.2,6.47,0,-0.5,-0.866,-0.7071,0.7071,0.027,0.0,0.0,100.0,180.0,0
28.72,45.91,14.28,173.5,0.13,1.36,2.01,28.81,52.2,0.626,2.1317,32.72,31.84,0.132,13.48,1009.2,4.42,1,-0.866,-0.5,0.7071,-0.7071,0.469,0.14,0.0401,15.91,30.4,0
33.81,42.69,10.81,295.0,1.29,0.28,2.1,33.61,46.71,0.792,3.0157,35.68,34.49,0.114,17.93,1013.6,3.54,1,-0.5,-0.866,-0.9659,-0.2588,0.473,0.267,0.0979,33.32,23.3,0
35.9,21.5,41.2,335.9,0.0,0.31,0.21,36.48,24.52,1.67,4.6393,48.39,43.88,0.012,11.41,1006.4,9.18,1,-0.866,-0.5,-0.9659,-0.2588,0.509,0.487,0.3959,0.99,5.6,1
6.48,74.67,12.54,289.8,0.98,0.06,36.47,5.21,82.55,0.087,0.2448,7.86,6.83,0.318,0.8,1018.0,1.07,0,-0.0,1.0,1.0,0.0,0.248,0.277,0.0059,53.62,129.1,0
17.63,91.0,8.1,321.0,2.57,0.93,23.03,14.87,99.56,0.194,0.1814,15.88,18.71,0.376,12.27,1017.0,2.46,0,0.5,0.866,-0.5,0.866,0.245,0.108,0.0051,143.22,90.6,0
28.69,45.66,16.8,114.1,0.59,0.42,2.25,28.83,48.21,0.628,2.1378,31.86,31.46,0.18,12.74,1012.3,5.67,1,0.0,-1.0,0.2588,-0.9659,0.229,0.226,0.0319,10.7,63.7,0
23.0,57.79,8.04,89.8,3.78,1.42,10.59,23.87,56.39,0.398,1.1854,22.07,21.11,0.272,15.62,1013.0,0.59,1,0.866,-0.5,0.0,-1.0,0.4,0.038,0.0059,66.31,108.1,0
34.33,9.71,16.13,235.7,0.0,0.0,0.0,36.13,9.71,3.534,4.8913,37.22,34.33,0.0,10.24,1005.4,11.26,0,0.866,0.5,-0.5,0.866,0.016,0.0,0.0,100.0,180.0,0
13.65,86.57,5.65,88.8,0.06,8.54,40.05,13.72,93.53,0.158,0.2098,15.24,12.66,0.435,6.3,1019.1,2.2,0,0.5,-0.866,0.0,1.0,0.504,0.227,0.0178,126.76,136.4,0
36.19,21.47,6.51,18.0,0.0,0.0,0.0,36.53,21.47,1.685,4.7137,51.0,36.19,0.01,24.18,1011.5,8.61,0,0.866,-0.5,-0.2588,0.9659,0.007,0.0,0.0,100.0,180.0,0
35.73,27.15,24.32,327.7,0.0,0.0,0.0,38.46,27.15,1.316,4.2643,47.21,35.73,0.0,4.92,1019.8,14.27,1,0.5,-0.866,-0.9659,-0.2588,0.025,0.0,0.0,100.0,180.0,0
39.85,35.53,5.19,187.2,0.0,0.0,0.0,41.88,35.53,1.122,4.7173,44.72,39.85,0.0,13.12,1014.3,11.1,0,0.5,-0.866,-0.2588,0.9659,0.027,0.0,0.0,100.0,180.0,0
8.45,85.2,11.39,44.0,0.15,5.4,12.84,9.05,87.84,0.099,0.1637,8.46,6.51,0.211,4.74,1018.8,0.29,1,-0.0,1.0,-0.866,-0.5,0.315,0.081,0.0025,147.6,149.9,0
48.8,13.29,24.45,173.8,0.0,0.0,0.0,49.86,13.29,3.672,10.0777,59.13,48.8,0.0,31.41,1005.7,12.52,1,-0.5,-0.866,-0.9659,-0.2588,0.024,0.0,0.0,100.0,180.0,0
49.28,25.15,4.18,172.8,0.0,0.0,0.0,50.67,25.15,1.959,8.9066,57.85,49.28,0.01,24.15,1011.0,4.97,1,-0.866,0.5,0.7071,0.7071,0.005,0.0,0.0,100.0,180.0,0
8.83,77.68,13.6,67.4,4.79,1.58,43.13,9.56,81.85,0.114,0.2533,8.55,7.02,0.407,5.17,1017.2,0.11,1,0.5,0.866,-0.866,-0.5,0.361,0.029,0.0012,72.84,145.9,0
18.24,89.32,3.39,9.0,0.68,0.24,5.23,15.24,87.56,0.204,0.2237,19.25,16.87,0.235,12.04,1015.3,1.58,0,-0.5,0.866,0.7071,-0.7071,0.344,0.269,0.0187,76.84,108.2,0
41.64,77.32,19.97,131.3,0.0,0.0,0.0,43.89,77.32,0.539,1.8246,43.7,41.64,0.0,13.41,1012.5,2.08,0,-0.5,-0.866,-0.5,-0.866,0.006,0.0,0.0,100.0,180.0,0
26.22,31.8,22.44,118.0,0.0,0.0,0.0,29.05,31.8,0.825,2.3221,40.26,26.22,0.01,4.34,1018.2,8.63,0,1.0,0.0,1.0,0.0,0.029,0.0,0.0,100.0,180.0,0
31.19,39.36,16.78,314.3,0.28,1.82,2.04,31.22,43.05,0.792,2.7541,32.58,33.07,0.144,19.02,1011.9,3.66,1,-0.5,-0.866,-1.0,-0.0,0.333,0.138,0.0356,32.4,25.9,0
38.06,80.87,4.54,321.0,0.0,0.0,0.0,38.98,80.87,0.471,1.2708,42.14,38.06,0.01,17.55,1016.0,11.49,1,-0.866,-0.5,-0.5,0.866,0.012,0.0,0.0,100.0,180.0,0
40.62,10.33,39.18,165.3,0.0,0.09,0.06,42.61,10.4,3.933,6.8358,52.11,48.34,0.029,19.26,1006.7,7.82,1,-0.866,-0.5,-0.7071,-0.7071,0.388,0.649,0.9029,8.41,0.9,1
30.98,65.74,14.82,88.7,0.0,0.0,0.0,33.1,65.74,0.471,1.5375,36.11,30.98,0.0,10.66,1016.8,14.91,0,0.0,-1.0,0.9659,0.2588,0.024,0.0,0.0,100.0,180.0,0
46.51,43.18,26.58,297.9,0.0,0.0,0.0,48.33,43.18,1.077,5.8819,59.92,46.51,0.0,18.88,1009.9,7.31,1,-0.5,-0.866,0.5,0.866,0.012,0.0,0.0,100.0,180.0,0
24.19,68.92,7.6,283.5,5.21,0.41,55.25,23.28,71.11,0.351,0.9378,25.99,26.02,0.275,18.29,1021.4,1.63,0,0.5,-0.866,0.866,-0.5,0.41,0.099,0.014,118.96,107.7,0
42.64,16.42,19.09,337.8,0.0,0.03,0.42,45.43,21.25,2.596,7.0866,57.06,52.01,0.054,19.61,1005.1,6.9,1,-0.866,-0.5,-0.866,-0.5,0.582,0.475,0.6766,1.77,10.3,1
21.29,49.52,2.44,358.9,1.49,0.56,9.86,19.05,59.43,0.43,1.2781,23.26,21.49,0.247,16.14,1024.8,0.1,0,0.5,0.866,-0.2588,0.9659,0.41,0.141,0.0244,147.99,103.9,0
5.92,60.27,3.23,212.1,2.55,2.38,12.24,4.45,58.67,0.098,0.3694,4.24,5.17,0.401,4.18,1023.1,0.7,0,-0.0,1.0,1.0,0.0,0.58,0.207,0.0116,81.19,118.1,0
37.44,24.34,28.31,41.3,0.0,0.1,0.24,38.67,26.33,1.538,4.863,49.11,42.89,0.062,16.59,1004.7,10.23,1,-0.5,-0.866,-0.5,-0.866,0.643,0.77,0.7317,7.25,18.9,1
10.98,55.72,4.85,54.9,2.75,0.87,23.6,9.67,55.58,0.197,0.5806,12.16,11.0,0.216,9.13,1017.5,0.05,0,0.5,0.866,-0.866,0.5,0.394,0.257,0.0196,143.29,101.7,0
33.61,39.22,11.81,348.6,0.28,0.1,0.67,35.6,46.14,0.857,3.1636,35.54,36.13,0.093,23.55,1015.0,5.75,0,-0.5,-0.866,0.0,-1.0,0.32,0.348,0.0931,23.39,57.2,0
25.38,18.44,28.05,299.8,0.0,0.0,0.0,26.19,18.44,1.376,2.6427,37.16,25.38,0.0,-5.52,1010.5,1.26,1,0.866,-0.5,-0.5,-0.866,0.037,0.0,0.0,100.0,180.0,0
33.3,18.61,43.67,66.3,0.0,0.04,0.25,33.32,19.07,1.79,4.1643,44.31,39.47,0.057,11.3,995.3,11.84,1,-0.5,-0.866,-0.866,-0.5,0.849,0.757,1.0912,3.38,7.4,1
34.39,77.67,15.17,234.5,0.0,0.0,0.0,35.67,77.67,0.443,1.2141,46.99,34.39,0.0,1.98,1010.3,6.1,0,-0.866,-0.5,-0.2588,-0.9659,0.005,0.0,0.0,100.0,180.0,0
15.43,89.62,14.07,324.4,2.84,12.98,16.09,15.39,94.33,0.172,0.182,15.25,14.18,0.401,11.33,1013.0,0.28,0,-0.866,0.5,0.9659,0.2588,0.198,0.226,0.0076,61.54,135.5,0
28.04,37.67,20.28,18.8,0.01,0.5,1.47,27.47,45.52,0.744,2.3609,29.48,31.2,0.18,10.11,1016.4,4.21,1,-1.0,-0.0,-0.9659,-0.2588,0.269,0.312,0.0609,27.56,39.8,0
28.22,46.75,14.12,308.6,0.71,0.63,4.9,29.95,46.81,0.604,2.0387,31.33,28.72,0.141,10.89,1010.5,3.51,1,0.0,-1.0,-0.2588,-0.9659,0.487,0.386,0.111,17.17,26.1,0
33.55,38.39,17.9,242.9,0.36,1.35,0.03,34.73,38.93,0.874,3.1953,38.09,37.06,0.171,15.93,1012.3,3.01,0,-1.0,-0.0,-0.7071,-0.7071,0.265,0.368,0.083,14.49,60.7,0
34.21,19.28,32.6,247.1,0.0,0.01,0.05,37.13,21.78,1.774,4.3437,43.46,41.64,0.056,12.22,1000.5,10.9,1,-0.5,-0.866,-0.9659,-0.2588,0.726,0.799,0.9784,9.28,15.8,1
37.71,22.15,37.12,44.3,0.0,0.13,0.17,38.43,26.43,1.703,5.0763,48.82,47.06,0.059,9.11,999.2,8.68,1,-0.5,-0.866,-0.5,-0.866,0.513,0.68,0.5683,1.27,2.9,1
12.03,70.49,11.95,302.3,0.34,35.14,55.41,10.33,74.28,0.171,0.4147,10.56,13.88,0.32,9.03,1021.7,1.97,1,-0.0,1.0,-0.2588,-0.9659,0.151,0.078,0.002,112.0,109.5,0
33.0,43.86,10.78,137.3,0.15,0.31,1.7,33.7,46.58,0.752,2.8241,35.17,35.28,0.108,16.23,1009.6,5.95,1,0.0,-1.0,-0.9659,-0.2588,0.249,0.238,0.0436,14.27,33.0,1
30.76,35.98,19.06,178.5,0.13,0.6,0.65,31.08,35.48,0.855,2.8374,32.82,34.46,0.096,18.33,1017.8,5.74,1,0.0,-1.0,0.7071,-0.7071,0.366,0.139,0.0422,19.85,69.9,0
36.14,38.47,14.34,173.0,0.0,0.0,0.0,37.55,38.47,0.939,3.6833,50.13,36.14,0.01,4.82,1007.7,0.61,1,-0.0,1.0,0.866,-0.5,0.002,0.0,0.0,100.0,180.0,0
17.16,75.76,11.02,322.4,0.22,7.16,11.08,17.47,82.21,0.226,0.4744,17.74,16.8,0.391,13.16,1015.7,2.97,0,-0.5,0.866,0.5,-0.866,0.124,0.14,0.0039,97.21,84.6,0
32.93,41.57,10.14,314.7,0.31,0.25,2.37,34.88,45.1,0.792,2.9282,35.22,36.34,0.111,16.89,1013.2,4.58,1,-0.5,-0.866,0.5,-0.866,0.416,0.118,0.0381,24.02,34.8,0
29.71,42.49,14.94,238.2,0.4,0.75,1.5,30.49,50.01,0.699,2.4002,32.41,29.78,0.102,12.74,1013.6,5.84,0,0.0,-1.0,0.2588,-0.9659,0.317,0.487,0.1055,20.51,37.5,0
31.28,48.0,16.44,309.9,0.15,1.05,0.39,32.19,49.23,0.652,2.3736,32.46,31.59,0.165,19.29,1008.0,5.81,0,-1.0,-0.0,-0.9659,-0.2588,0.49,0.368,0.1151,18.07,49.9,1
9.91,46.59,5.65,319.8,0.67,0.63,16.8,8.59,52.0,0.213,0.652,11.83,11.16,0.353,8.25,1020.7,0.49,0,0.5,-0.866,-0.5,0.866,0.436,0.168,0.0153,98.62,101.4,0
29.94,49.61,20.4,78.9,0.93,0.43,1.49,30.55,52.38,0.604,2.1308,33.6,32.53,0.163,18.74,1009.7,4.07,1,-1.0,-0.0,-0.7071,-0.7071,0.309,0.189,0.0345,18.01,52.5,0
11.99,83.9,5.7,272.5,0.76,0.72,3.67,12.96,85.92,0.143,0.2256,13.71,13.11,0.428,10.82,1019.8,0.77,1,-0.5,0.866,0.5,-0.866,0.235,0.133,0.0044,74.75,122.4,0
26.75,82.65,3.19,291.0,0.0,0.0,0.0,27.75,82.65,0.324,0.6095,34.61,26.75,0.01,-0.84,1009.9,5.25,1,0.5,0.866,-0.2588,-0.9659,0.015,0.0,0.0,100.0,180.0,0
44.91,53.73,14.66,4.8,0.0,0.0,0.0,47.44,53.73,0.836,4.4132,46.11,44.91,0.0,18.21,1018.7,6.99,1,0.866,-0.5,0.0,-1.0,0.001,0.0,0.0,100.0,180.0,0
42.82,10.38,20.46,211.8,0.0,0.02,0.22,43.0,10.49,4.126,7.6689,52.47,50.29,0.046,19.44,998.2,11.12,1,-0.5,-0.866,-0.866,-0.5,0.557,0.948,1.9876,8.32,24.2,1
29.74,40.66,17.39,205.2,0.08,0.31,0.37,31.62,39.1,0.732,2.481,31.58,30.45,0.149,15.32,1015.8,4.59,1,-0.5,-0.866,-0.2588,-0.9659,0.367,0.202,0.0528,11.78,27.8,0
25.69,83.1,18.81,172.5,0.0,0.0,0.0,26.3,83.1,0.309,0.5577,30.84,25.69,0.0,4.28,1005.2,9.76,1,0.5,0.866,-0.9659,0.2588,0.017,0.0,0.0,100.0,180.0,0
32.12,36.83,11.76,51.4,0.83,1.33,5.08,33.55,38.4,0.872,3.0233,33.18,32.4,0.166,15.81,1014.9,4.25,1,-1.0,-0.0,-0.7071,-0.7071,0.464,0.244,0.0962,11.44,45.8,0
40.71,14.51,21.36,86.4,0.0,0.03,0.02,43.31,17.34,2.805,6.5471,48.72,46.39,0.078,17.11,1001.7,7.09,1,-0.866,-0.5,-0.866,-0.5,0.768,0.885,1.7826,4.43,22.0,1
28.29,31.43,12.36,76.9,1.36,1.66,1.02,30.08,32.09,0.9,2.6357,31.63,29.99,0.129,12.32,1012.6,5.26,1,-1.0,-0.0,-0.2588,-0.9659,0.361,0.115,0.0362,16.69,40.5,0
29.59,48.26,19.0,198.4,0.01,0.36,6.67,30.44,55.92,0.613,2.1446,33.2,29.71,0.147,18.58,1008.3,3.48,1,-0.866,-0.5,0.7071,-0.7071,0.283,0.475,0.0807,22.01,52.8,1
32.61,37.0,18.47,96.5,0.66,0.62,1.23,33.68,39.24,0.881,3.1005,37.24,35.76,0.153,21.69,1012.5,6.0,0,-0.5,-0.866,-0.866,-0.5,0.248,0.424,0.0904,26.56,38.8,0
6.56,93.82,14.08,219.2,6.22,1.47,11.74,5.37,95.6,0.07,0.06,4.65,6.15,0.22,2.35,1017.6,0.41,1,0.866,-0.5,-0.7071,-0.7071,0.433,0.183,0.0055,117.88,110.1,0
31.36,46.43,21.73,122.6,0.59,1.32,2.91,30.82,53.16,0.676,2.4571,35.63,33.9,0.15,13.73,1014.6,3.91,0,-1.0,-0.0,0.5,-0.866,0.473,0.316,0.0989,12.57,24.2,0
23.16,65.93,10.04,30.5,0.14,1.99,7.03,24.05,67.93,0.351,0.9668,23.29,23.33,0.316,20.83,1013.9,1.12,1,0.866,0.5,-0.866,0.5,0.232,0.12,0.0096,77.76,109.8,0
49.75,55.77,6.87,113.2,0.0,0.0,0.0,52.3,55.77,0.892,5.3893,62.82,49.75,0.0,37.89,1007.0,6.33,1,0.5,-0.866,1.0,0.0,0.02,0.0,0.0,100.0,180.0,0
44.55,15.87,22.73,21.1,0.0,0.11,0.09,47.26,18.08,2.808,7.8769,52.97,48.3,0.043,22.84,1009.2,8.18,1,-0.5,-0.866,-0.7071,-0.7071,0.458,0.845,1.0226,3.61,3.3,1
25.14,20.16,12.2,268.4,0.0,0.0,0.0,25.38,20.16,1.247,2.551,31.41,25.14,0.0,2.67,1018.2,10.77,0,0.866,-0.5,0.9659,0.2588,0.005,0.0,0.0,100.0,180.0,0
37.99,41.02,15.7,132.1,0.0,0.0,0.0,40.76,41.02,0.926,3.9046,41.39,37.99,0.0,10.31,1012.2,13.6,0,-0.866,-0.5,-0.9659,0.2588,0.007,0.0,0.0,100.0,180.0,0
44.13,56.73,19.84,128.8,0.0,0.0,0.0,46.58,56.73,0.778,3.9641,45.06,44.13,0.0,19.24,1006.2,1.55,0,0.5,0.866,-0.7071,-0.7071,0.038,0.0,0.0,100.0,180.0,0
46.26,86.41,27.99,171.2,0.0,0.0,0.0,49.1,86.41,0.535,1.3892,52.8,46.26,0.01,36.19,1006.2,3.88,1,-0.0,1.0,0.9659,-0.2588,0.02,0.0,0.0,100.0,180.0,0
25.75,56.95,19.65,187.2,0.0,0.0,0.0,28.66,56.95,0.452,1.4258,33.36,25.75,0.0,-0.78,1005.0,13.34,0,0.866,-0.5,0.5,0.866,0.014,0.0,0.0,100.0,180.0,0
47.08,58.59,12.7,283.6,0.0,0.0,0.0,49.28,58.59,0.803,4.4121,59.82,47.08,0.0,34.89,1013.2,11.38,1,0.0,-1.0,0.2588,-0.9659,0.02,0.0,0.0,100.0,180.0,0
28.78,13.12,15.14,247.4,0.0,0.0,0.0,30.11,13.12,2.195,3.4366,37.65,28.78,0.01,0.33,1007.4,4.76,1,0.866,0.5,-0.7071,0.7071,0.026,0.0,0.0,100.0,180.0,0
31.44,37.58,21.99,138.2,0.34,0.59,10.5,32.88,44.51,0.836,2.8747,32.87,32.49,0.109,16.15,1016.6,3.34,0,-0.5,-0.866,-0.866,-0.5,0.235,0.378,0.0724,20.0,23.1,1
28.41,42.06,17.7,204.9,0.56,1.05,1.49,28.45,42.75,0.675,2.2428,29.82,31.2,0.17,10.62,1012.5,5.53,1,0.0,-1.0,-0.7071,-0.7071,0.285,0.41,0.077,15.77,42.6,0
12.21,80.53,10.43,109.2,5.84,7.78,19.68,12.08,83.96,0.152,0.2768,10.91,13.12,0.443,4.63,1024.8,2.02,0,1.0,0.0,-0.9659,0.2588,0.218,0.209,0.0068,132.65,134.0,0
28.57,39.03,10.92,129.2,0.7,0.73,6.98,29.27,38.0,0.732,2.3817,33.3,31.87,0.091,15.3,1011.3,5.58,0,-0.5,-0.866,-0.2588,-0.9659,0.483,0.39,0.1346,13.21,39.0,0
10.18,82.87,13.75,153.7,2.25,6.67,15.74,9.02,86.84,0.123,0.2129,8.22,8.45,0.285,7.65,1021.8,0.36,0,-0.5,0.866,-0.7071,-0.7071,0.154,0.077,0.0014,143.05,112.9,0
33.25,8.67,27.79,237.7,0.0,0.12,0.16,34.96,9.2,3.835,4.658,39.94,41.06,0.066,4.55,1001.8,7.34,1,-0.866,-0.5,-0.866,-0.5,0.83,0.469,1.3405,7.97,12.0,1
6.66,62.64,12.98,48.6,0.88,13.06,8.0,6.26,68.66,0.106,0.3657,5.34,8.5,0.301,-0.3,1015.0,2.51,0,0.866,-0.5,-0.2588,0.9659,0.109,0.214,0.0024,143.06,130.0,0
10.61,89.92,1.87,200.6,0.64,5.49,8.33,10.1,89.8,0.118,0.1289,11.8,11.51,0.374,7.38,1019.4,0.74,0,0.866,0.5,0.9659,-0.2588,0.216,0.013,0.0003,130.45,135.9,0
33.71,45.83,16.38,18.7,0.3,3.76,4.02,32.84,49.07,0.736,2.8348,35.66,34.31,0.175,23.52,1010.8,4.71,1,-1.0,-0.0,0.7071,-0.7071,0.407,0.259,0.0758,15.71,56.7,1
30.03,32.02,10.07,89.2,0.76,3.78,4.68,30.08,31.69,0.938,2.8901,31.59,31.02,0.099,16.28,1014.0,4.72,0,-0.5,-0.866,-0.9659,0.2588,0.487,0.42,0.186,26.19,45.3,1
10.85,84.48,2.31,346.9,0.25,15.09,4.93,10.1,85.61,0.128,0.2017,11.0,9.24,0.394,4.93,1014.7,2.61,0,-0.866,0.5,1.0,0.0,0.318,0.046,0.0018,83.62,159.1,0
39.13,10.78,29.95,23.3,0.0,0.61,0.36,40.91,14.85,3.629,6.2807,53.32,44.18,0.03,11.06,1003.6,7.01,1,-0.5,-0.866,-0.5,-0.866,0.607,0.835,1.6829,3.76,3.1,1
30.0,39.66,18.71,215.4,0.89,2.63,0.72,29.63,41.69,0.756,2.5594,31.4,31.48,0.175,15.86,1014.6,4.11,1,-0.5,-0.866,0.5,-0.866,0.246,0.332,0.0603,29.86,30.0,0
36.36,21.6,18.04,150.4,0.0,0.06,0.18,37.16,24.58,1.683,4.7503,46.22,40.35,0.035,10.7,1005.9,9.93,1,-0.5,-0.866,-0.9659,-0.2588,0.698,0.502,0.5643,9.35,11.6,1
40.0,23.74,21.17,9.3,0.0,0.0,0.0,41.14,23.74,1.685,5.6248,52.48,40.0,0.01,11.94,1009.0,5.19,1,-0.866,-0.5,-0.2588,0.9659,0.022,0.0,0.0,100.0,180.0,0
8.44,93.63,1.23,141.0,1.41,3.28,9.44,6.58,97.84,0.09,0.0703,8.52,9.78,0.205,7.12,1016.1,1.6,0,0.866,-0.5,-0.9659,0.2588,0.478,0.042,0.0018,71.09,99.7,0
24.59,68.71,14.11,227.9,1.86,19.61,1.45,25.43,77.87,0.358,0.9671,23.85,26.56,0.218,16.9,1021.2,1.46,1,-0.0,1.0,1.0,0.0,0.503,0.181,0.0322,92.12,159.4,0
50.88,45.38,13.82,263.5,0.0,0.0,0.0,53.58,45.38,1.121,7.0376,51.93,50.88,0.01,24.45,1016.5,0.68,1,-0.5,0.866,-0.5,-0.866,0.039,0.0,0.0,100.0,180.0,0
35.18,22.85,35.81,29.6,0.0,0.07,0.19,36.28,26.04,1.54,4.3815,47.88,38.53,0.042,14.16,997.2,7.38,1,-0.5,-0.866,-0.5,-0.866,0.695,0.674,0.6905,3.36,20.1,1
27.57,36.83,17.7,289.8,0.0,0.0,0.0,28.86,36.83,0.749,2.3284,32.8,27.57,0.0,-1.28,1015.7,7.96,0,0.5,-0.866,0.866,-0.5,0.007,0.0,0.0,100.0,180.0,0
35.85,16.82,43.1,148.0,0.0,0.01,0.03,37.58,19.27,2.131,4.9002,42.96,44.72,0.066,14.54,1003.2,10.63,1,-0.866,-0.5,0.0,-1.0,0.802,0.805,1.2986,8.74,12.7,1
22.24,54.07,10.72,186.0,1.34,0.34,8.76,19.86,61.34,0.411,1.2323,22.24,22.0,0.438,20.32,1015.3,0.77,1,1.0,0.0,0.866,-0.5,0.447,0.126,0.0227,60.31,169.3,0
18.38,79.1,2.26,50.7,0.63,4.08,32.55,19.07,79.69,0.232,0.4419,17.28,17.5,0.286,17.15,1015.9,1.33,0,-0.5,0.866,0.0,-1.0,0.37,0.146,0.0124,146.91,147.8,0
30.07,35.01,20.94,17.4,0.57,4.12,2.79,29.36,38.86,0.859,2.7687,34.31,31.81,0.121,19.41,1009.9,3.39,0,0.0,-1.0,-0.866,-0.5,0.293,0.349,0.0856,24.74,33.1,0
15.55,46.55,11.24,324.5,1.9,1.44,20.87,15.84,49.38,0.334,0.9445,14.29,16.95,0.372,8.25,1023.6,0.88,0,1.0,0.0,0.7071,-0.7071,0.387,0.137,0.0173,100.16,171.9,0
15.65,83.14,1.87,297.0,0.28,12.67,6.02,14.77,85.45,0.188,0.2997,16.43,14.15,0.264,11.24,1024.0,0.42,0,-0.5,0.866,0.0,1.0,0.411,0.11,0.0084,124.41,130.1,0
28.96,43.87,10.63,358.3,0.88,2.0,7.81,28.16,43.51,0.66,2.2434,32.76,31.28,0.156,14.96,1009.0,3.67,1,0.0,-1.0,-0.9659,-0.2588,0.368,0.106,0.0252,14.22,41.7,0
37.52,9.56,16.73,98.9,0.0,0.14,0.02,40.27,12.54,3.926,5.837,45.3,47.41,0.069,9.47,998.3,11.2,1,-0.866,-0.5,-0.7071,-0.7071,0.828,0.547,1.6097,9.71,11.2,1
35.07,24.47,17.16,9.2,0.0,0.04,0.16,35.92,28.39,1.433,4.2626,44.65,43.42,0.028,7.41,997.5,8.7,1,-0.866,-0.5,-0.866,-0.5,0.459,0.493,0.3118,4.62,0.1,1
37.19,22.83,39.87,236.5,0.0,0.15,0.14,39.17,27.04,1.629,4.8928,51.16,43.54,0.021,14.33,995.9,7.64,1,-0.5,-0.866,-0.866,-0.5,0.549,0.677,0.5797,1.14,22.4,1
29.39,67.73,12.86,128.4,0.0,0.0,0.0,30.23,67.73,0.434,1.3221,40.3,29.39,0.01,9.91,1019.5,9.39,0,0.5,-0.866,1.0,0.0,0.015,0.0,0.0,100.0,180.0,0
36.44,9.69,26.66,296.0,0.0,0.07,0.46,38.33,13.59,3.76,5.4955,47.21,40.46,0.078,14.94,1004.0,6.31,1,-0.5,-0.866,-0.2588,-0.9659,0.771,0.417,1.0953,9.51,20.5,1
31.51,45.63,21.7,75.8,0.63,0.51,4.67,31.81,51.12,0.691,2.5141,35.13,32.24,0.114,21.27,1012.9,4.88,1,-0.866,-0.5,0.2588,-0.9659,0.291,0.159,0.0313,34.32,49.4,1
20.82,49.29,10.8,261.5,3.65,6.71,28.76,21.58,51.72,0.422,1.2471,22.09,21.47,0.201,19.78,1024.0,0.12,0,0.866,0.5,-1.0,-0.0,0.15,0.258,0.0161,141.18,179.0,0
50.09,16.3,5.01,279.9,0.0,0.0,0.0,51.09,16.3,3.073,10.3728,65.0,50.09,0.0,32.04,1015.3,13.15,0,0.5,-0.866,0.7071,-0.7071,0.007,0.0,0.0,100.0,180.0,0
29.3,31.91,12.49,241.8,0.5,1.72,0.65,30.78,38.62,0.918,2.775,34.24,31.67,0.119,19.04,1017.4,4.16,0,-0.866,-0.5,-0.2588,-0.9659,0.492,0.436,0.1911,31.51,61.5,0
42.27,22.74,19.11,3.6,0.0,0.27,0.17,44.61,26.76,1.858,6.4236,54.2,51.05,0.041,16.09,1004.9,9.88,1,-0.5,-0.866,-0.7071,-0.7071,0.53,0.764,0.72,6.89,9.8,1
41.07,18.54,42.02,231.3,0.0,0.07,0.55,41.62,19.64,2.215,6.3576,49.64,44.85,0.062,12.7,1009.8,10.02,1,-0.5,-0.866,-0.7071,-0.7071,0.46,0.799,0.7725,4.64,13.8,1
42.03,8.58,36.92,40.5,0.0,0.04,0.0,42.72,12.87,4.9,7.5067,47.61,48.51,0.045,14.55,1001.6,10.4,1,-0.5,-0.866,0.0,-1.0,0.464,0.586,1.1926,1.88,23.1,1
33.22,37.36,19.03,207.8,0.44,1.08,1.36,34.69,43.25,0.889,3.1906,34.9,34.04,0.123,22.83,1011.6,5.32,0,-1.0,-0.0,-0.9659,0.2588,0.454,0.263,0.1034,34.81,26.7,0
18.9,63.86,9.59,6.3,1.43,1.53,6.03,18.05,69.64,0.296,0.7893,17.75,17.28,0.237,17.28,1025.0,2.4,1,0.5,0.866,0.7071,-0.7071,0.519,0.021,0.0032,78.66,93.8,0
39.65,19.55,27.09,182.3,0.0,0.02,0.15,40.47,24.36,2.028,5.8222,47.97,47.33,0.018,13.27,1009.5,8.53,1,-0.5,-0.866,-0.5,-0.866,0.573,0.314,0.3471,4.62,15.3,1
24.79,84.75,13.95,207.1,3.5,14.7,17.25,23.79,92.56,0.292,0.477,23.93,24.38,0.387,22.56,1021.7,2.1,0,0.866,0.5,-0.5,-0.866,0.186,0.137,0.0074,60.79,175.8,0
12.05,45.08,9.77,70.2,0.77,1.78,7.14,9.39,54.14,0.267,0.7728,11.19,13.53,0.266,9.74,1023.4,0.59,0,-0.866,0.5,0.9659,0.2588,0.363,0.092,0.0088,68.99,144.3,0
39.73,19.56,22.24,314.5,0.0,0.06,0.14,40.8,22.11,2.031,5.8481,50.11,47.05,0.011,10.83,1001.4,9.29,1,-0.5,-0.866,-0.9659,-0.2588,0.556,0.899,0.9657,2.45,6.6,1
7.7,69.33,11.85,108.1,1.2,17.92,6.15,6.59,75.57,0.111,0.3225,6.9,6.03,0.261,0.83,1015.8,2.76,1,0.866,-0.5,-0.7071,0.7071,0.514,0.122,0.0069,116.47,136.6,0
44.89,21.59,35.77,93.7,0.0,0.12,0.08,45.14,24.47,2.079,7.4695,53.21,49.74,0.016,15.42,997.9,11.24,1,-0.5,-0.866,0.0,-1.0,0.623,0.437,0.5411,1.12,16.1,1
38.91,20.94,22.64,160.7,0.0,0.12,0.27,39.89,22.14,1.858,5.4994,52.01,45.67,0.036,16.8,1008.5,9.45,1,-0.866,-0.5,-0.5,-0.866,0.68,0.874,1.0539,7.06,24.2,1
37.61,53.95,29.01,309.1,0.0,0.0,0.0,38.67,53.95,0.697,2.9868,50.44,37.61,0.01,13.57,1010.9,4.27,0,0.866,0.5,0.7071,-0.7071,0.003,0.0,0.0,100.0,180.0,0
11.38,81.01,12.64,39.8,1.56,0.24,7.78,11.75,83.57,0.14,0.2556,10.93,12.71,0.427,9.22,1015.8,1.58,0,0.5,-0.866,0.7071,0.7071,0.528,0.154,0.0113,148.98,92.5,0
46.55,85.65,4.58,215.6,0.0,0.0,0.0,47.91,85.65,0.543,1.4885,56.78,46.55,0.0,17.86,1007.8,8.19,1,-0.866,0.5,0.7071,-0.7071,0.01,0.0,0.0,100.0,180.0,0
33.43,33.56,10.89,354.3,0.71,0.25,1.88,32.83,39.92,0.996,3.4222,35.25,35.03,0.127,21.05,1014.4,4.46,1,0.0,-1.0,-0.866,-0.5,0.206,0.254,0.0505,25.98,22.0,0
32.59,66.07,2.95,299.4,0.0,0.0,0.0,33.74,66.07,0.493,1.6675,42.7,32.59,0.0,0.87,1015.5,14.95,1,-0.866,0.5,-0.5,-0.866,0.018,0.0,0.0,100.0,180.0,0
32.41,47.81,21.19,36.8,0.24,1.68,14.27,34.3,54.27,0.678,2.5389,33.99,32.87,0.157,21.79,1012.7,4.85,1,-0.5,-0.866,0.2588,-0.9659,0.425,0.354,0.0998,26.99,55.9,0
22.55,78.77,2.91,190.4,1.23,0.51,13.46,21.15,80.51,0.286,0.5805,22.63,24.13,0.337,18.26,1019.2,1.02,0,0.866,0.5,-0.5,-0.866,0.427,0.032,0.0038,67.58,145.2,0
23.74,45.41,3.3,271.1,2.07,5.2,0.26,22.51,52.79,0.523,1.6034,23.92,25.2,0.315,17.68,1022.3,0.73,0,-0.866,0.5,-0.866,0.5,0.313,0.07,0.0113,101.11,160.1,0
31.43,40.27,17.37,292.7,0.02,0.27,4.38,32.12,47.42,0.781,2.75,33.82,34.34,0.156,14.5,1015.5,3.21,1,0.0,-1.0,-0.2588,-0.9659,0.439,0.184,0.0615,22.13,37.7,1
28.05,84.3,9.78,176.3,0.0,0.0,0.0,28.97,84.3,0.333,0.5953,31.36,28.05,0.01,11.47,1012.5,0.35,1,0.5,0.866,-0.9659,-0.2588,0.029,0.0,0.0,100.0,180.0,0
38.97,20.71,41.05,282.6,0.0,0.19,0.18,41.24,24.81,1.882,5.5336,52.45,48.04,0.018,13.27,1005.4,11.41,1,-0.866,-0.5,-0.2588,-0.9659,0.729,0.865,1.1315,3.06,11.2,1
27.02,89.32,20.66,244.8,0.0,0.0,0.0,28.32,89.32,0.303,0.3812,29.62,27.02,0.01,8.89,1006.3,14.32,1,-1.0,-0.0,0.866,-0.5,0.019,0.0,0.0,100.0,180.0,0
8.53,45.42,5.1,273.4,0.97,5.72,23.04,7.3,46.69,0.188,0.6069,10.36,7.01,0.343,6.25,1013.6,0.59,1,1.0,0.0,-0.5,0.866,0.563,0.116,0.012,94.19,121.1,0
42.48,13.05,16.8,194.7,0.0,0.03,0.2,43.2,16.88,3.254,7.3083,52.22,48.6,0.043,14.31,1003.5,7.16,1,-0.5,-0.866,0.0,-1.0,0.36,0.616,0.6713,8.64,12.6,1
31.37,47.14,14.83,58.2,0.06,1.14,2.31,31.39,49.85,0.665,2.4245,33.81,34.72,0.1,15.47,1010.6,5.19,1,-1.0,-0.0,-0.9659,-0.2588,0.469,0.189,0.0579,13.73,53.7,1
33.78,34.14,13.93,299.6,0.68,1.81,3.73,32.93,39.18,0.99,3.4612,35.46,37.41,0.163,21.82,1012.9,5.46,1,-0.866,-0.5,-0.5,-0.866,0.391,0.293,0.1103,26.03,56.4,0
22.03,74.74,2.0,65.6,1.1,6.28,26.81,20.09,78.23,0.295,0.6692,22.01,23.04,0.368,20.15,1013.6,1.05,1,-0.0,1.0,-0.7071,-0.7071,0.38,0.188,0.0208,84.46,91.1,0
39.27,11.48,35.05,285.4,0.0,0.07,0.01,41.74,14.54,3.419,6.2775,48.65,44.43,0.072,10.3,996.2,11.43,1,-0.5,-0.866,-0.5,-0.866,0.648,0.335,0.6833,3.41,22.8,1
43.83,17.21,24.7,39.9,0.0,0.24,0.02,46.25,21.13,2.546,7.468,58.66,47.53,0.072,21.96,997.7,8.44,1,-0.5,-0.866,-0.7071,-0.7071,0.459,0.464,0.5132,2.8,21.0,1
43.65,21.08,16.0,261.5,0.0,0.09,0.17,43.85,22.81,2.07,7.0513,48.9,50.91,0.06,18.21,1009.2,7.9,1,-0.5,-0.866,-0.9659,-0.2588,0.413,0.931,0.7604,6.28,13.7,1
39.0,77.46,17.05,8.2,0.0,0.0,0.0,41.72,77.46,0.503,1.5753,41.26,39.0,0.0,15.54,1010.2,10.06,1,-1.0,-0.0,1.0,0.0,0.025,0.0,0.0,100.0,180.0,0
41.07,66.13,15.95,225.4,0.0,0.0,0.0,42.06,66.13,0.621,2.6434,47.3,41.07,0.0,21.52,1018.6,7.07,1,-0.866,-0.5,0.0,1.0,0.036,0.0,0.0,100.0,180.0,0
35.67,21.85,36.58,202.1,0.0,0.18,0.35,38.57,22.51,1.632,4.5583,44.09,39.6,0.063,13.43,1007.9,10.62,1,-0.5,-0.866,-0.2588,-0.9659,0.468,0.813,0.5949,3.02,11.5,1
23.6,45.27,11.62,320.0,0.13,11.37,18.43,20.95,53.25,0.521,1.5944,25.46,25.55,0.383,22.22,1016.0,1.9,0,1.0,0.0,0.9659,-0.2588,0.531,0.158,0.0427,99.27,137.4,0
24.57,87.49,9.21,225.8,6.02,0.17,0.99,24.94,93.76,0.281,0.3863,24.65,22.62,0.225,19.05,1020.1,1.98,0,0.866,0.5,-0.2588,-0.9659,0.482,0.035,0.0046,106.95,126.3,0
31.57,7.47,11.4,211.4,0.0,0.0,0.0,32.92,7.47,4.227,4.2929,44.52,31.57,0.01,17.14,1006.2,1.29,1,1.0,0.0,-0.9659,-0.2588,0.03,0.0,0.0,100.0,180.0,0
33.93,72.29,23.19,155.5,0.0,0.0,0.0,36.7,72.29,0.469,1.468,42.16,33.93,0.01,22.96,1012.5,9.11,1,0.0,-1.0,-0.2588,0.9659,0.006,0.0,0.0,100.0,180.0,0
48.63,9.02,25.47,1.4,0.0,0.0,0.0,49.91,9.02,5.391,10.4845,53.55,48.63,0.01,25.62,1008.3,7.63,0,-0.5,-0.866,-0.9659,-0.2588,0.038,0.0,0.0,100.0,180.0,0
32.61,40.59,21.52,106.3,0.09,0.56,4.73,33.06,47.85,0.803,2.9232,36.48,32.8,0.169,22.48,1009.7,4.82,1,-0.5,-0.866,-0.9659,0.2588,0.354,0.21,0.0582,22.4,61.0,1
13.2,59.53,14.49,300.9,4.56,13.36,4.76,11.18,64.63,0.222,0.6139,14.55,14.27,0.208,6.8,1017.6,2.42,1,0.866,-0.5,0.9659,-0.2588,0.213,0.272,0.0126,134.4,127.6,0
8.13,94.01,8.26,181.7,0.8,2.27,8.33,6.57,93.45,0.087,0.0649,6.43,6.58,0.337,3.09,1017.9,0.95,1,0.866,-0.5,0.9659,-0.2588,0.499,0.063,0.0027,56.83,156.4,0
36.52,24.08,38.47,118.9,0.0,0.04,0.23,36.73,28.48,1.516,4.6411,41.64,44.76,0.055,6.94,1000.0,9.42,1,-0.866,-0.5,-0.2588,-0.9659,0.708,0.585,0.603,0.59,14.2,1
22.42,85.31,10.34,98.8,0.84,3.08,8.96,21.25,92.67,0.263,0.3982,21.15,21.94,0.388,15.44,1013.4,2.17,0,-0.0,1.0,1.0,0.0,0.114,0.113,0.0034,139.21,123.8,0
41.61,64.03,18.72,30.3,0.0,0.0,0.0,43.66,64.03,0.65,2.8898,42.56,41.61,0.0,17.93,1007.1,11.41,1,1.0,0.0,0.2588,0.9659,0.034,0.0,0.0,100.0,180.0,0
7.32,61.48,2.39,333.3,3.24,16.07,44.91,6.18,67.47,0.119,0.3946,9.22,7.88,0.228,1.93,1023.3,0.24,0,0.866,-0.5,-0.9659,0.2588,0.162,0.039,0.0007,101.83,110.0,0
32.72,33.78,13.12,201.5,0.43,0.9,0.13,34.6,34.06,0.969,3.2795,36.96,35.69,0.162,15.16,1014.4,3.71,1,-0.5,-0.866,-1.0,-0.0,0.479,0.473,0.2131,10.51,37.2,1
9.3,83.25,9.3,117.3,1.67,4.9,17.26,6.42,86.76,0.112,0.1961,9.83,8.19,0.375,7.3,1013.2,2.98,0,0.5,-0.866,-0.5,-0.866,0.233,0.271,0.007,115.86,120.9,0
19.87,65.38,6.99,305.8,0.18,8.86,8.0,18.31,71.07,0.304,0.8031,18.88,19.34,0.278,14.09,1013.8,2.97,0,-0.5,0.866,-1.0,-0.0,0.56,0.298,0.05,108.66,157.7,0
51.15,59.67,15.51,180.9,0.0,0.0,0.0,52.4,59.67,0.857,5.2661,57.94,51.15,0.0,29.14,1019.7,13.35,0,-1.0,-0.0,0.2588,0.9659,0.035,0.0,0.0,100.0,180.0,0
31.23,38.02,23.96,258.0,0.0,0.0,0.0,32.04,38.02,0.821,2.8215,36.88,31.23,0.0,12.89,1008.2,3.55,0,-0.5,0.866,-0.866,0.5,0.027,0.0,0.0,100.0,180.0,0
44.89,11.68,3.13,16.2,0.0,0.0,0.0,46.88,11.68,3.844,8.415,47.34,44.89,0.0,17.21,1008.0,7.17,0,0.866,0.5,0.0,-1.0,0.017,0.0,0.0,100.0,180.0,0
36.83,12.46,17.87,301.3,0.0,0.06,0.3,39.54,14.02,2.956,5.4415,49.99,42.45,0.013,12.47,997.5,7.73,1,-0.5,-0.866,-0.7071,-0.7071,0.602,0.37,0.6093,3.43,15.3,1
34.39,16.94,23.18,189.9,0.0,0.32,0.04,35.06,18.47,2.031,4.5158,39.55,41.15,0.046,13.11,1002.5,8.24,1,-0.866,-0.5,-0.7071,-0.7071,0.631,0.539,0.6525,4.97,24.1,1
10.15,49.12,5.01,281.3,0.56,4.97,6.02,7.53,58.84,0.207,0.6312,8.74,11.18,0.2,2.92,1021.4,1.84,0,0.5,-0.866,-0.5,0.866,0.197,0.136,0.0054,101.07,110.3,0
41.54,52.61,20.12,267.7,0.0,0.0,0.0,44.45,52.61,0.79,3.7927,48.73,41.54,0.01,28.49,1012.3,8.31,0,0.866,0.5,-0.5,-0.866,0.004,0.0,0.0,100.0,180.0,0
28.18,41.26,11.75,186.1,0.3,1.7,0.36,29.01,48.24,0.683,2.2439,30.3,29.24,0.119,11.19,1015.2,4.96,0,-0.5,-0.866,0.2588,-0.9659,0.259,0.195,0.0338,12.01,43.0,1
29.13,35.3,17.58,314.5,0.52,2.6,0.29,28.15,36.8,0.825,2.6112,30.81,30.23,0.112,17.58,1013.1,5.69,0,-1.0,-0.0,-0.5,-0.866,0.442,0.434,0.1538,31.05,46.1,0
32.4,47.76,11.2,340.0,0.02,4.75,1.27,32.43,46.5,0.679,2.5412,33.58,32.9,0.094,19.12,1016.0,4.69,1,0.0,-1.0,-0.866,-0.5,0.282,0.499,0.0933,31.7,31.3,0
19.7,55.2,9.82,30.8,5.76,2.46,0.02,17.66,55.27,0.357,1.0281,20.09,18.21,0.207,14.03,1013.7,2.34,0,-0.866,0.5,0.5,-0.866,0.273,0.165,0.0157,76.64,116.8,0
38.04,18.77,39.09,317.5,0.0,0.03,0.03,40.1,21.63,2.026,5.3914,46.47,42.2,0.043,11.05,1004.6,11.2,1,-0.5,-0.866,-0.9659,-0.2588,0.707,0.308,0.4184,5.11,14.7,1
23.09,90.36,12.61,222.2,2.08,1.13,3.53,23.57,94.94,0.256,0.2723,23.49,23.66,0.19,15.23,1020.0,1.87,1,1.0,0.0,-1.0,-0.0,0.167,0.154,0.0065,131.33,111.6,0
39.59,22.76,16.81,289.3,0.0,0.23,0.16,42.43,27.07,1.739,5.5734,47.77,43.32,0.053,10.25,1000.5,7.74,1,-0.5,-0.866,-0.866,-0.5,0.85,0.908,1.2861,6.98,14.0,1
38.14,18.52,27.31,87.3,0.0,0.0,0.0,38.36,18.52,2.059,5.4384,49.31,38.14,0.0,15.24,1017.3,4.09,0,0.5,0.866,0.9659,0.2588,0.004,0.0,0.0,100.0,180.0,0
42.99,18.67,19.91,95.4,0.0,0.07,0.07,44.11,21.4,2.302,7.0221,48.12,51.14,0.079,20.51,999.0,6.62,1,-0.5,-0.866,-0.9659,-0.2588,0.71,0.519,0.8046,1.07,2.7,1
29.8,41.31,12.59,107.4,1.57,0.15,0.4,30.63,43.99,0.721,2.4621,32.31,33.43,0.143,18.41,1010.7,3.27,1,-0.5,-0.866,0.2588,-0.9659,0.286,0.481,0.0968,15.1,56.7,0
33.2,22.39,20.43,299.4,0.0,0.24,0.06,35.91,24.32,1.483,3.9476,47.18,36.66,0.054,4.5,1004.5,9.82,1,-0.5,-0.866,-0.7071,-0.7071,0.77,0.764,0.8357,6.26,11.0,1
40.38,21.18,26.82,22.4,0.0,0.06,0.05,42.82,23.2,1.906,5.9318,54.71,44.67,0.018,19.66,1002.2,9.79,1,-0.5,-0.866,-0.9659,-0.2588,0.739,0.788,1.0594,2.64,14.0,1
6.51,73.65,4.53,63.7,1.09,1.6,3.99,3.57,78.64,0.088,0.2552,4.87,4.61,0.304,1.13,1019.9,2.68,1,0.5,-0.866,1.0,0.0,0.248,0.095,0.002,116.65,87.4,0
42.38,87.93,28.48,306.8,0.0,0.0,0.0,43.06,87.93,0.482,1.0099,47.26,42.38,0.01,16.4,1007.4,8.65,1,-0.0,1.0,1.0,0.0,0.005,0.0,0.0,100.0,180.0,0
32.9,33.57,13.86,192.1,0.37,0.73,0.33,33.14,35.11,0.98,3.3224,34.85,34.22,0.159,15.01,1011.1,5.33,0,0.0,-1.0,0.2588,-0.9659,0.252,0.441,0.1057,31.07,67.5,0
39.84,17.6,21.47,234.4,0.0,0.02,0.1,41.05,19.68,2.263,6.0257,50.42,49.58,0.069,10.74,998.4,8.88,1,-0.866,-0.5,-0.2588,-0.9659,0.781,0.841,1.4067,4.87,5.3,1
28.51,45.8,16.84,222.9,0.55,2.15,2.94,27.75,43.83,0.622,2.1098,32.42,31.02,0.099,18.11,1017.8,5.09,1,-0.5,-0.866,0.2588,-0.9659,0.295,0.337,0.0605,21.36,36.2,0
37.36,15.47,17.17,179.4,0.0,0.14,0.15,39.63,17.38,2.416,5.4102,49.99,44.06,0.055,14.98,1004.8,8.16,1,-0.866,-0.5,-0.9659,-0.2588,0.708,0.643,1.0336,3.2,13.5,1
36.0,10.38,42.81,317.7,0.0,0.0,0.3,38.42,10.49,3.468,5.3249,43.82,40.01,0.012,11.88,995.8,9.18,1,-0.5,-0.866,-0.5,-0.866,0.681,0.701,1.5087,3.39,20.9,1
31.56,30.03,13.11,265.5,0.53,1.71,1.42,32.53,36.75,1.051,3.2457,33.46,31.73,0.177,15.91,1008.1,3.8,1,-0.866,-0.5,0.5,-0.866,0.317,0.349,0.1125,26.06,66.7,0
5.89,56.99,7.85,164.8,2.29,17.21,5.86,4.35,55.47,0.103,0.3993,7.88,7.51,0.3,0.34,1020.3,1.54,1,-0.0,1.0,0.0,1.0,0.106,0.07,0.0008,129.83,120.7,0
10.89,87.1,10.4,83.5,3.53,12.53,2.81,8.43,90.9,0.125,0.1681,10.18,9.09,0.347,5.54,1019.0,2.26,1,1.0,0.0,0.5,-0.866,0.575,0.286,0.0204,69.3,142.8,0
42.06,22.82,18.29,192.2,0.0,0.03,0.02,44.93,25.13,1.843,6.3482,55.59,50.45,0.063,18.92,1008.4,6.31,1,-0.5,-0.866,-0.2588,-0.9659,0.693,0.806,0.9865,9.99,3.9,1
44.66,14.41,15.92,27.7,0.0,0.15,0.01,46.4,15.49,3.1,8.0598,57.78,50.93,0.066,15.28,1003.0,8.85,1,-0.5,-0.866,-0.2588,-0.9659,0.788,0.778,1.7786,8.87,21.6,1
44.16,16.02,31.43,358.7,0.0,0.06,0.25,46.28,16.64,2.757,7.7048,54.5,53.23,0.075,17.07,999.5,9.22,1,-0.5,-0.866,-0.7071,-0.7071,0.601,0.873,1.3615,3.79,21.1,1
45.0,16.43,33.72,21.4,0.0,0.11,0.32,45.65,16.77,2.739,8.0064,53.16,50.31,0.073,20.39,997.1,9.72,1,-0.5,-0.866,-0.866,-0.5,0.431,0.631,0.7028,1.42,13.9,1
36.18,17.14,44.6,150.8,0.0,0.05,0.04,36.81,18.71,2.112,4.9723,50.48,39.52,0.017,14.03,1002.0,7.38,1,-0.866,-0.5,-0.7071,-0.7071,0.645,0.354,0.4553,9.62,16.5,1
32.17,42.38,18.26,177.0,1.0,2.99,11.6,32.21,47.64,0.759,2.7653,35.34,32.53,0.091,16.35,1016.7,3.65,1,-1.0,-0.0,-0.5,-0.866,0.277,0.276,0.0568,34.51,62.3,1
49.96,86.42,2.84,92.4,0.0,0.0,0.0,52.54,86.42,0.578,1.6726,62.17,49.96,0.0,24.14,1018.6,11.34,1,-0.866,0.5,0.5,0.866,0.033,0.0,0.0,100.0,180.0,0
26.25,12.38,18.91,206.5,0.0,0.0,0.0,28.45,12.38,2.12,2.9885,35.55,26.25,0.01,-4.4,1008.6,0.24,1,-0.0,1.0,0.9659,-0.2588,0.012,0.0,0.0,100.0,180.0,0
41.85,8.38,22.7,240.5,0.0,0.04,0.28,41.93,10.53,4.993,7.4544,52.96,49.36,0.024,21.46,1004.2,6.0,1,-0.5,-0.866,0.0,-1.0,0.424,0.863,1.6344,7.76,16.8,1
14.43,72.91,12.44,214.7,3.82,2.23,158.29,11.91,76.41,0.198,0.4451,12.8,15.31,0.248,10.71,1016.2,2.77,1,0.5,-0.866,0.0,-1.0,0.392,0.12,0.0091,82.07,102.0,0
10.72,75.94,10.76,261.8,1.18,2.49,72.83,10.23,77.87,0.141,0.31,11.11,11.6,0.408,7.85,1014.7,2.62,0,-0.866,0.5,-0.5,-0.866,0.196,0.25,0.0068,103.23,103.7,0
32.38,14.0,7.81,138.7,0.0,0.0,0.0,34.34,14.0,2.313,4.177,35.5,32.38,0.0,10.06,1015.3,10.13,1,0.5,0.866,0.2588,-0.9659,0.026,0.0,0.0,100.0,180.0,0
44.92,11.46,7.68,67.5,0.0,0.0,0.0,46.24,11.46,3.918,8.4485,47.68,44.92,0.0,22.98,1015.2,6.33,0,0.5,-0.866,0.866,0.5,0.034,0.0,0.0,100.0,180.0,0
30.78,35.14,19.52,73.8,0.31,0.07,0.04,32.07,38.51,0.876,2.8782,34.23,33.62,0.103,18.67,1010.8,3.45,0,-1.0,-0.0,0.5,-0.866,0.229,0.183,0.0358,34.94,47.8,0
31.1,45.67,15.43,142.9,0.6,0.48,2.29,32.86,45.6,0.681,2.4554,32.38,34.16,0.133,18.36,1012.0,5.74,1,0.0,-1.0,-0.9659,-0.2588,0.469,0.312,0.0975,31.37,24.3,0
40.6,18.39,30.59,48.7,0.0,0.07,0.08,42.81,18.62,2.207,6.2129,52.08,50.41,0.076,17.43,1003.0,7.89,1,-0.866,-0.5,-0.866,-0.5,0.597,0.892,1.1138,8.88,15.9,1
40.47,12.42,43.66,154.8,0.0,0.13,0.91,42.06,16.51,3.259,6.6214,53.28,49.42,0.072,12.97,999.9,10.46,1,-0.866,-0.5,-0.866,-0.5,0.556,0.407,0.6823,6.63,6.2,1
31.76,49.4,15.01,307.0,0.05,0.36,3.64,33.22,47.7,0.643,2.3732,34.69,35.53,0.152,21.28,1016.2,4.81,1,-1.0,-0.0,0.7071,-0.7071,0.335,0.166,0.035,25.47,36.7,1
42.77,23.77,30.18,105.7,0.0,0.05,0.01,43.29,26.75,1.799,6.5055,56.7,48.4,0.011,16.63,1000.3,7.29,1,-0.866,-0.5,-0.9659,-0.2588,0.495,0.626,0.5356,1.98,14.5,1
8.42,94.18,8.37,78.6,1.92,6.66,22.17,8.3,94.09,0.089,0.0643,6.76,9.06,0.214,6.49,1022.0,0.94,0,0.5,-0.866,-0.7071,0.7071,0.453,0.265,0.0106,101.88,173.1,0
9.13,57.11,4.22,277.3,0.05,10.91,2.4,8.14,66.36,0.16,0.4967,10.34,9.74,0.241,6.32,1015.4,1.88,0,-0.5,0.866,-0.2588,-0.9659,0.485,0.293,0.0224,92.06,109.3,0
29.9,46.77,16.17,212.9,0.23,0.77,10.32,31.57,45.75,0.639,2.2457,31.22,32.07,0.153,12.65,1009.7,5.96,0,-0.866,-0.5,0.7071,-0.7071,0.263,0.476,0.0785,31.71,68.1,0
40.18,9.51,24.71,106.8,0.0,0.04,0.2,41.02,14.33,4.226,6.7398,47.09,44.92,0.053,12.11,996.7,7.89,1,-0.5,-0.866,-0.9659,-0.2588,0.551,0.777,1.6375,5.77,1.5,1
21.72,73.09,5.88,7.2,2.4,9.36,8.57,21.49,78.11,0.297,0.6995,22.43,20.89,0.201,17.82,1023.0,0.17,0,0.5,-0.866,0.9659,0.2588,0.424,0.149,0.0185,145.28,90.2,0
43.42,9.88,42.92,252.9,0.0,0.14,0.22,46.36,14.07,4.396,7.9594,53.12,48.05,0.015,18.45,1005.4,8.19,1,-0.5,-0.866,-0.5,-0.866,0.553,0.567,1.2512,3.47,7.8,1
16.66,92.36,5.89,351.1,0.56,3.56,2.19,14.03,101.7,0.18,0.1448,15.57,16.07,0.332,15.53,1019.2,1.05,0,0.866,-0.5,0.5,0.866,0.564,0.0,0.0,56.64,172.4,0
34.87,15.83,38.11,278.9,0.0,0.09,0.36,35.42,18.23,2.202,4.6989,45.32,44.14,0.077,13.7,997.8,6.64,1,-0.5,-0.866,0.0,-1.0,0.625,0.709,0.9183,8.01,16.1,1
46.38,89.08,11.98,125.4,0.0,0.0,0.0,47.15,89.08,0.521,1.1232,54.49,46.38,0.0,19.87,1014.7,13.16,1,0.0,-1.0,1.0,0.0,0.02,0.0,0.0,100.0,180.0,0
42.54,12.04,4.12,48.0,0.0,0.0,0.0,45.24,12.04,3.534,7.4183,52.43,42.54,0.01,25.01,1008.4,14.97,1,1.0,0.0,-0.866,-0.5,0.03,0.0,0.0,100.0,180.0,0
41.06,19.19,22.79,130.3,0.0,0.07,0.13,42.26,19.39,2.139,6.3044,48.64,44.11,0.045,18.87,1006.1,6.2,1,-0.5,-0.866,-0.5,-0.866,0.55,0.498,0.5568,4.87,13.9,1
43.7,20.54,34.17,92.4,0.0,0.07,0.02,46.23,21.43,2.128,7.1213,55.97,50.53,0.065,16.94,1005.0,9.15,1,-0.5,-0.866,-0.5,-0.866,0.792,0.352,0.5655,1.13,2.9,1
28.17,31.97,17.52,38.6,0.77,2.86,1.97,29.75,31.01,0.881,2.5968,29.64,30.9,0.143,12.66,1013.9,5.05,0,-1.0,-0.0,-0.2588,-0.9659,0.39,0.146,0.0488,26.12,45.2,0
35.74,19.53,38.08,28.9,0.0,0.04,0.03,36.03,19.7,1.831,4.714,41.66,38.88,0.078,8.0,1006.0,7.08,1,-0.866,-0.5,-0.5,-0.866,0.537,0.453,0.4235,1.49,9.1,1
43.98,11.03,35.18,188.4,0.0,0.15,0.16,45.41,12.15,3.988,8.0877,50.9,49.27,0.048,22.77,997.0,6.25,1,-0.866,-0.5,-0.866,-0.5,0.607,0.507,1.1246,4.09,4.5,1
32.54,35.4,20.16,268.6,0.02,0.2,0.15,33.56,37.54,0.919,3.1661,34.08,35.79,0.098,17.5,1013.7,3.93,1,0.0,-1.0,-0.5,-0.866,0.219,0.233,0.0457,13.66,59.2,0
19.82,93.15,6.33,48.3,2.35,0.03,32.97,17.88,93.52,0.213,0.1584,18.63,18.07,0.237,16.61,1015.3,1.48,0,0.866,0.5,0.2588,0.9659,0.236,0.048,0.0024,125.67,177.2,0
30.86,47.27,15.02,189.9,0.36,0.65,2.25,30.68,50.88,0.653,2.3503,33.95,34.46,0.115,14.18,1009.8,5.54,1,-0.866,-0.5,0.0,-1.0,0.264,0.18,0.0304,31.98,29.8,0
11.11,51.24,9.29,143.9,1.05,1.59,3.25,8.42,54.79,0.217,0.6446,11.2,10.59,0.182,9.98,1015.6,0.7,0,-0.5,0.866,-0.5,-0.866,0.4,0.246,0.0209,54.25,124.8,0
28.44,81.34,26.82,182.2,0.0,0.0,0.0,29.4,81.34,0.35,0.7235,33.31,28.44,0.0,5.58,1012.5,6.23,0,-0.0,1.0,-0.9659,0.2588,0.023,0.0,0.0,100.0,180.0,0
33.21,37.87,11.44,51.0,0.92,0.23,2.28,32.46,36.62,0.877,3.1613,35.12,34.82,0.148,22.13,1012.4,5.94,1,-0.5,-0.866,0.0,-1.0,0.338,0.245,0.0706,27.2,43.7,0
21.94,92.34,13.29,277.2,0.86,8.22,39.33,21.37,101.48,0.238,0.2016,23.22,20.4,0.396,16.6,1021.8,0.1,1,0.866,0.5,-0.5,0.866,0.167,0.013,0.0005,67.67,133.0,0
44.51,25.84,28.15,112.8,0.0,0.0,0.0,44.67,25.84,1.723,6.9301,48.51,44.51,0.01,12.53,1015.5,8.77,0,0.866,0.5,-0.2588,0.9659,0.024,0.0,0.0,100.0,180.0,0
22.05,92.09,3.05,8.4,0.96,2.59,13.34,20.1,93.87,0.239,0.2097,22.6,23.25,0.229,17.22,1022.6,0.73,0,0.5,0.866,-0.7071,0.7071,0.577,0.074,0.0101,128.0,109.5,0
42.58,20.17,39.24,86.0,0.0,0.05,0.37,43.08,22.26,2.111,6.7468,53.72,49.64,0.028,20.65,1005.0,9.66,1,-0.866,-0.5,-0.9659,-0.2588,0.385,0.352,0.2726,5.08,18.6,1
33.43,33.67,12.32,83.7,0.53,0.85,7.83,33.47,35.49,0.993,3.4169,34.59,33.74,0.129,22.77,1013.1,4.26,1,-0.5,-0.866,-1.0,-0.0,0.483,0.35,0.163,16.25,35.1,0
32.59,24.55,9.11,22.7,0.0,0.0,0.0,33.83,24.55,1.327,3.7089,43.05,32.59,0.01,-1.3,1014.5,8.31,1,0.0,-1.0,0.866,0.5,0.004,0.0,0.0,100.0,180.0,0
37.53,6.25,8.59,20.0,0.0,0.0,0.0,38.66,6.25,6.009,6.0531,51.69,37.53,0.0,20.85,1017.2,2.48,1,-0.866,0.5,-0.9659,-0.2588,0.02,0.0,0.0,100.0,180.0,0
35.76,48.73,4.34,69.6,0.0,0.0,0.0,37.49,48.73,0.734,3.0067,43.2,35.76,0.0,17.69,1011.2,1.98,1,-1.0,-0.0,0.0,1.0,0.024,0.0,0.0,100.0,180.0,0
43.03,17.38,20.87,235.5,0.0,0.0,0.05,45.93,20.14,2.475,7.1492,50.88,50.77,0.029,20.11,1004.1,8.45,1,-0.5,-0.866,0.0,-1.0,0.629,0.677,0.9967,1.03,0.3,1
20.77,49.32,11.19,0.0,0.29,0.96,1.47,21.38,57.41,0.421,1.2429,18.86,18.81,0.407,19.62,1016.4,1.69,1,0.866,0.5,-0.5,-0.866,0.487,0.065,0.0132,69.22,81.7,0
13.81,91.81,13.93,124.3,5.15,4.74,2.38,12.76,100.0,0.15,0.1294,13.29,13.77,0.356,12.6,1022.7,1.77,0,0.866,-0.5,0.9659,0.2588,0.232,0.034,0.0012,128.42,88.8,0
33.35,47.44,11.9,203.6,0.04,0.83,0.51,32.43,54.12,0.703,2.6956,34.49,34.33,0.107,16.37,1012.8,4.55,1,-0.5,-0.866,-1.0,-0.0,0.325,0.27,0.0605,17.97,36.2,0
30.02,34.53,18.81,205.7,1.67,1.09,3.08,29.83,40.37,0.869,2.7811,33.77,30.78,0.137,18.45,1010.8,4.77,1,-0.866,-0.5,0.2588,-0.9659,0.447,0.375,0.1415,13.93,57.5,1
33.69,24.05,20.26,4.5,0.0,0.04,0.36,35.71,28.78,1.401,3.9707,42.69,37.91,0.041,7.65,1002.7,8.1,1,-0.5,-0.866,-0.866,-0.5,0.651,0.741,0.6491,1.88,14.8,1
43.76,8.78,16.25,320.4,0.0,0.01,0.13,45.62,10.27,4.986,8.1994,55.94,47.27,0.062,15.63,1005.9,10.73,1,-0.866,-0.5,-0.866,-0.5,0.783,0.303,1.0606,9.33,12.2,1
25.09,75.34,20.63,175.8,0.0,0.0,0.0,25.53,75.34,0.333,0.7853,25.24,25.09,0.0,-9.05,1019.0,9.78,1,-0.866,-0.5,-0.5,-0.866,0.028,0.0,0.0,100.0,180.0,0
34.75,56.36,12.96,178.4,0.0,0.0,0.0,35.26,56.36,0.616,2.4193,41.06,34.75,0.0,3.74,1012.8,1.92,1,0.866,-0.5,1.0,0.0,0.037,0.0,0.0,100.0,180.0,0
30.12,34.6,16.84,338.0,0.21,1.33,3.26,30.83,35.62,0.871,2.7938,32.59,32.09,0.094,12.49,1016.2,5.7,1,-1.0,-0.0,0.5,-0.866,0.349,0.386,0.114,12.35,29.2,1
18.6,50.24,3.8,323.7,0.65,7.39,18.78,19.0,59.55,0.37,1.0663,18.08,19.11,0.404,11.75,1023.6,2.31,0,-0.0,1.0,0.2588,-0.9659,0.4,0.008,0.0012,138.12,130.7,0
10.48,56.64,8.54,288.9,1.15,2.69,4.56,7.61,56.68,0.185,0.5497,12.05,11.93,0.249,7.88,1021.4,0.39,0,0.5,0.866,-0.9659,-0.2588,0.291,0.289,0.0153,83.27,119.0,0
37.72,13.9,43.55,353.3,0.0,0.12,0.09,39.16,14.38,2.714,5.6172,43.25,43.11,0.079,15.58,999.6,7.37,1,-0.5,-0.866,-0.866,-0.5,0.697,0.429,0.7575,8.34,3.0,1
18.82,93.8,12.09,335.3,0.75,0.65,1.84,17.41,92.64,0.201,0.1346,20.45,18.16,0.248,15.81,1018.5,0.69,1,0.5,-0.866,0.9659,0.2588,0.463,0.281,0.0258,57.52,163.4,0
30.08,47.75,15.37,239.4,0.02,0.96,0.53,31.17,51.49,0.63,2.2269,33.08,33.82,0.116,18.63,1013.0,3.35,1,-0.5,-0.866,-0.7071,-0.7071,0.343,0.329,0.0696,11.22,45.3,0
49.45,61.34,20.25,219.7,0.0,0.0,0.0,51.81,61.34,0.806,4.6403,55.92,49.45,0.01,22.69,1014.1,12.07,1,-0.866,0.5,-0.2588,0.9659,0.006,0.0,0.0,100.0,180.0,0
15.9,80.33,10.0,190.5,6.37,2.75,4.98,16.15,88.84,0.198,0.3552,17.38,14.27,0.268,10.21,1015.2,2.67,0,0.5,0.866,-0.866,0.5,0.311,0.09,0.0055,54.25,146.4,0
34.69,12.18,26.77,15.5,0.0,0.05,0.0,37.21,15.42,2.848,4.8539,43.25,43.14,0.044,11.37,997.9,7.16,1,-0.866,-0.5,-0.5,-0.866,0.374,0.369,0.3634,0.97,6.3,1
44.26,88.7,10.14,308.2,0.0,0.0,0.0,44.95,88.7,0.499,1.0426,46.94,44.26,0.01,32.36,1011.2,13.26,0,0.5,-0.866,-0.9659,-0.2588,0.016,0.0,0.0,100.0,180.0,0
38.47,18.51,27.59,231.8,0.0,0.03,0.01,39.22,21.43,2.078,5.5379,48.92,44.59,0.016,10.29,1008.4,8.71,1,-0.5,-0.866,-0.5,-0.866,0.747,0.704,1.0369,7.91,21.5,1
9.83,51.12,5.64,87.0,0.57,2.88,17.62,7.83,55.13,0.192,0.5936,10.05,7.98,0.44,7.23,1015.0,1.75,0,0.866,-0.5,1.0,0.0,0.165,0.232,0.0072,99.27,96.6,0
36.42,11.95,37.28,283.9,0.0,0.01,0.06,36.44,14.89,3.048,5.3522,49.36,43.8,0.065,11.65,1002.7,8.29,1,-0.866,-0.5,-0.2588,-0.9659,0.845,0.518,1.2317,6.02,6.3,1
43.2,22.47,28.49,164.2,0.0,0.15,0.06,45.38,25.03,1.922,6.7667,51.54,50.99,0.057,14.53,1008.7,11.65,1,-0.5,-0.866,-0.866,-0.5,0.616,0.905,1.0264,7.26,20.7,1
33.84,31.36,17.36,252.4,1.94,0.48,11.9,33.73,38.98,1.079,3.6191,38.0,35.2,0.156,22.29,1008.5,4.18,1,-0.866,-0.5,0.5,-0.866,0.374,0.395,0.1544,32.55,23.4,0
11.52,55.21,14.36,295.4,1.47,7.51,3.65,11.28,60.44,0.209,0.6088,12.35,10.14,0.269,4.69,1013.3,0.42,0,0.5,0.866,0.2588,0.9659,0.396,0.026,0.0021,111.82,138.0,0
36.9,17.46,30.53,166.2,0.0,0.4,0.23,38.6,20.44,2.113,5.1512,50.74,46.81,0.042,16.74,1002.6,10.94,1,-0.866,-0.5,-0.2588,-0.9659,0.603,0.388,0.4678,6.45,22.3,1
7.68,77.2,1.48,222.2,1.28,3.06,39.47,7.94,83.91,0.099,0.2393,8.47,6.41,0.3,5.94,1017.4,0.11,1,0.866,-0.5,-0.2588,-0.9659,0.141,0.164,0.0023,77.09,103.0,0
27.24,82.84,9.54,334.7,0.0,0.0,0.0,27.56,82.84,0.329,0.6204,34.87,27.24,0.0,1.16,1005.9,8.35,0,0.866,0.5,-0.5,-0.866,0.006,0.0,0.0,100.0,180.0,0
27.52,60.16,16.16,106.3,0.0,0.0,0.0,30.29,60.16,0.457,1.4644,30.9,27.52,0.01,2.02,1006.0,2.65,0,-0.5,-0.866,-0.866,0.5,0.027,0.0,0.0,100.0,180.0,0
9.92,80.39,6.58,114.3,6.2,18.98,9.25,10.35,87.65,0.123,0.2396,10.61,10.63,0.401,8.52,1023.4,2.29,0,0.866,0.5,-0.2588,-0.9659,0.242,0.115,0.0034,118.75,126.5,0
8.69,65.52,6.56,208.9,3.7,1.08,32.54,7.25,66.54,0.133,0.3877,8.34,6.86,0.36,4.92,1019.1,1.96,1,0.866,-0.5,-0.9659,0.2588,0.526,0.157,0.0108,77.08,100.1,0
40.01,24.06,18.98,50.4,0.0,0.01,0.18,40.67,27.94,1.663,5.6043,49.62,46.37,0.024,13.53,996.4,9.53,1,-0.5,-0.866,-0.2588,-0.9659,0.378,0.734,0.4422,0.68,6.7,1
26.68,66.8,20.83,210.7,0.0,0.0,0.0,26.95,66.8,0.399,1.1617,38.24,26.68,0.01,-2.05,1017.1,6.98,0,-0.5,-0.866,-0.9659,-0.2588,0.011,0.0,0.0,100.0,180.0,0
36.09,35.61,17.81,263.9,0.0,0.0,0.0,37.2,35.61,1.013,3.8433,48.57,36.09,0.01,9.83,1009.4,13.78,1,0.0,-1.0,0.866,-0.5,0.025,0.0,0.0,100.0,180.0,0
50.51,10.29,24.06,161.1,0.0,0.0,0.0,53.34,10.29,4.909,11.3516,64.72,50.51,0.0,36.83,1008.6,6.19,1,-1.0,-0.0,0.0,1.0,0.014,0.0,0.0,100.0,180.0,0
20.91,86.76,14.53,176.6,4.57,4.16,61.01,20.8,94.35,0.241,0.3275,19.91,19.75,0.251,14.78,1020.5,0.55,0,0.866,-0.5,0.2588,0.9659,0.504,0.266,0.0319,67.76,164.3,0
25.23,59.85,18.81,223.2,0.0,0.0,0.0,26.99,59.85,0.422,1.2894,31.89,25.23,0.01,11.88,1017.6,4.16,1,-0.0,1.0,0.9659,0.2588,0.039,0.0,0.0,100.0,180.0,0
38.5,12.17,38.42,126.9,0.0,0.1,0.24,38.58,16.57,3.163,5.9771,46.76,48.08,0.027,8.96,996.7,8.52,1,-0.5,-0.866,-0.866,-0.5,0.673,0.64,1.2586,4.65,10.9,1
33.48,38.74,19.37,264.2,0.3,0.48,5.47,34.87,40.54,0.864,3.166,34.58,36.91,0.106,15.75,1014.2,3.95,1,-0.5,-0.866,-0.9659,0.2588,0.351,0.203,0.0601,12.02,46.2,0
17.81,53.82,5.65,221.4,2.01,2.28,21.17,17.18,52.62,0.331,0.942,19.58,16.49,0.309,14.41,1019.4,1.66,1,-0.5,0.866,-0.866,-0.5,0.363,0.217,0.0256,79.39,177.9,0
33.5,47.78,15.54,236.5,1.14,0.41,1.02,35.39,50.08,0.701,2.7003,37.38,33.91,0.118,19.07,1009.6,3.61,0,0.0,-1.0,-0.5,-0.866,0.346,0.146,0.0347,32.6,42.7,0
32.51,35.93,18.36,337.8,0.62,1.94,3.29,31.54,34.68,0.905,3.1351,36.26,35.54,0.154,22.42,1016.4,5.17,1,-0.866,-0.5,-0.7071,-0.7071,0.204,0.383,0.0689,20.98,64.6,1
37.02,21.28,28.14,31.1,0.0,0.0,0.0,38.86,21.28,1.74,4.9454,40.99,37.02,0.01,23.42,1018.2,6.03,1,0.866,-0.5,-0.866,0.5,0.008,0.0,0.0,100.0,180.0,0
10.61,46.41,3.08,104.6,2.02,5.46,15.56,8.12,51.07,0.229,0.6854,11.3,9.07,0.212,4.61,1014.4,1.31,0,0.5,0.866,1.0,0.0,0.14,0.012,0.0004,92.16,124.5,0
38.65,71.3,5.93,296.3,0.0,0.0,0.0,41.5,71.3,0.542,1.9695,48.35,38.65,0.01,6.78,1011.5,3.58,0,-0.866,-0.5,-0.7071,-0.7071,0.03,0.0,0.0,100.0,180.0,0
5.68,79.6,2.54,186.1,1.03,2.1,12.49,2.76,87.46,0.071,0.1867,6.68,7.24,0.351,0.13,1021.0,0.68,1,-0.5,0.866,0.866,-0.5,0.363,0.108,0.0028,59.6,146.0,0
29.83,46.19,12.48,338.6,0.72,0.21,2.48,31.66,46.57,0.646,2.2613,32.11,33.71,0.097,19.12,1009.5,3.81,1,0.0,-1.0,-0.9659,0.2588,0.433,0.162,0.0443,28.57,25.8,1
44.3,12.91,39.68,169.7,0.0,0.01,0.56,44.33,14.06,3.432,8.0485,50.78,53.42,0.042,21.32,1002.5,8.26,1,-0.5,-0.866,-0.9659,-0.2588,0.389,0.676,0.8373,5.89,6.1,1
37.22,56.5,3.73,67.7,0.0,0.0,0.0,37.7,56.5,0.659,2.7623,39.84,37.22,0.0,26.87,1015.0,9.82,1,0.866,-0.5,0.2588,-0.9659,0.028,0.0,0.0,100.0,180.0,0
17.15,61.22,2.63,269.9,1.25,6.52,16.92,17.45,68.7,0.28,0.7585,16.28,18.53,0.39,13.43,1018.5,2.66,1,-0.0,1.0,-0.7071,0.7071,0.399,0.272,0.03,73.89,110.0,0
33.89,14.76,44.6,183.0,0.0,0.16,0.02,35.03,16.45,2.295,4.5057,45.85,41.74,0.048,11.36,996.4,8.32,1,-0.866,-0.5,-0.7071,-0.7071,0.585,0.796,1.0008,5.22,1.8,1
39.17,20.71,23.23,348.7,0.0,0.31,0.21,41.78,23.91,1.892,5.5946,45.85,43.86,0.019,12.24,996.7,8.02,1,-0.5,-0.866,-0.866,-0.5,0.617,0.576,0.6417,7.53,6.1,1
38.27,18.41,25.83,71.0,0.0,0.0,0.0,38.44,18.41,2.078,5.4838,43.75,38.27,0.0,12.51,1006.3,7.14,1,-0.866,-0.5,0.866,0.5,0.018,0.0,0.0,100.0,180.0,0
38.62,17.36,16.87,343.8,0.0,0.23,0.03,40.65,17.37,2.224,5.6617,49.41,46.65,0.08,13.8,997.1,10.95,1,-0.5,-0.866,-0.866,-0.5,0.752,0.311,0.4916,7.83,22.5,1
33.02,45.25,15.5,276.9,0.01,0.42,13.42,34.27,45.45,0.73,2.7566,37.54,36.44,0.122,21.8,1010.2,4.51,0,-1.0,-0.0,-1.0,-0.0,0.424,0.269,0.0816,30.28,52.5,0
44.06,10.17,27.91,90.8,0.0,0.01,0.69,44.68,13.46,4.333,8.2013,50.98,48.58,0.045,19.88,1003.3,8.53,1,-0.5,-0.866,-0.2588,-0.9659,0.416,0.474,0.7773,8.18,18.0,1
33.05,48.47,19.95,336.3,0.05,5.18,3.13,33.91,51.53,0.682,2.5997,37.56,35.17,0.172,15.43,1016.4,5.11,1,-0.866,-0.5,0.5,-0.866,0.2,0.148,0.0197,18.68,48.0,0
39.49,11.08,15.77,56.9,0.0,0.01,0.16,42.23,12.53,3.562,6.3809,50.2,46.44,0.044,19.11,996.9,8.33,1,-0.5,-0.866,-0.9659,-0.2588,0.671,0.571,1.2513,4.27,1.4,1
28.47,33.52,10.94,325.0,0.04,1.65,2.42,28.96,39.88,0.849,2.5819,30.68,30.89,0.179,12.8,1017.5,3.91,1,-1.0,-0.0,0.0,-1.0,0.332,0.474,0.1299,27.76,25.2,0
51.7,82.86,4.22,77.4,0.0,0.0,0.0,54.61,82.86,0.624,2.2993,59.49,51.7,0.0,31.92,1010.5,11.88,1,-0.5,-0.866,-0.2588,0.9659,0.01,0.0,0.0,100.0,180.0,0
31.28,46.09,21.41,331.6,0.17,1.55,1.14,32.53,51.74,0.679,2.4608,34.07,35.09,0.175,16.15,1009.3,3.31,1,-0.866,-0.5,-0.9659,0.2588,0.212,0.497,0.0701,25.82,58.0,0
43.39,14.19,28.38,66.7,0.0,0.02,0.0,44.25,16.9,3.058,7.5669,57.95,49.5,0.015,18.03,1001.1,11.13,1,-0.866,-0.5,-0.9659,-0.2588,0.549,0.386,0.6055,8.1,24.3,1
17.97,63.2,9.27,349.4,0.51,4.42,10.48,18.08,70.85,0.284,0.7581,18.11,16.61,0.192,12.35,1014.7,1.88,1,0.866,0.5,0.9659,-0.2588,0.132,0.223,0.0083,71.31,81.4,0
28.81,37.99,14.51,337.7,0.04,0.1,0.09,29.14,41.81,0.758,2.4565,30.44,31.9,0.149,17.96,1014.1,3.19,1,-0.5,-0.866,-0.9659,0.2588,0.25,0.329,0.0609,21.55,48.4,1
31.53,43.45,12.47,51.0,0.37,4.19,0.62,31.02,45.85,0.726,2.6186,33.81,31.73,0.159,19.77,1011.0,5.34,1,-0.5,-0.866,-0.7071,-0.7071,0.394,0.443,0.1239,11.67,30.9,0
43.27,8.31,20.43,28.6,0.0,0.47,0.48,44.52,10.45,5.205,8.0315,54.3,50.67,0.022,20.09,1006.8,8.38,1,-0.5,-0.866,-0.2588,-0.9659,0.746,0.88,3.0523,4.23,14.9,1
39.24,19.54,15.98,71.1,0.0,0.02,0.09,40.53,20.15,2.008,5.6979,45.65,46.58,0.045,10.28,1007.9,8.96,1,-0.866,-0.5,-0.5,-0.866,0.404,0.301,0.2325,6.19,9.9,1
37.99,48.93,9.5,119.5,0.0,0.0,0.0,40.7,48.93,0.776,3.3814,49.95,37.99,0.01,7.99,1016.1,6.41,1,0.5,0.866,0.7071,-0.7071,0.034,0.0,0.0,100.0,180.0,0
37.92,13.48,36.42,344.9,0.0,0.19,0.26,40.14,15.86,2.813,5.7082,52.58,44.45,0.045,8.63,1007.5,6.78,1,-0.5,-0.866,0.0,-1.0,0.667,0.722,1.2611,5.59,22.4,1
40.51,18.16,33.99,298.2,0.0,0.1,0.06,41.21,22.15,2.231,6.2024,46.82,48.32,0.06,20.31,1005.6,7.51,1,-0.866,-0.5,-0.5,-0.866,0.573,0.696,0.8433,5.37,8.5,1
32.25,31.79,14.76,357.7,0.01,0.33,0.01,34.22,34.28,1.014,3.2883,35.23,35.07,0.156,15.6,1013.2,3.2,1,0.0,-1.0,0.0,-1.0,0.317,0.209,0.0651,14.87,24.5,0
40.75,17.87,21.06,81.1,0.0,0.3,0.19,43.55,22.83,2.28,6.3023,53.02,43.87,0.071,19.15,999.2,8.08,1,-0.5,-0.866,-0.7071,-0.7071,0.464,0.645,0.6462,4.95,18.5,1
35.69,23.65,16.71,50.1,0.0,0.14,0.24,37.53,26.86,1.509,4.4593,47.04,40.4,0.035,7.74,1007.4,7.33,1,-0.5,-0.866,-0.2588,-0.9659,0.772,0.721,0.8052,4.73,16.1,1
29.36,40.11,21.37,183.4,0.5,3.01,4.94,29.31,45.19,0.732,2.4492,34.32,31.59,0.126,19.02,1014.0,3.96,0,-0.5,-0.866,-1.0,-0.0,0.238,0.268,0.0457,21.33,60.3,0
5.68,80.66,2.14,186.5,3.04,1.63,2.9,6.08,84.51,0.07,0.1768,7.15,6.63,0.202,-0.04,1023.5,0.26,0,-0.5,0.866,-0.866,-0.5,0.301,0.036,0.0008,113.72,106.1,0
39.35,7.17,23.52,70.7,0.0,0.0,0.0,41.91,7.17,5.491,6.6119,48.28,39.35,0.01,7.4,1012.7,5.32,1,-0.866,-0.5,-1.0,-0.0,0.037,0.0,0.0,100.0,180.0,0
31.57,36.56,19.49,334.9,0.17,0.44,1.29,32.44,43.8,0.863,2.9433,32.72,33.9,0.17,19.86,1011.5,5.3,0,-0.866,-0.5,-0.2588,-0.9659,0.257,0.24,0.0518,22.54,29.2,0
28.69,33.04,11.03,98.3,0.26,2.2,13.11,29.47,40.49,0.868,2.6347,32.15,30.67,0.141,12.94,1017.9,3.99,0,-0.5,-0.866,-0.866,-0.5,0.314,0.446,0.1181,16.83,44.7,1
17.49,86.92,10.09,179.9,3.48,3.1,1.75,14.58,88.42,0.201,0.2614,16.0,18.57,0.359,15.58,1014.3,2.86,0,-0.0,1.0,0.7071,-0.7071,0.253,0.262,0.0132,104.46,139.2,0
21.71,45.48,14.08,67.8,0.34,0.2,30.61,18.74,43.75,0.477,1.4164,20.84,22.52,0.262,19.8,1018.6,1.26,0,0.866,0.5,0.866,0.5,0.285,0.252,0.0336,58.78,111.2,0
50.63,64.86,25.67,262.4,0.0,0.0,0.0,52.06,64.86,0.78,4.4707,54.68,50.63,0.0,38.2,1017.8,6.75,0,-1.0,-0.0,0.2588,-0.9659,0.037,0.0,0.0,100.0,180.0,0
40.39,8.19,29.51,295.8,0.0,0.15,0.25,40.44,12.25,4.933,6.9136,54.19,48.23,0.015,12.76,995.7,6.13,1,-0.5,-0.866,-0.7071,-0.7071,0.845,0.895,3.3238,7.44,10.0,1
43.11,21.76,18.03,111.4,0.0,0.02,0.02,45.81,23.86,1.981,6.7965,58.09,50.64,0.023,14.31,1006.2,8.65,1,-0.5,-0.866,-0.9659,-0.2588,0.809,0.526,0.8053,5.89,10.7,1
39.92,10.39,29.67,167.0,0.0,0.0,0.06,42.39,12.77,3.841,6.5816,50.57,44.23,0.049,14.81,997.9,7.47,1,-0.5,-0.866,-0.9659,-0.2588,0.652,0.578,1.3202,6.76,3.7,1
30.94,45.65,18.01,284.8,0.2,0.18,1.69,31.3,46.35,0.678,2.4335,34.42,34.26,0.169,19.93,1017.1,5.51,1,-0.866,-0.5,-0.5,-0.866,0.485,0.202,0.0649,12.4,53.2,0
24.42,68.99,5.08,22.1,0.62,0.01,15.09,22.6,77.15,0.354,0.9491,24.41,23.63,0.273,16.92,1018.0,1.46,1,-0.5,0.866,1.0,0.0,0.591,0.045,0.0093,75.13,157.5,0
51.59,25.03,28.76,9.7,0.0,0.0,0.0,51.82,25.03,2.061,10.0052,52.11,51.59,0.01,26.13,1018.7,5.87,1,0.866,-0.5,0.5,-0.866,0.026,0.0,0.0,100.0,180.0,0
16.8,63.68,5.74,179.2,0.34,0.87,16.88,15.36,73.3,0.264,0.6949,16.49,17.75,0.257,10.58,1022.7,0.23,0,0.866,0.5,0.9659,0.2588,0.101,0.191,0.005,145.3,156.6,0
39.67,11.74,27.78,247.2,0.0,0.08,0.07,41.57,16.39,3.378,6.394,47.7,49.58,0.011,18.04,1007.2,8.59,1,-0.5,-0.866,-0.9659,-0.2588,0.766,0.788,1.8789,6.93,10.4,1
47.27,27.99,18.22,105.2,0.0,0.0,0.0,47.54,27.99,1.689,7.7482,59.56,47.27,0.01,17.11,1019.1,14.69,1,0.5,0.866,0.7071,0.7071,0.028,0.0,0.0,100.0,180.0,0
32.82,45.06,10.68,45.4,0.2,0.25,5.99,33.78,43.47,0.728,2.7363,37.37,34.59,0.123,21.63,1016.3,4.52,1,0.0,-1.0,0.7071,-0.7071,0.24,0.106,0.0182,10.73,55.4,0
18.36,56.18,12.22,117.4,6.37,18.39,13.02,16.45,62.13,0.327,0.9253,20.22,19.71,0.239,13.14,1021.0,1.51,0,0.866,0.5,-0.9659,-0.2588,0.23,0.013,0.0009,56.14,139.4,0
51.76,37.22,24.94,118.4,0.0,0.0,0.0,52.03,37.22,1.391,8.4462,55.73,51.76,0.01,18.97,1015.2,12.34,1,-1.0,-0.0,1.0,0.0,0.005,0.0,0.0,100.0,180.0,0
22.42,94.64,11.28,310.9,0.7,5.05,11.05,23.16,103.29,0.237,0.1452,22.21,22.91,0.191,19.26,1013.3,1.05,1,0.866,0.5,0.866,0.5,0.588,0.229,0.0315,136.36,104.0,0
30.47,40.68,14.73,334.6,0.17,3.29,0.24,30.62,44.16,0.749,2.5859,32.23,31.75,0.122,14.97,1017.0,5.54,1,-1.0,-0.0,-0.2588,-0.9659,0.281,0.332,0.0682,18.25,26.3,0
41.15,22.35,29.02,134.4,0.0,0.0,0.0,43.35,22.35,1.842,6.0882,50.95,41.15,0.0,21.65,1006.0,10.88,1,1.0,0.0,0.0,-1.0,0.002,0.0,0.0,100.0,180.0,0
37.66,14.05,23.07,279.5,0.0,0.51,0.07,39.19,14.63,2.68,5.591,48.92,46.27,0.038,11.94,998.8,6.33,1,-0.5,-0.866,-0.7071,-0.7071,0.661,0.743,1.2284,1.75,23.1,1
18.62,60.45,4.61,280.0,4.18,9.7,0.83,18.87,58.71,0.308,0.8487,17.88,18.27,0.326,13.45,1012.0,1.67,0,0.866,0.5,0.7071,-0.7071,0.529,0.286,0.0459,127.35,112.4,0
42.13,16.63,32.03,288.0,0.0,0.14,0.1,44.46,19.46,2.533,6.8819,53.23,49.11,0.034,15.36,996.6,10.81,1,-0.866,-0.5,-0.866,-0.5,0.431,0.498,0.513,8.27,3.5,1
30.97,41.07,11.74,120.8,0.05,0.3,2.46,31.51,43.36,0.754,2.6432,35.42,33.25,0.162,14.39,1016.0,3.46,0,-1.0,-0.0,-1.0,-0.0,0.227,0.176,0.0295,11.67,41.5,0
23.68,45.13,6.55,144.3,1.1,0.36,5.45,24.04,54.4,0.525,1.6058,22.75,23.89,0.42,20.01,1022.5,1.57,0,1.0,0.0,0.0,1.0,0.353,0.021,0.0038,78.07,129.7,0
39.65,13.74,12.53,130.4,0.0,0.0,0.0,41.33,13.74,2.885,6.2448,49.73,39.65,0.01,8.0,1011.3,14.36,1,-0.5,-0.866,-0.9659,0.2588,0.04,0.0,0.0,100.0,180.0,0
43.68,11.93,39.54,9.8,0.0,0.03,0.12,45.19,12.74,3.662,7.8829,49.43,48.33,0.068,16.01,1000.1,7.88,1,-0.866,-0.5,-0.7071,-0.7071,0.667,0.889,2.003,5.21,15.6,1
20.04,46.16,5.53,332.6,2.08,1.87,3.6,20.2,52.37,0.434,1.2619,19.51,19.42,0.327,12.66,1018.2,2.86,0,-0.866,0.5,-1.0,-0.0,0.343,0.08,0.0117,113.75,97.8,0
39.91,20.55,42.0,269.6,0.0,0.01,0.22,40.02,25.53,1.942,5.8306,47.16,45.08,0.057,10.35,1007.2,10.7,1,-0.866,-0.5,-0.7071,-0.7071,0.434,0.356,0.2867,1.2,16.6,1
6.96,93.41,9.77,242.5,0.39,5.12,0.96,4.65,100.62,0.074,0.0658,7.3,5.48,0.262,3.43,1019.9,2.22,0,-0.5,0.866,0.0,-1.0,0.23,0.063,0.0011,89.52,80.2,0
5.45,56.22,3.06,117.4,2.72,12.98,4.55,3.9,56.29,0.097,0.394,5.33,3.74,0.208,1.99,1019.6,1.08,1,-0.0,1.0,-0.866,0.5,0.139,0.161,0.0021,94.57,112.6,0
15.35,79.46,10.74,106.4,6.52,8.36,26.41,16.21,82.36,0.193,0.3581,15.47,15.24,0.382,9.9,1017.0,2.68,0,0.5,0.866,-0.2588,0.9659,0.167,0.002,0.0001,146.96,143.6,0
29.72,74.68,8.44,213.2,0.0,0.0,0.0,30.01,74.68,0.398,1.0571,33.51,29.72,0.0,-1.35,1018.7,5.8,1,-0.5,0.866,-0.7071,0.7071,0.006,0.0,0.0,100.0,180.0,0
28.45,38.63,21.72,210.3,0.56,1.7,1.95,29.6,45.32,0.736,2.3805,31.15,31.41,0.15,11.6,1014.2,5.66,0,-0.866,-0.5,-0.5,-0.866,0.383,0.147,0.0404,31.95,56.1,1
11.98,68.2,3.06,12.3,0.23,12.73,4.05,11.64,66.86,0.176,0.4454,12.63,12.98,0.294,6.93,1023.5,0.3,1,0.866,0.5,0.2588,0.9659,0.412,0.038,0.0027,82.49,157.1,0
38.35,80.52,6.82,41.6,0.0,0.0,0.0,41.06,80.52,0.476,1.3154,42.53,38.35,0.0,14.82,1015.3,12.93,0,0.5,-0.866,0.2588,-0.9659,0.006,0.0,0.0,100.0,180.0,0
36.48,20.92,17.4,110.0,0.0,0.01,0.2,36.51,22.31,1.743,4.8221,50.32,40.41,0.078,15.49,1009.5,11.28,1,-0.866,-0.5,-0.9659,-0.2588,0.761,0.946,1.1989,2.45,17.7,1
33.41,11.59,38.13,158.2,0.0,0.14,0.02,34.82,15.38,2.882,4.5507,41.94,37.35,0.04,8.47,996.8,6.4,1,-0.866,-0.5,0.0,-1.0,0.678,0.461,0.829,6.41,23.1,1
38.13,22.31,25.11,33.5,0.0,0.03,0.19,40.91,27.06,1.709,5.1815,45.7,41.37,0.065,17.23,997.9,7.56,1,-0.866,-0.5,-0.2588,-0.9659,0.413,0.377,0.2547,1.87,1.7,1
40.28,15.21,34.91,97.9,0.0,0.0,0.23,41.06,20.16,2.648,6.3465,53.97,43.56,0.016,15.94,1000.5,9.41,1,-0.866,-0.5,-0.9659,-0.2588,0.824,0.539,1.1025,8.68,23.4,1
17.01,67.84,6.56,121.0,1.07,9.22,18.81,16.04,71.32,0.251,0.6237,15.21,17.31,0.21,9.68,1023.0,1.94,0,-0.0,1.0,0.5,-0.866,0.303,0.17,0.0127,112.14,130.9,0
44.27,17.98,18.52,310.1,0.0,0.08,0.06,46.76,19.67,2.463,7.5709,57.03,48.77,0.047,21.07,999.0,10.74,1,-0.5,-0.866,0.0,-1.0,0.488,0.833,0.9498,4.76,4.3,1
37.3,22.94,29.44,240.7,0.0,0.01,0.03,39.25,23.21,1.626,4.9144,47.67,42.69,0.016,10.1,1004.0,10.52,1,-0.5,-0.866,-0.5,-0.866,0.815,0.438,0.5571,5.79,14.0,1
33.89,11.17,33.0,47.4,0.0,0.06,0.06,33.97,15.24,3.034,4.6972,44.86,42.81,0.017,12.37,1002.3,8.15,1,-0.866,-0.5,0.0,-1.0,0.434,0.327,0.3947,6.75,14.0,1
10.66,65.43,10.29,317.7,1.38,0.91,14.32,10.87,68.97,0.163,0.4436,10.11,11.7,0.405,6.54,1022.9,0.46,0,-0.866,0.5,0.5,0.866,0.3,0.24,0.0115,63.47,116.4,0
22.08,86.23,3.48,160.3,0.43,11.4,7.0,22.52,85.2,0.256,0.3659,23.33,21.36,0.294,19.54,1018.5,1.16,1,-0.5,0.866,-1.0,-0.0,0.39,0.074,0.0073,125.9,114.4,0
39.73,86.74,9.21,349.7,0.0,0.0,0.0,40.63,86.74,0.458,0.964,42.95,39.73,0.0,6.29,1018.7,8.45,0,0.0,-1.0,0.866,0.5,0.025,0.0,0.0,100.0,180.0,0
27.85,29.97,27.98,181.9,0.0,0.0,0.0,28.47,29.97,0.929,2.6236,35.2,27.85,0.01,0.47,1006.5,12.44,0,1.0,0.0,0.866,-0.5,0.027,0.0,0.0,100.0,180.0,0
5.19,52.59,1.88,58.9,0.69,14.86,54.67,3.96,56.6,0.099,0.419,5.83,4.68,0.244,0.61,1016.4,0.05,0,-0.866,0.5,0.7071,-0.7071,0.216,0.225,0.0047,145.15,175.9,0
43.53,13.88,22.74,173.9,0.0,0.06,0.06,46.01,16.71,3.137,7.6478,56.92,51.44,0.078,20.37,1003.4,7.32,1,-0.5,-0.866,-0.866,-0.5,0.359,0.673,0.7064,7.6,14.7,1
41.44,21.88,35.41,297.0,0.0,0.02,0.27,43.69,26.39,1.894,6.2174,52.13,50.58,0.075,21.4,999.0,9.51,1,-0.5,-0.866,0.0,-1.0,0.551,0.888,0.8855,6.2,18.7,1
30.6,37.85,14.98,356.5,1.07,0.1,2.43,30.48,41.63,0.809,2.7299,31.67,34.5,0.162,15.45,1017.5,4.28,1,-0.5,-0.866,-0.2588,-0.9659,0.489,0.311,0.1198,26.4,52.5,0
29.18,30.34,13.91,71.5,0.18,5.09,1.23,31.05,33.87,0.962,2.8194,31.59,29.97,0.117,15.73,1009.2,5.96,1,-1.0,-0.0,0.7071,-0.7071,0.333,0.161,0.0499,32.53,23.8,0
34.44,19.31,21.85,201.8,0.0,0.03,0.54,35.78,21.51,1.784,4.3979,49.05,42.28,0.048,5.1,1009.1,9.58,1,-0.5,-0.866,-0.5,-0.866,0.574,0.83,0.8078,2.93,7.8,1
43.36,21.89,33.54,248.0,0.0,0.03,0.27,45.61,22.7,1.981,6.8749,50.4,52.04,0.041,16.8,1003.6,6.32,1,-0.866,-0.5,0.0,-1.0,0.59,0.617,0.6904,9.52,14.9,1
6.28,88.88,2.63,118.0,3.58,0.62,13.65,6.41,96.81,0.071,0.106,4.49,7.98,0.187,2.85,1014.2,1.72,1,-0.0,1.0,0.9659,-0.2588,0.306,0.124,0.0027,122.68,172.7,0
25.7,74.06,29.79,42.2,0.0,0.0,0.0,27.64,74.06,0.347,0.8564,32.61,25.7,0.0,-4.12,1015.6,6.23,0,0.866,-0.5,0.866,0.5,0.027,0.0,0.0,100.0,180.0,0
32.49,46.76,16.68,359.9,1.0,0.35,9.25,32.86,45.58,0.695,2.6024,33.67,35.73,0.136,20.97,1011.7,5.64,1,-0.866,-0.5,-1.0,-0.0,0.356,0.352,0.0852,13.31,21.9,1
40.27,13.91,37.01,25.6,0.0,0.09,0.33,40.68,14.47,2.895,6.4426,54.76,44.91,0.066,18.95,997.5,9.33,1,-0.866,-0.5,0.0,-1.0,0.811,0.733,1.6054,3.23,16.2,1
32.12,41.3,10.33,90.1,0.29,0.73,1.83,34.04,42.51,0.778,2.8092,35.99,34.23,0.126,18.82,1010.4,5.0,1,0.0,-1.0,-0.9659,-0.2588,0.441,0.34,0.1139,31.65,23.3,0
38.05,48.82,6.84,331.8,0.0,0.0,0.0,40.92,48.82,0.779,3.3987,43.84,38.05,0.0,17.79,1019.3,7.31,0,0.866,0.5,0.0,-1.0,0.005,0.0,0.0,100.0,180.0,0
30.88,42.53,12.57,291.3,0.38,0.76,1.09,30.75,41.11,0.726,2.5647,32.03,32.46,0.126,15.54,1008.4,4.31,1,-0.866,-0.5,-0.5,-0.866,0.301,0.421,0.0897,19.6,34.1,0
50.08,62.53,12.64,276.5,0.0,0.0,0.0,50.74,62.53,0.801,4.6419,52.58,50.08,0.01,32.16,1014.3,0.56,1,-0.866,0.5,-0.5,-0.866,0.019,0.0,0.0,100.0,180.0,0
43.02,17.69,18.95,211.6,0.0,0.03,0.14,43.92,21.02,2.432,7.1199,50.18,46.2,0.044,13.97,1000.6,6.19,1,-0.866,-0.5,-0.9659,-0.2588,0.848,0.777,1.5182,9.61,5.4,1
44.56,16.54,43.34,195.7,0.0,0.06,0.41,46.71,18.21,2.695,7.8197,52.91,51.94,0.06,18.57,1004.8,11.22,1,-0.866,-0.5,-0.5,-0.866,0.623,0.8,1.2679,2.31,22.6,1
14.76,80.75,11.09,8.1,0.67,11.79,35.07,12.67,85.61,0.183,0.3233,16.46,16.41,0.231,7.71,1022.1,2.43,0,0.5,0.866,-0.9659,0.2588,0.406,0.005,0.0004,60.53,98.7,0
44.83,11.96,18.83,22.9,0.0,0.15,0.33,45.82,15.35,3.748,8.3635,57.81,49.31,0.078,17.54,1002.7,7.3,1,-0.5,-0.866,-0.7071,-0.7071,0.791,0.596,1.6305,2.27,0.9,1
24.29,72.32,4.79,268.1,1.72,5.29,12.08,23.34,71.1,0.336,0.8404,25.93,23.22,0.285,18.29,1019.9,2.8,0,-0.0,1.0,-0.5,0.866,0.571,0.012,0.0022,74.5,125.5,0
33.79,49.03,20.42,220.4,1.25,4.33,4.69,33.95,56.56,0.689,2.6792,38.64,35.54,0.147,23.14,1015.2,4.29,1,0.0,-1.0,-1.0,-0.0,0.444,0.305,0.0915,10.36,44.9,1
23.74,54.84,12.84,150.4,0.45,3.37,6.11,22.56,61.46,0.433,1.3269,23.91,24.09,0.385,18.3,1024.3,0.42,1,-0.866,0.5,-0.2588,-0.9659,0.466,0.035,0.0069,144.05,165.7,0
18.33,66.27,4.4,131.0,1.37,5.64,0.49,18.46,75.52,0.277,0.7107,18.03,20.11,0.402,11.33,1014.9,1.39,0,0.5,-0.866,-0.866,-0.5,0.408,0.093,0.0104,54.35,112.6,0
38.13,17.88,18.14,67.7,0.0,0.2,0.02,40.13,18.64,2.132,5.4785,46.11,47.35,0.07,14.58,1002.3,8.94,1,-0.5,-0.866,-0.2588,-0.9659,0.627,0.73,0.9249,5.85,6.0,1
18.72,73.51,3.28,50.2,0.86,3.58,1.08,19.52,79.33,0.255,0.5721,19.56,19.81,0.266,13.86,1021.0,2.37,1,0.866,-0.5,0.9659,0.2588,0.506,0.244,0.031,57.65,143.7,0
32.61,48.14,21.3,350.6,0.1,2.36,1.57,33.47,50.6,0.677,2.5518,33.62,33.65,0.119,21.92,1017.4,5.85,1,0.0,-1.0,-0.866,-0.5,0.337,0.407,0.0909,17.41,23.0,0
30.29,43.01,19.63,1.3,0.15,4.51,1.19,30.77,44.85,0.704,2.4581,31.93,31.42,0.176,14.44,1016.1,5.22,1,-0.866,-0.5,-0.866,-0.5,0.332,0.488,0.1113,18.59,58.5,0
19.97,55.74,6.42,301.2,2.96,0.61,50.75,18.25,57.29,0.358,1.0331,21.31,18.26,0.23,18.06,1024.0,0.62,0,-0.866,0.5,-1.0,-0.0,0.457,0.277,0.0447,71.4,154.6,0
47.62,81.83,24.24,144.6,0.0,0.0,0.0,48.62,81.83,0.582,1.9899,57.32,47.62,0.0,15.52,1015.2,3.08,1,-0.866,0.5,-1.0,-0.0,0.03,0.0,0.0,100.0,180.0,0
36.77,13.72,16.56,274.0,0.0,0.09,0.49,37.72,17.5,2.68,5.3468,43.0,41.4,0.032,12.98,999.1,7.61,1,-0.866,-0.5,-0.866,-0.5,0.509,0.797,1.0136,5.76,13.0,1
34.01,9.31,42.82,240.4,0.0,0.05,0.25,34.48,9.99,3.654,4.8265,44.06,42.58,0.064,9.55,1005.0,6.58,1,-0.5,-0.866,-0.2588,-0.9659,0.575,0.856,1.6244,2.16,21.1,1
41.48,14.98,29.42,263.8,0.0,0.08,0.18,43.31,17.99,2.77,6.7834,49.48,44.55,0.031,20.17,1001.5,9.21,1,-0.866,-0.5,0.0,-1.0,0.505,0.321,0.4219,3.44,14.3,1
44.12,9.82,28.13,284.0,0.0,0.0,0.13,46.56,11.36,4.493,8.2574,52.54,48.17,0.029,16.41,1007.0,7.36,1,-0.5,-0.866,0.0,-1.0,0.405,0.727,1.2005,2.16,17.2,1
45.67,66.5,29.87,242.6,0.0,0.0,0.0,46.59,66.5,0.687,3.3228,49.25,45.67,0.01,21.56,1017.8,1.18,1,-0.0,1.0,-0.9659,-0.2588,0.037,0.0,0.0,100.0,180.0,0
15.63,94.04,10.45,24.9,3.82,6.17,25.87,15.53,99.88,0.166,0.1058,17.36,15.02,0.368,12.51,1015.6,1.51,0,0.5,-0.866,-0.7071,-0.7071,0.503,0.203,0.0168,111.79,176.2,0
16.67,67.25,8.78,156.0,0.32,6.23,7.77,14.53,73.62,0.248,0.6216,16.17,18.67,0.394,9.99,1017.9,1.82,1,0.5,-0.866,-0.7071,-0.7071,0.254,0.16,0.0099,100.32,103.0,0
30.77,31.26,15.71,7.9,0.45,1.66,6.37,29.97,32.87,0.984,3.048,35.19,32.6,0.105,17.17,1018.0,5.51,1,-0.866,-0.5,-0.2588,-0.9659,0.299,0.284,0.0808,19.83,30.7,0
8.33,64.19,10.89,295.6,0.05,1.6,1.77,7.4,66.72,0.13,0.393,9.91,8.5,0.251,5.51,1023.5,1.05,1,0.5,-0.866,0.9659,-0.2588,0.53,0.293,0.0199,128.32,140.9,0
41.75,44.71,2.04,125.1,0.0,0.0,0.0,43.26,44.71,0.934,4.4729,42.01,41.75,0.01,21.49,1015.5,9.77,1,-0.0,1.0,0.0,-1.0,0.007,0.0,0.0,100.0,180.0,0
29.69,32.07,12.75,236.4,0.0,0.0,0.0,30.35,32.07,0.926,2.8315,39.93,29.69,0.01,16.62,1005.7,8.38,0,-0.866,-0.5,0.0,1.0,0.017,0.0,0.0,100.0,180.0,0
43.0,54.25,18.28,226.8,0.0,0.0,0.0,43.95,54.25,0.793,3.9531,44.84,43.0,0.01,30.72,1018.8,10.02,0,-0.0,1.0,0.7071,0.7071,0.031,0.0,0.0,100.0,180.0,0
29.03,47.69,16.64,68.5,0.2,0.08,2.92,29.29,54.13,0.609,2.0992,31.44,31.39,0.139,17.74,1016.0,3.1,1,-0.866,-0.5,-0.2588,-0.9659,0.372,0.138,0.0306,14.75,29.2,0
28.58,43.35,19.19,154.9,0.28,0.32,2.67,29.29,46.49,0.659,2.214,32.48,32.1,0.157,11.17,1014.7,5.45,1,-0.5,-0.866,-0.9659,-0.2588,0.307,0.236,0.0468,16.56,41.4,0
42.01,12.19,27.85,283.8,0.0,0.3,0.01,43.02,15.55,3.446,7.2022,56.39,52.0,0.03,20.43,1002.8,9.12,1,-0.5,-0.866,-0.9659,-0.2588,0.825,0.618,1.6237,0.97,1.0,1
41.67,15.12,15.9,125.8,0.0,0.11,0.05,42.58,16.52,2.756,6.839,50.47,45.07,0.069,20.1,1008.5,6.59,1,-0.5,-0.866,-0.2588,-0.9659,0.548,0.606,0.8581,2.51,19.6,1
25.89,62.83,15.27,264.3,0.0,0.0,0.0,27.53,62.83,0.412,1.2413,34.75,25.89,0.01,-7.7,1017.6,10.62,0,0.5,0.866,0.7071,-0.7071,0.009,0.0,0.0,100.0,180.0,0
41.43,11.09,27.21,93.1,0.0,0.11,0.16,43.46,11.89,3.735,7.0737,49.79,50.27,0.017,19.63,1004.8,8.0,1,-0.5,-0.866,-0.9659,-0.2588,0.439,0.677,1.018,4.1,5.0,1
15.07,65.73,10.85,170.2,1.88,5.38,26.96,14.1,65.67,0.229,0.5869,15.89,14.34,0.316,8.46,1016.8,0.77,0,0.5,-0.866,1.0,0.0,0.136,0.225,0.0069,126.07,85.0,0
20.71,58.21,2.82,356.1,0.42,7.89,2.87,19.67,62.57,0.356,1.0206,21.84,19.52,0.295,17.69,1013.1,1.19,1,1.0,0.0,-0.2588,-0.9659,0.254,0.27,0.024,89.92,171.1,0
35.24,24.41,36.95,213.5,0.0,0.06,0.0,35.48,24.61,1.444,4.3067,43.96,43.61,0.079,10.86,1004.8,6.73,1,-0.866,-0.5,0.0,-1.0,0.399,0.462,0.2558,8.95,4.8,1
42.86,20.32,19.57,66.7,0.0,0.0,0.18,45.24,23.63,2.109,6.8344,54.48,48.74,0.018,18.38,1004.3,10.76,1,-0.866,-0.5,-0.7071,-0.7071,0.702,0.415,0.5861,7.37,4.6,1
30.01,42.78,18.34,315.6,0.92,0.83,0.51,31.38,43.24,0.701,2.4292,31.7,30.66,0.106,13.82,1015.0,5.84,0,-0.866,-0.5,0.5,-0.866,0.343,0.497,0.1167,33.22,47.5,1
43.24,18.12,35.5,29.4,0.0,0.06,0.2,43.44,21.78,2.386,7.1613,53.43,50.3,0.016,22.52,996.7,6.83,1,-0.866,-0.5,-0.866,-0.5,0.705,0.857,1.366,9.44,0.3,1
40.67,6.11,10.59,292.2,0.0,0.0,0.0,43.1,6.11,6.655,7.1755,48.35,40.67,0.01,16.03,1014.8,4.89,0,0.0,-1.0,0.0,-1.0,0.003,0.0,0.0,100.0,180.0,0
21.09,64.59,4.18,326.3,0.78,10.31,27.75,20.21,72.95,0.327,0.8856,20.06,21.24,0.294,13.56,1022.1,1.68,0,0.5,-0.866,0.5,0.866,0.499,0.092,0.0148,99.31,153.6,0
25.18,73.28,17.77,148.4,0.0,0.0,0.0,26.76,73.28,0.344,0.8554,32.71,25.18,0.01,9.35,1005.6,4.5,1,0.866,0.5,0.2588,0.9659,0.021,0.0,0.0,100.0,180.0,0
42.25,9.95,39.02,199.8,0.0,0.07,0.04,43.29,11.93,4.245,7.4809,51.12,48.57,0.024,16.63,997.4,8.94,1,-0.866,-0.5,-0.7071,-0.7071,0.813,0.686,2.1524,0.9,16.9,1
26.53,14.96,20.67,216.0,0.0,0.0,0.0,28.42,14.96,1.774,2.9498,41.11,26.53,0.01,2.08,1014.0,3.49,1,0.866,0.5,-1.0,-0.0,0.015,0.0,0.0,100.0,180.0,0
44.39,17.05,15.93,269.3,0.0,0.03,0.02,45.44,21.6,2.604,7.7015,50.94,47.84,0.026,19.14,1003.2,11.26,1,-0.866,-0.5,-0.866,-0.5,0.604,0.736,1.0931,2.66,8.8,1
36.31,80.0,2.11,110.1,0.0,0.0,0.0,37.88,80.0,0.454,1.2085,43.85,36.31,0.01,23.99,1010.6,5.53,1,-1.0,-0.0,-1.0,-0.0,0.036,0.0,0.0,100.0,180.0,0
31.11,15.88,2.68,214.3,0.0,0.0,0.0,33.2,15.88,1.958,3.8015,41.25,31.11,0.0,-1.42,1005.9,4.09,0,0.5,-0.866,-0.7071,0.7071,0.011,0.0,0.0,100.0,180.0,0
37.52,22.79,38.46,215.6,0.0,0.08,0.18,40.07,27.16,1.646,4.9821,47.08,42.76,0.014,15.46,999.8,11.48,1,-0.866,-0.5,-0.5,-0.866,0.641,0.838,0.8474,9.78,0.4,1
18.31,77.77,14.8,143.2,0.06,1.18,0.16,18.3,77.94,0.236,0.468,19.59,16.87,0.412,13.38,1016.3,2.13,0,0.5,0.866,0.7071,0.7071,0.219,0.175,0.0089,66.11,164.4,0
31.5,37.11,11.2,201.7,0.34,0.57,1.65,31.01,39.18,0.849,2.9071,34.69,32.18,0.11,17.35,1012.6,5.0,0,-0.5,-0.866,-1.0,-0.0,0.327,0.479,0.1292,33.06,48.8,0
18.32,58.99,5.98,307.0,0.19,1.32,10.26,19.27,63.55,0.311,0.8639,20.28,18.61,0.307,15.06,1014.0,2.2,1,0.5,-0.866,-0.7071,0.7071,0.26,0.039,0.0031,75.79,109.2,0
43.32,17.35,4.03,144.9,0.0,0.0,0.0,45.95,17.35,2.497,7.2617,57.67,43.32,0.01,25.31,1019.1,6.44,0,-0.5,-0.866,0.5,-0.866,0.013,0.0,0.0,100.0,180.0,0
37.49,10.87,37.75,344.3,0.0,0.04,0.22,37.92,15.12,3.449,5.7448,43.73,42.2,0.055,12.16,1000.5,6.23,1,-0.5,-0.866,-0.7071,-0.7071,0.371,0.395,0.4632,4.2,6.3,1
25.94,33.67,5.32,164.5,0.0,0.0,0.0,27.99,33.67,0.77,2.2218,39.77,25.94,0.0,5.14,1012.1,7.97,0,0.5,0.866,0.7071,-0.7071,0.021,0.0,0.0,100.0,180.0,0
29.58,49.73,15.84,112.3,0.03,0.05,11.81,28.7,54.2,0.595,2.0823,31.15,30.6,0.132,15.31,1014.8,5.37,1,-0.5,-0.866,0.2588,-0.9659,0.488,0.218,0.062,19.22,31.9,0
32.05,41.3,11.42,229.8,0.17,0.3,7.84,32.78,47.19,0.776,2.7994,33.32,33.04,0.094,19.14,1012.7,5.97,1,-0.5,-0.866,0.0,-1.0,0.293,0.191,0.0424,17.94,29.5,0
12.64,73.17,5.33,59.8,0.86,2.69,21.37,9.7,76.14,0.173,0.3926,13.62,12.67,0.246,8.8,1024.9,2.05,0,1.0,0.0,-0.5,0.866,0.252,0.055,0.0024,127.5,84.3,0
36.97,10.91,31.79,229.1,0.0,0.29,0.05,39.29,11.95,3.39,5.5815,49.98,43.1,0.036,8.33,997.1,9.3,1,-0.5,-0.866,-0.7071,-0.7071,0.764,0.865,2.0524,3.66,18.9,1
18.03,47.3,12.26,245.7,3.4,4.04,4.54,18.99,51.6,0.381,1.0897,18.37,18.01,0.399,15.82,1023.8,2.2,0,0.5,-0.866,0.9659,0.2588,0.575,0.279,0.0598,128.3,107.9,0
23.58,60.58,5.26,156.2,1.04,15.41,4.25,21.11,69.59,0.389,1.1471,23.41,23.23,0.337,18.44,1024.7,0.99,1,1.0,0.0,0.0,1.0,0.384,0.145,0.0213,127.75,121.3,0
31.17,48.12,16.25,264.1,0.43,2.82,0.14,32.81,52.02,0.648,2.3532,33.15,34.66,0.101,18.06,1016.6,5.05,0,-1.0,-0.0,-0.9659,0.2588,0.268,0.498,0.0847,28.15,58.3,0
32.14,29.63,26.03,1.6,0.0,0.0,0.0,33.2,29.63,1.085,3.3717,42.99,32.14,0.01,17.02,1006.9,8.21,0,-0.866,0.5,0.2588,0.9659,0.012,0.0,0.0,100.0,180.0,0
34.73,5.05,2.1,187.6,0.0,0.0,0.0,36.47,5.05,6.876,5.2583,40.91,34.73,0.01,2.53,1013.3,10.68,1,-0.0,1.0,-1.0,-0.0,0.027,0.0,0.0,100.0,180.0,0
28.27,45.12,18.44,294.9,0.02,0.42,0.68,28.93,47.9,0.627,2.1076,29.44,28.4,0.171,12.88,1012.3,3.57,1,0.0,-1.0,-0.5,-0.866,0.441,0.32,0.0864,20.81,34.0,0
13.76,87.94,5.24,63.3,2.04,1.11,0.14,11.79,87.65,0.156,0.1898,12.24,15.22,0.213,9.32,1012.2,1.39,0,-0.5,0.866,0.0,-1.0,0.412,0.263,0.0168,117.81,92.7,0
29.69,49.71,21.55,208.7,0.65,1.23,2.33,29.55,47.73,0.597,2.0963,33.62,33.23,0.109,18.01,1009.4,4.0,0,-1.0,-0.0,-0.9659,0.2588,0.343,0.171,0.0343,26.06,35.7,1
42.77,86.48,10.26,86.0,0.0,0.0,0.0,43.18,86.48,0.495,1.154,51.41,42.77,0.01,25.88,1008.0,5.99,1,-0.5,-0.866,0.0,-1.0,0.021,0.0,0.0,100.0,180.0,0
37.44,19.41,25.76,258.8,0.0,0.0,0.0,38.97,19.41,1.929,5.18,45.51,37.44,0.01,7.34,1014.6,7.7,1,-0.866,-0.5,0.9659,0.2588,0.026,0.0,0.0,100.0,180.0,0
42.73,22.92,35.85,142.0,0.0,0.19,0.1,43.95,27.9,1.864,6.5651,57.32,50.39,0.061,22.07,1008.8,10.48,1,-0.866,-0.5,-0.2588,-0.9659,0.772,0.549,0.7566,2.4,8.2,1
29.65,46.62,14.4,311.3,0.23,2.42,4.35,31.57,44.79,0.636,2.2195,33.44,31.68,0.117,12.45,1009.0,4.56,1,-1.0,-0.0,0.7071,-0.7071,0.231,0.442,0.0637,33.66,21.0,0
36.84,21.71,17.08,266.4,0.0,0.07,0.28,37.29,25.47,1.697,4.8698,51.61,42.49,0.014,13.33,999.8,9.98,1,-0.5,-0.866,-0.866,-0.5,0.488,0.895,0.7088,6.0,3.3,1
41.82,20.38,44.63,235.1,0.0,0.19,0.01,44.27,23.84,2.052,6.4667,54.34,44.94,0.042,13.4,1003.0,7.73,1,-0.866,-0.5,0.0,-1.0,0.387,0.497,0.3761,7.57,7.7,1
39.12,34.74,28.51,95.5,0.0,0.0,0.0,41.23,34.74,1.126,4.591,46.51,39.12,0.01,10.17,1013.9,9.45,0,1.0,0.0,-0.2588,0.9659,0.024,0.0,0.0,100.0,180.0,0
37.14,74.9,18.66,181.1,0.0,0.0,0.0,37.61,74.9,0.496,1.5872,42.06,37.14,0.01,5.81,1010.4,9.9,0,0.5,0.866,0.5,-0.866,0.015,0.0,0.0,100.0,180.0,0
43.89,9.08,36.27,268.5,0.0,0.02,0.06,46.73,13.22,4.835,8.2275,58.15,49.06,0.019,19.3,995.6,6.26,1,-0.5,-0.866,-0.866,-0.5,0.473,0.626,1.2912,1.99,22.3,1
12.88,66.65,13.59,53.6,2.11,17.75,11.9,11.56,73.23,0.193,0.4957,13.76,14.5,0.225,5.84,1012.1,0.11,0,-0.5,0.866,0.2588,0.9659,0.297,0.13,0.0073,60.6,154.9,0
50.38,23.95,12.82,245.6,0.0,0.0,0.0,53.21,23.95,2.104,9.5585,65.14,50.38,0.01,30.71,1008.8,5.77,0,0.0,-1.0,-0.9659,0.2588,0.037,0.0,0.0,100.0,180.0,0
29.91,33.51,15.68,219.5,0.16,2.95,0.05,31.37,31.61,0.892,2.8065,33.27,32.73,0.131,19.47,1014.5,5.51,1,0.0,-1.0,-0.5,-0.866,0.477,0.271,0.112,19.88,68.1,0
32.69,67.0,10.9,216.4,0.0,0.0,0.0,34.73,67.0,0.488,1.6316,42.0,32.69,0.01,22.38,1018.9,10.39,1,0.866,0.5,0.866,0.5,0.04,0.0,0.0,100.0,180.0,0
30.75,49.47,20.82,16.1,1.09,0.85,1.24,31.98,51.42,0.622,2.2384,35.07,33.27,0.158,13.45,1009.1,5.63,1,0.0,-1.0,0.5,-0.866,0.446,0.377,0.1023,24.67,35.4,0
5.4,53.18,9.61,70.8,0.78,2.82,22.44,5.67,52.45,0.101,0.4198,6.79,5.53,0.426,3.84,1017.5,1.25,0,0.866,0.5,-0.5,0.866,0.393,0.224,0.0088,101.07,179.9,0
42.94,18.3,24.31,63.9,0.0,0.1,0.18,43.1,20.37,2.347,7.0382,48.64,46.42,0.044,19.48,1005.0,6.06,1,-0.5,-0.866,-0.9659,-0.2588,0.623,0.634,0.8795,6.51,22.3,1
14.89,88.6,3.12,297.6,0.96,5.02,5.67,15.68,91.78,0.168,0.1931,16.46,16.28,0.444,9.15,1021.8,2.56,1,0.866,0.5,0.2588,-0.9659,0.261,0.234,0.0101,59.73,152.6,0
31.97,32.96,17.07,343.4,1.45,1.06,0.92,33.28,38.34,0.97,3.1825,33.66,33.94,0.1,18.72,1009.4,4.66,0,-0.5,-0.866,-1.0,-0.0,0.257,0.328,0.0794,15.26,68.3,0
46.28,20.65,10.23,161.5,0.0,0.0,0.0,46.95,20.65,2.241,8.1171,58.99,46.28,0.01,29.94,1018.7,5.9,1,0.866,-0.5,0.0,-1.0,0.008,0.0,0.0,100.0,180.0,0
22.47,46.03,2.8,143.5,2.8,8.64,38.5,21.43,50.83,0.488,1.4682,23.58,21.62,0.386,16.74,1021.0,0.63,0,1.0,0.0,0.9659,-0.2588,0.521,0.141,0.0352,148.03,159.7,0
37.41,14.77,19.45,18.8,0.0,0.24,0.0,38.4,18.41,2.533,5.4693,49.61,45.73,0.036,7.75,1001.2,8.46,1,-0.5,-0.866,0.0,-1.0,0.437,0.703,0.729,0.53,6.4,1
33.44,23.29,27.76,186.2,0.0,0.07,0.09,34.08,25.06,1.436,3.9552,47.85,36.97,0.022,3.5,999.0,6.85,1,-0.866,-0.5,0.0,-1.0,0.481,0.4,0.2653,2.1,9.3,1
32.08,41.51,11.19,3.2,1.14,0.33,0.36,31.89,40.18,0.773,2.7933,34.88,32.1,0.143,21.53,1015.5,3.63,0,-0.5,-0.866,-0.2588,-0.9659,0.248,0.235,0.044,20.02,36.4,1
41.2,11.65,40.88,308.1,0.0,0.06,0.22,43.32,15.44,3.535,6.9428,46.54,49.23,0.074,17.06,1006.2,7.79,1,-0.866,-0.5,-0.2588,-0.9659,0.351,0.702,0.8027,2.65,15.4,1
49.62,88.36,5.94,162.1,0.0,0.0,0.0,51.07,88.36,0.562,1.4095,64.55,49.62,0.01,32.7,1011.7,14.4,1,0.866,-0.5,0.5,0.866,0.019,0.0,0.0,100.0,180.0,0
30.42,46.9,20.03,75.8,0.26,0.05,0.13,29.46,53.82,0.649,2.3081,35.17,30.66,0.146,13.31,1011.3,5.34,1,0.0,-1.0,-0.7071,-0.7071,0.475,0.302,0.091,12.0,63.5,0
26.33,46.78,8.57,117.5,0.0,0.0,0.0,28.62,46.78,0.563,1.8235,39.17,26.33,0.0,-2.44,1019.6,5.03,1,-1.0,-0.0,-0.7071,-0.7071,0.02,0.0,0.0,100.0,180.0,0
49.67,63.79,14.32,131.6,0.0,0.0,0.0,52.66,63.79,0.779,4.3941,52.75,49.67,0.01,26.94,1014.1,2.82,1,-0.866,-0.5,0.2588,-0.9659,0.032,0.0,0.0,100.0,180.0,0
21.58,54.19,1.87,44.6,2.08,9.58,1.74,21.92,58.03,0.398,1.1807,22.85,23.11,0.442,19.83,1025.0,0.44,0,0.5,-0.866,0.5,-0.866,0.26,0.243,0.0247,91.47,166.5,0
5.38,79.09,13.86,66.4,9.74,0.27,35.76,3.44,86.73,0.068,0.1873,5.25,5.82,0.293,-1.35,1021.1,1.68,0,0.866,0.5,-0.5,-0.866,0.498,0.17,0.0057,64.61,140.4,0
36.89,61.08,17.28,329.3,0.0,0.0,0.0,38.73,61.08,0.604,2.4276,37.15,36.89,0.01,15.08,1014.0,3.77,0,0.5,0.866,-0.2588,0.9659,0.036,0.0,0.0,100.0,180.0,0
5.53,47.6,1.83,216.6,1.84,6.37,6.07,5.85,47.13,0.116,0.4742,3.63,4.76,0.204,4.08,1022.7,1.43,1,0.866,-0.5,0.9659,-0.2588,0.513,0.295,0.0172,51.53,97.6,0
41.5,19.74,44.91,35.4,0.0,0.06,0.01,44.41,20.02,2.103,6.4086,55.09,48.18,0.028,18.41,1006.9,6.13,1,-0.5,-0.866,-0.866,-0.5,0.79,0.806,1.275,4.51,0.3,1
34.0,8.36,36.26,41.4,0.0,0.04,0.01,34.61,9.21,4.066,4.8749,43.75,40.54,0.049,9.13,1003.9,10.79,1,-0.866,-0.5,-0.866,-0.5,0.474,0.568,0.9779,7.53,4.8,1
28.42,39.33,12.56,263.0,0.1,1.71,1.56,29.37,42.33,0.723,2.3498,32.45,32.15,0.125,14.38,1009.3,5.87,1,0.0,-1.0,-0.9659,0.2588,0.243,0.216,0.0369,26.82,31.6,0
39.68,11.24,42.93,240.8,0.0,0.05,0.03,39.91,11.54,3.53,6.436,51.26,43.59,0.048,16.41,1010.0,8.39,1,-0.5,-0.866,-0.5,-0.866,0.658,0.497,1.0603,3.45,15.6,1
32.55,41.71,11.86,246.0,0.52,0.38,0.8,33.45,43.53,0.78,2.8595,35.17,33.22,0.113,15.63,1016.4,5.57,1,-0.5,-0.866,-0.9659,-0.2588,0.238,0.267,0.0485,28.18,56.3,0
9.48,49.34,11.52,91.4,2.02,2.86,32.69,9.11,55.17,0.192,0.6007,11.23,10.19,0.441,1.63,1022.3,1.39,0,0.866,-0.5,-0.9659,0.2588,0.331,0.182,0.0113,120.26,162.0,0
42.68,21.92,36.53,239.4,0.0,0.53,0.22,45.29,25.57,1.947,6.6341,50.44,47.16,0.05,22.37,996.1,8.19,1,-0.5,-0.866,-0.5,-0.866,0.84,0.565,0.8842,3.0,18.1,1
42.48,16.92,11.16,200.6,0.0,0.0,0.0,44.16,16.92,2.511,6.9859,45.5,42.48,0.0,19.33,1019.6,3.2,1,0.0,-1.0,0.7071,0.7071,0.031,0.0,0.0,100.0,180.0,0
31.81,29.96,11.12,228.8,0.0,0.0,0.0,32.51,29.96,1.062,3.2939,45.61,31.81,0.0,10.32,1012.8,4.85,0,-0.866,-0.5,-0.5,0.866,0.001,0.0,0.0,100.0,180.0,0
18.4,71.6,13.93,286.9,0.5,0.07,18.99,18.97,79.2,0.257,0.6011,17.41,18.27,0.445,15.66,1016.9,0.27,0,-0.5,0.866,-0.2588,0.9659,0.187,0.055,0.0026,139.94,107.1,0
31.52,48.71,18.96,307.3,0.91,2.54,2.95,31.73,49.27,0.647,2.3731,33.3,34.17,0.145,14.19,1016.0,5.75,1,-0.866,-0.5,0.0,-1.0,0.37,0.35,0.0822,21.5,34.6,0
33.06,49.59,18.72,95.3,0.91,2.0,9.45,33.22,55.71,0.667,2.5446,36.96,33.94,0.132,20.16,1017.8,4.87,1,0.0,-1.0,0.5,-0.866,0.471,0.269,0.0829,12.78,41.9,0
28.26,38.93,20.24,124.9,1.13,0.78,1.15,27.81,45.49,0.726,2.3437,29.3,31.71,0.111,15.86,1016.5,5.85,1,-0.866,-0.5,-1.0,-0.0,0.209,0.407,0.0604,10.2,56.8,0
20.36,53.69,2.07,216.3,0.3,0.17,11.02,21.15,55.84,0.379,1.1074,18.38,20.69,0.369,15.99,1018.8,1.65,0,0.866,-0.5,0.2588,0.9659,0.483,0.072,0.0129,74.97,161.6,0
34.41,22.85,33.02,278.6,0.0,0.2,0.06,35.29,25.41,1.506,4.1982,41.45,40.6,0.029,4.98,995.6,6.51,1,-0.5,-0.866,-0.5,-0.866,0.694,0.576,0.5763,8.94,3.4,1
19.91,55.9,4.06,241.5,1.5,7.03,48.74,20.07,54.6,0.356,1.0258,21.82,21.78,0.425,14.26,1023.3,0.51,0,-0.0,1.0,0.2588,-0.9659,0.115,0.197,0.0079,115.75,86.4,0
22.13,75.76,5.73,305.6,0.01,13.82,2.08,19.98,81.48,0.292,0.6461,20.74,20.98,0.221,14.61,1021.3,2.86,0,0.866,0.5,0.2588,-0.9659,0.281,0.287,0.0232,132.58,88.4,0
31.32,38.81,14.51,182.6,0.24,3.03,2.68,32.47,44.44,0.807,2.8,35.82,33.32,0.171,20.03,1009.6,4.35,0,0.0,-1.0,0.5,-0.866,0.398,0.374,0.1171,20.29,37.2,0
30.84,34.04,20.59,324.0,0.74,0.43,0.24,30.1,39.06,0.906,2.9372,35.22,32.75,0.144,15.38,1014.5,4.98,1,0.0,-1.0,-0.866,-0.5,0.412,0.288,0.1043,34.84,31.4,0
39.43,24.47,27.97,205.9,0.0,0.15,0.32,40.71,24.84,1.611,5.4042,44.54,46.23,0.016,17.42,1006.3,7.55,1,-0.866,-0.5,-0.2588,-0.9659,0.775,0.935,1.1215,9.51,2.2,1
33.71,37.5,11.52,177.8,0.4,0.64,1.14,33.46,40.52,0.899,3.2708,36.92,34.29,0.165,21.76,1008.4,5.98,0,-0.866,-0.5,-0.2588,-0.9659,0.336,0.188,0.0554,11.32,69.9,0
34.46,8.34,41.06,134.0,0.0,0.08,0.04,35.18,11.72,4.132,5.0029,49.02,40.69,0.052,6.9,1007.3,9.41,1,-0.5,-0.866,-0.7071,-0.7071,0.67,0.674,1.6669,4.97,0.8,1
33.85,31.83,10.78,152.4,1.93,1.47,7.67,33.57,29.9,1.063,3.5962,37.57,35.25,0.099,21.05,1008.9,4.25,1,0.0,-1.0,-0.7071,-0.7071,0.333,0.116,0.0397,12.67,61.5,1
28.15,47.6,16.51,273.1,0.05,4.51,1.65,28.04,46.88,0.591,1.9975,31.93,28.72,0.163,18.07,1009.9,5.55,0,-0.5,-0.866,-0.2588,-0.9659,0.431,0.321,0.08,29.04,35.5,0
34.55,18.07,27.42,150.8,0.0,0.0,0.01,36.22,21.18,1.912,4.4931,39.61,39.52,0.052,13.29,996.2,10.71,1,-0.5,-0.866,0.0,-1.0,0.589,0.815,0.8706,1.49,13.1,1
21.14,69.59,1.13,238.2,0.22,19.03,8.57,20.58,69.34,0.304,0.7627,19.22,20.56,0.318,19.34,1018.7,2.64,1,0.866,-0.5,-0.2588,-0.9659,0.385,0.115,0.0132,65.22,155.0,0
8.93,46.04,1.79,275.4,4.02,1.5,3.37,7.27,54.17,0.194,0.6167,9.12,8.43,0.226,2.01,1018.2,0.77,1,-0.5,0.866,0.866,-0.5,0.551,0.183,0.0192,83.68,106.1,0
33.13,35.3,17.34,229.4,1.34,0.01,8.17,34.33,35.76,0.939,3.279,35.84,34.61,0.137,19.22,1009.7,4.98,1,-0.866,-0.5,-0.5,-0.866,0.252,0.318,0.0731,29.18,43.6,0
36.56,31.94,16.85,284.7,0.0,0.0,0.0,37.7,31.94,1.145,4.17,46.81,36.56,0.0,24.4,1007.5,2.15,0,-0.866,0.5,0.0,1.0,0.001,0.0,0.0,100.0,180.0,0
39.1,35.89,16.15,227.2,0.0,0.0,0.0,41.29,35.89,1.089,4.5058,47.39,39.1,0.0,20.64,1016.0,6.49,0,1.0,0.0,-0.7071,0.7071,0.02,0.0,0.0,100.0,180.0,0
40.21,66.69,4.8,236.8,0.0,0.0,0.0,40.49,66.69,0.603,2.4841,46.35,40.21,0.0,29.78,1013.4,9.31,0,-0.866,0.5,-0.866,0.5,0.036,0.0,0.0,100.0,180.0,0
20.69,74.22,11.57,184.6,2.07,13.67,14.49,20.19,77.3,0.279,0.6291,22.27,18.82,0.234,19.32,1014.4,1.54,0,0.866,-0.5,0.866,-0.5,0.495,0.094,0.0128,92.47,176.4,0
28.1,34.95,11.54,183.9,0.02,0.25,1.34,29.35,36.43,0.804,2.4738,30.3,30.84,0.104,12.9,1013.9,5.64,1,-0.866,-0.5,-0.2588,-0.9659,0.267,0.453,0.0945,19.72,67.9,0
30.22,38.3,16.47,229.8,0.57,3.23,1.39,29.62,44.66,0.789,2.651,33.61,33.78,0.114,12.37,1009.2,3.23,1,0.0,-1.0,-0.5,-0.866,0.276,0.196,0.0418,11.99,58.9,0
34.13,20.45,37.11,63.0,0.0,0.16,0.06,34.96,21.65,1.669,4.2626,39.34,38.93,0.075,13.53,997.2,8.92,1,-0.5,-0.866,-0.2588,-0.9659,0.391,0.311,0.1936,4.18,1.3,1
31.01,46.93,11.45,190.8,0.25,0.34,0.55,30.35,46.15,0.661,2.3853,32.8,31.95,0.173,19.73,1013.6,4.6,1,-1.0,-0.0,0.5,-0.866,0.254,0.141,0.0232,33.1,29.8,1
10.49,71.6,1.02,241.5,2.29,0.72,12.58,10.75,72.26,0.146,0.3604,12.23,10.53,0.414,6.18,1012.2,1.09,1,-0.0,1.0,0.866,0.5,0.488,0.126,0.0089,67.56,144.9,0
38.25,73.99,2.02,176.8,0.0,0.0,0.0,40.66,73.99,0.517,1.7468,41.36,38.25,0.0,27.43,1010.0,11.38,0,0.866,0.5,0.9659,0.2588,0.031,0.0,0.0,100.0,180.0,0
40.03,8.8,27.33,125.3,0.0,0.22,0.1,41.29,12.19,4.55,6.737,52.59,46.04,0.042,13.26,1002.6,8.31,1,-0.5,-0.866,-0.7071,-0.7071,0.713,0.944,2.7472,2.94,19.0,1
32.2,37.76,12.3,251.1,1.5,0.63,0.28,31.57,41.28,0.853,2.9929,34.94,35.25,0.153,20.88,1009.5,3.83,1,0.0,-1.0,-0.7071,-0.7071,0.324,0.322,0.0867,17.96,53.5,0
28.7,39.92,20.46,282.5,0.61,0.5,0.2,28.08,44.65,0.719,2.3657,32.29,32.52,0.15,15.25,1013.3,3.35,1,0.0,-1.0,-0.9659,-0.2588,0.238,0.304,0.0508,18.92,23.1,0
29.72,30.18,16.45,287.9,0.56,0.8,1.35,30.31,31.64,0.985,2.9146,31.86,29.96,0.108,19.47,1012.9,3.91,0,-0.866,-0.5,-0.9659,0.2588,0.254,0.374,0.0907,15.81,68.0,0
16.03,93.26,6.38,106.1,2.28,3.16,6.78,14.46,92.16,0.172,0.1227,17.42,16.61,0.299,12.87,1015.5,0.65,0,0.866,0.5,0.0,1.0,0.115,0.059,0.0012,86.42,86.9,0
28.82,30.39,18.07,47.1,0.93,0.81,0.83,29.42,37.16,0.948,2.7588,31.79,29.36,0.102,13.97,1008.8,3.01,1,-1.0,-0.0,-1.0,-0.0,0.298,0.492,0.1345,19.84,66.2,0
28.71,39.16,13.56,108.5,0.42,4.26,0.63,30.68,38.0,0.733,2.397,30.75,29.19,0.161,15.55,1012.8,5.28,1,-0.866,-0.5,-0.9659,-0.2588,0.398,0.354,0.1006,26.44,26.4,0
33.15,13.04,26.42,37.5,0.0,0.22,0.0,34.12,14.85,2.542,4.4101,40.07,37.62,0.056,9.5,1006.5,8.05,1,-0.5,-0.866,-0.5,-0.866,0.427,0.879,0.8858,3.93,18.1,1
33.33,35.53,11.94,226.2,0.58,0.84,1.47,33.69,35.33,0.938,3.3028,36.69,36.05,0.143,21.75,1016.1,5.76,1,-1.0,-0.0,-0.7071,-0.7071,0.353,0.218,0.0702,15.28,41.4,0
29.71,10.06,7.9,230.4,0.0,0.0,0.0,30.45,10.06,2.955,3.7543,32.92,29.71,0.01,13.35,1005.2,7.97,0,0.0,-1.0,0.7071,-0.7071,0.006,0.0,0.0,100.0,180.0,0
29.72,32.69,16.75,175.3,0.0,0.0,0.0,30.93,32.69,0.909,2.8108,32.94,29.72,0.01,0.47,1012.1,3.96,0,1.0,0.0,0.9659,-0.2588,0.039,0.0,0.0,100.0,180.0,0
20.76,46.34,9.83,167.4,3.67,1.29,3.21,20.35,55.32,0.448,1.3147,22.49,19.78,0.404,17.3,1016.5,0.48,0,0.866,0.5,0.0,-1.0,0.525,0.258,0.0595,72.56,120.2,0
9.59,75.99,9.28,214.9,0.37,0.13,2.07,6.8,80.81,0.126,0.2868,8.33,10.54,0.286,2.84,1012.4,2.3,0,1.0,0.0,-0.7071,-0.7071,0.359,0.003,0.0002,77.05,168.6,0
51.18,24.65,4.75,192.1,0.0,0.0,0.0,52.12,24.65,2.076,9.8541,59.38,51.18,0.0,39.82,1015.9,12.09,0,-0.866,-0.5,0.9659,0.2588,0.023,0.0,0.0,100.0,180.0,0
40.6,59.73,16.54,209.5,0.0,0.0,0.0,41.39,59.73,0.68,3.0665,48.21,40.6,0.0,19.23,1008.6,14.38,1,-1.0,-0.0,0.2588,0.9659,0.016,0.0,0.0,100.0,180.0,0
19.51,78.95,6.56,340.1,3.13,7.46,1.25,18.73,84.34,0.247,0.4774,20.32,17.59,0.313,13.69,1015.2,1.34,0,-0.5,0.866,-0.9659,-0.2588,0.132,0.08,0.0026,67.76,117.4,0
11.92,54.16,11.47,129.0,0.15,1.53,29.57,11.62,57.65,0.22,0.6394,13.8,11.67,0.421,7.73,1022.8,1.2,1,0.866,0.5,0.9659,-0.2588,0.2,0.144,0.0062,112.71,97.2,0
38.07,53.43,22.89,85.1,0.0,0.0,0.0,39.37,53.43,0.713,3.0969,52.28,38.07,0.0,12.47,1011.8,11.62,1,-0.866,0.5,0.7071,0.7071,0.031,0.0,0.0,100.0,180.0,0
50.67,72.52,26.32,90.0,0.0,0.0,0.0,51.35,72.52,0.699,3.5039,64.17,50.67,0.0,20.23,1005.7,7.64,1,1.0,0.0,1.0,0.0,0.008,0.0,0.0,100.0,180.0,0
16.68,46.02,11.75,319.0,2.06,0.72,6.29,14.71,45.95,0.362,1.0248,15.35,17.42,0.219,8.92,1019.3,0.52,0,-0.0,1.0,-0.7071,-0.7071,0.147,0.103,0.0054,97.61,81.5,0
22.47,50.53,12.63,74.8,7.84,4.23,24.21,22.11,56.41,0.445,1.3461,23.68,21.22,0.388,15.14,1013.3,2.1,1,0.5,0.866,-0.5,0.866,0.423,0.091,0.0168,108.53,146.8,0
10.9,94.36,8.26,144.2,0.74,1.31,7.05,9.48,97.15,0.115,0.0735,9.08,10.46,0.181,7.54,1022.4,2.58,1,-0.0,1.0,0.2588,0.9659,0.431,0.169,0.0083,61.87,158.3,0
43.73,13.38,9.93,246.7,0.0,0.0,0.0,45.58,13.38,3.269,7.7722,51.11,43.73,0.0,29.72,1015.3,4.21,0,0.866,0.5,-0.2588,0.9659,0.035,0.0,0.0,100.0,180.0,0
16.69,91.04,12.81,306.3,3.57,0.5,4.6,17.05,94.97,0.183,0.1703,18.48,16.89,0.282,15.07,1013.0,0.17,0,0.866,0.5,-0.9659,-0.2588,0.479,0.065,0.0057,121.21,131.8,0
19.26,47.41,9.46,43.2,1.19,2.01,0.38,17.46,55.34,0.406,1.1742,19.8,20.82,0.333,13.32,1018.4,0.26,0,0.866,0.5,0.9659,0.2588,0.363,0.215,0.0311,97.24,114.3,0
15.98,52.01,13.47,251.6,2.15,5.06,11.43,15.68,58.51,0.307,0.8716,15.15,17.17,0.335,12.16,1018.3,0.31,0,0.866,0.5,0.5,0.866,0.164,0.064,0.0032,97.77,159.7,0
45.12,73.47,28.23,23.9,0.0,0.0,0.0,47.21,73.47,0.614,2.5581,52.03,45.12,0.0,29.65,1013.5,13.11,1,0.866,-0.5,-0.2588,-0.9659,0.039,0.0,0.0,100.0,180.0,0
27.88,38.7,6.72,225.3,0.0,0.0,0.0,28.98,38.7,0.72,2.3002,29.03,27.88,0.01,-2.19,1017.2,13.92,0,-0.0,1.0,-0.9659,0.2588,0.031,0.0,0.0,100.0,180.0,0
13.39,73.49,2.71,260.9,0.64,10.24,60.12,11.65,76.92,0.182,0.4073,11.59,14.51,0.253,6.8,1013.8,0.13,0,0.5,-0.866,-0.5,-0.866,0.221,0.018,0.0007,124.36,106.5,0
33.98,35.21,15.79,20.7,0.39,3.61,2.01,35.24,36.12,0.965,3.4429,38.53,35.0,0.141,17.2,1010.1,5.95,1,-0.866,-0.5,-0.9659,-0.2588,0.411,0.267,0.1028,14.97,52.8,0
34.39,22.71,29.97,203.4,0.0,0.16,0.58,35.57,24.67,1.514,4.2011,47.63,39.52,0.035,9.11,1004.1,6.27,1,-0.5,-0.866,-0.9659,-0.2588,0.772,0.325,0.3634,4.97,4.4,1
28.32,46.92,18.64,53.1,1.21,1.21,2.73,29.73,47.76,0.604,2.0443,30.75,31.97,0.179,14.95,1016.3,3.3,1,-0.866,-0.5,0.2588,-0.9659,0.3,0.396,0.0702,33.94,31.0,0
31.37,44.01,11.5,21.5,0.12,0.17,1.25,30.5,51.43,0.713,2.5688,33.69,33.94,0.098,20.26,1015.6,4.85,1,-0.866,-0.5,0.2588,-0.9659,0.219,0.332,0.0506,23.58,20.8,0
12.33,61.47,1.6,289.3,1.86,3.42,6.92,10.17,60.23,0.201,0.5523,11.94,13.3,0.189,8.07,1022.3,0.02,1,-0.0,1.0,-0.5,0.866,0.443,0.064,0.0056,125.1,138.5,0
31.06,46.46,14.67,129.8,0.59,3.17,0.71,32.22,51.81,0.669,2.4135,35.3,33.52,0.144,17.49,1008.5,5.01,0,-0.866,-0.5,0.2588,-0.9659,0.309,0.267,0.054,26.33,49.0,0
44.82,32.29,17.16,67.9,0.0,0.0,0.0,46.86,32.29,1.388,6.4266,49.99,44.82,0.01,17.43,1018.2,6.88,0,-0.866,-0.5,-0.2588,-0.9659,0.01,0.0,0.0,100.0,180.0,0
43.56,15.0,2.16,270.8,0.0,0.0,0.0,44.08,15.0,2.905,7.5612,47.23,43.56,0.01,24.91,1015.3,10.29,0,0.866,0.5,0.5,0.866,0.003,0.0,0.0,100.0,180.0,0
35.35,14.17,29.75,165.8,0.0,0.1,0.02,36.88,16.43,2.494,4.9203,49.73,41.09,0.044,12.15,995.7,7.39,1,-0.866,-0.5,-0.5,-0.866,0.569,0.835,1.1071,9.72,9.7,1
37.05,16.89,44.89,217.3,0.0,0.0,0.16,38.56,20.11,2.193,5.2293,46.5,45.62,0.015,13.61,1002.8,8.02,1,-0.5,-0.866,-0.866,-0.5,0.444,0.355,0.3268,6.33,12.3,1
32.36,48.84,20.44,216.3,0.98,2.04,0.67,32.44,55.16,0.663,2.4825,36.54,35.72,0.106,16.63,1010.0,5.76,1,-0.866,-0.5,-1.0,-0.0,0.286,0.349,0.0647,31.5,62.2,1
28.18,46.53,20.01,121.5,0.56,0.57,9.61,29.27,46.68,0.606,2.0429,31.98,30.62,0.135,10.61,1012.1,4.59,1,-0.5,-0.866,0.2588,-0.9659,0.317,0.196,0.0369,29.74,23.0,0
30.61,40.22,21.71,163.5,1.47,1.56,2.61,31.29,39.89,0.761,2.6262,32.23,32.9,0.107,12.91,1009.0,3.54,0,-0.5,-0.866,0.7071,-0.7071,0.438,0.397,0.1293,20.48,64.9,1
33.27,38.18,17.46,140.6,0.08,1.11,0.05,33.41,45.91,0.872,3.1578,34.48,36.11,0.178,17.17,1008.7,5.93,1,-1.0,-0.0,-0.9659,-0.2588,0.305,0.402,0.1041,15.78,37.9,0
24.78,93.79,3.89,342.7,1.21,14.07,17.39,25.21,96.21,0.264,0.1939,26.54,24.15,0.265,21.79,1017.3,2.31,0,1.0,0.0,-0.866,0.5,0.571,0.272,0.0406,94.44,84.6,0
31.04,88.42,4.66,300.1,0.0,0.0,0.0,31.93,88.42,0.351,0.5211,37.35,31.04,0.0,4.89,1014.1,3.34,0,-0.866,-0.5,-0.9659,0.2588,0.03,0.0,0.0,100.0,180.0,0
10.4,89.9,1.92,328.2,4.66,10.02,5.77,10.02,99.3,0.116,0.1274,8.53,9.88,0.432,2.76,1018.1,0.12,1,0.5,-0.866,0.0,1.0,0.167,0.289,0.0055,123.51,88.5,0
10.56,60.32,14.03,68.4,1.5,0.7,8.75,9.75,62.94,0.175,0.5058,10.95,9.73,0.361,6.91,1024.7,2.15,1,0.5,-0.866,0.7071,-0.7071,0.217,0.076,0.0028,148.89,133.3,0
41.22,24.91,28.19,335.4,0.0,0.07,0.46,42.1,26.99,1.654,5.9073,50.55,44.91,0.016,18.6,995.7,6.24,1,-0.866,-0.5,-0.866,-0.5,0.433,0.408,0.2808,7.36,14.9,1
47.38,51.58,28.53,127.2,0.0,0.0,0.0,48.01,51.58,0.919,5.2389,59.71,47.38,0.0,26.9,1019.7,0.06,0,0.5,-0.866,-0.9659,-0.2588,0.016,0.0,0.0,100.0,180.0,0
33.54,23.3,31.51,128.8,0.0,0.02,0.05,35.35,26.55,1.44,3.9772,47.54,43.4,0.079,11.26,998.8,11.53,1,-0.866,-0.5,-0.7071,-0.7071,0.681,0.773,0.7266,7.29,20.5,1
36.38,19.7,35.85,313.6,0.0,0.32,0.06,36.67,21.67,1.847,4.8718,48.15,41.27,0.049,12.09,1001.3,7.45,1,-0.5,-0.866,0.0,-1.0,0.658,0.646,0.7468,1.76,8.7,1
32.23,46.99,19.7,149.7,0.02,1.75,7.58,31.67,46.99,0.686,2.5529,34.21,35.07,0.179,20.08,1013.9,4.16,1,-1.0,-0.0,0.0,-1.0,0.37,0.477,0.1186,32.73,64.7,0
10.05,78.62,14.02,320.9,0.36,30.43,13.23,8.45,77.93,0.128,0.2634,8.36,11.68,0.25,4.12,1016.5,0.36,0,0.866,-0.5,0.5,-0.866,0.113,0.208,0.003,125.93,126.9,0
32.29,43.71,17.41,88.9,0.26,0.21,0.59,33.68,43.59,0.739,2.721,36.81,32.94,0.123,19.68,1012.8,5.64,1,-1.0,-0.0,-1.0,-0.0,0.28,0.303,0.0614,14.56,42.3,1
31.55,46.92,19.56,19.4,0.41,1.6,0.1,31.56,47.34,0.672,2.4604,33.0,34.34,0.163,17.9,1013.6,5.55,0,-0.5,-0.866,-0.9659,0.2588,0.342,0.374,0.0842,28.54,56.3,0
39.94,8.36,15.68,234.8,0.0,0.0,0.0,42.45,8.36,4.778,6.7388,53.31,39.94,0.0,10.7,1019.8,6.32,0,0.5,0.866,0.0,1.0,0.021,0.0,0.0,100.0,180.0,0
44.92,15.27,24.14,216.2,0.0,0.06,0.32,46.64,19.7,2.941,8.0836,52.19,49.72,0.075,23.09,1003.7,10.45,1,-0.5,-0.866,-0.5,-0.866,0.734,0.575,1.164,8.7,24.5,1
18.65,85.73,13.08,251.3,2.29,3.53,2.95,18.9,84.3,0.218,0.3069,20.65,19.31,0.227,17.21,1016.7,0.89,0,-0.866,0.5,0.9659,-0.2588,0.491,0.193,0.0204,66.16,99.7,0
44.61,5.45,17.09,260.9,0.0,0.0,0.0,46.49,5.45,8.179,8.8777,55.89,44.61,0.01,11.3,1006.6,5.24,0,-0.0,1.0,-0.9659,-0.2588,0.014,0.0,0.0,100.0,180.0,0
28.53,18.15,20.32,4.0,0.0,0.0,0.0,29.26,18.15,1.572,3.1914,43.09,28.53,0.01,3.37,1015.1,6.38,0,-1.0,-0.0,0.2588,0.9659,0.009,0.0,0.0,100.0,180.0,0
44.01,75.29,25.03,66.6,0.0,0.0,0.0,45.77,75.29,0.585,2.2499,54.38,44.01,0.0,10.57,1017.0,9.5,0,0.5,0.866,-1.0,-0.0,0.005,0.0,0.0,100.0,180.0,0
39.29,45.66,20.47,306.9,0.0,0.0,0.0,41.06,45.66,0.86,3.8589,48.03,39.29,0.0,9.65,1007.2,7.2,0,-0.5,0.866,0.9659,0.2588,0.002,0.0,0.0,100.0,180.0,0
30.06,37.54,21.7,234.7,0.13,0.64,4.17,30.41,39.32,0.801,2.6597,33.86,33.58,0.177,18.58,1010.7,4.66,1,-0.5,-0.866,-0.9659,-0.2588,0.332,0.177,0.046,27.25,55.6,0
39.15,10.17,40.63,98.3,0.0,0.04,0.03,40.18,10.42,3.85,6.3295,49.4,47.9,0.014,12.78,996.5,6.97,1,-0.5,-0.866,-0.866,-0.5,0.672,0.54,1.2728,1.49,11.8,1
17.92,62.42,2.55,352.5,0.13,13.56,1.26,16.69,65.1,0.287,0.7716,16.03,18.71,0.311,15.7,1023.0,0.76,1,0.866,0.5,0.866,0.5,0.549,0.001,0.0001,137.41,111.3,0
28.75,38.7,12.21,299.8,0.96,1.3,3.79,29.73,46.51,0.743,2.4204,30.31,29.63,0.093,14.56,1017.0,5.64,0,0.0,-1.0,0.5,-0.866,0.204,0.308,0.0456,15.35,55.0,0
41.21,12.58,44.05,334.1,0.0,0.08,0.01,42.09,16.09,3.277,6.8756,46.61,44.42,0.019,20.36,1004.9,8.3,1,-0.5,-0.866,-0.7071,-0.7071,0.667,0.522,1.057,3.2,13.7,1
18.35,78.96,13.44,274.8,3.39,13.2,35.63,16.39,79.99,0.232,0.444,19.73,17.95,0.426,16.81,1019.9,2.89,0,1.0,0.0,0.2588,-0.9659,0.394,0.193,0.0175,91.5,111.5,0
29.66,39.33,11.79,51.4,0.09,2.69,7.05,30.42,37.97,0.754,2.5246,33.87,33.47,0.123,16.7,1016.3,3.08,1,0.0,-1.0,0.7071,-0.7071,0.256,0.272,0.0513,17.62,54.7,0
34.44,13.5,26.91,35.7,0.0,0.03,0.12,36.92,16.2,2.55,4.7135,42.6,38.53,0.039,6.53,1005.8,6.9,1,-0.866,-0.5,-0.9659,-0.2588,0.606,0.498,0.7174,6.63,5.6,1
36.85,20.96,36.47,66.4,0.0,0.03,0.52,38.64,21.36,1.758,4.9188,51.52,44.73,0.039,7.1,1002.4,7.65,1,-0.5,-0.866,-0.9659,-0.2588,0.797,0.673,0.9002,7.48,1.5,1
6.03,75.38,6.14,354.8,0.29,0.72,0.09,4.45,74.57,0.08,0.2307,5.74,4.23,0.19,0.73,1012.9,2.74,0,0.5,-0.866,-0.9659,0.2588,0.354,0.21,0.0059,75.66,142.9,0
29.37,43.64,13.73,10.3,1.01,1.16,1.4,29.94,47.89,0.673,2.3064,31.69,30.26,0.135,18.37,1011.3,5.48,1,-0.5,-0.866,-0.7071,-0.7071,0.46,0.36,0.1089,21.22,55.1,0
31.25,34.76,11.71,287.1,0.0,0.0,0.0,32.75,34.76,0.899,2.9722,32.7,31.25,0.01,19.87,1020.0,9.65,0,0.0,-1.0,-0.2588,-0.9659,0.024,0.0,0.0,100.0,180.0,0
27.44,20.17,13.36,238.8,0.0,0.0,0.0,29.48,20.17,1.361,2.921,35.85,27.44,0.01,9.38,1011.4,13.05,1,0.5,-0.866,-0.5,-0.866,0.009,0.0,0.0,100.0,180.0,0
28.93,83.08,16.24,263.1,0.0,0.0,0.0,31.77,83.08,0.348,0.6753,42.77,28.93,0.0,-2.96,1015.0,8.0,0,-0.5,-0.866,-0.7071,0.7071,0.028,0.0,0.0,100.0,180.0,0
33.43,41.98,12.64,108.7,0.07,0.44,0.42,33.22,43.4,0.796,2.9891,35.0,34.85,0.091,19.21,1016.4,3.34,1,-0.866,-0.5,-0.5,-0.866,0.282,0.478,0.1047,26.49,31.4,0
31.82,39.68,21.84,16.0,0.02,0.68,1.86,33.45,43.25,0.802,2.8394,36.76,34.89,0.16,19.95,1016.4,5.07,0,-0.5,-0.866,-0.7071,-0.7071,0.4,0.442,0.1382,18.14,23.4,1
16.96,56.43,14.78,284.2,2.06,3.11,13.57,15.72,54.9,0.301,0.842,16.09,18.01,0.32,13.78,1013.7,2.48,1,-0.5,0.866,0.5,0.866,0.524,0.151,0.0234,104.03,161.4,0
51.02,89.33,17.19,95.2,0.0,0.0,0.0,52.63,89.33,0.571,1.3842,63.81,51.02,0.0,27.22,1015.3,14.62,0,0.866,0.5,0.7071,0.7071,0.006,0.0,0.0,100.0,180.0,0
11.89,82.16,10.84,150.7,1.64,8.17,60.3,11.93,81.7,0.145,0.2485,11.64,11.22,0.196,4.82,1019.6,2.96,0,0.866,-0.5,0.5,0.866,0.134,0.292,0.0056,99.94,171.5,0
40.36,21.87,19.56,182.7,0.0,0.03,0.08,42.05,23.96,1.846,5.8742,48.72,46.21,0.014,13.16,995.5,8.86,1,-0.5,-0.866,-0.5,-0.866,0.544,0.864,0.829,8.26,17.4,1
17.73,93.81,10.79,213.3,2.84,9.65,15.86,15.74,94.02,0.189,0.1257,16.92,19.44,0.289,10.83,1019.7,2.04,1,1.0,0.0,-0.9659,-0.2588,0.268,0.153,0.0077,142.91,139.0,0
44.83,13.95,31.49,122.0,0.0,0.0,0.27,44.92,18.87,3.213,8.1753,50.11,51.57,0.065,15.94,999.2,10.97,1,-0.5,-0.866,-0.866,-0.5,0.575,0.883,1.5221,2.93,20.6,1
50.23,87.37,3.35,49.6,0.0,0.0,0.0,52.15,87.37,0.575,1.5762,64.16,50.23,0.01,39.08,1019.3,7.59,0,-0.866,0.5,-0.2588,0.9659,0.002,0.0,0.0,100.0,180.0,0
23.81,61.99,1.61,42.4,8.86,13.75,7.07,21.47,64.02,0.384,1.1213,23.23,22.73,0.325,20.73,1024.2,0.14,1,1.0,0.0,1.0,0.0,0.229,0.218,0.0188,135.53,115.3,0
20.94,63.65,2.56,216.8,0.14,0.43,6.94,21.55,71.89,0.329,0.9005,20.4,22.18,0.45,13.9,1019.2,0.79,0,-0.0,1.0,-0.5,0.866,0.565,0.099,0.0182,129.94,82.6,0
15.75,65.24,1.46,297.5,0.74,5.74,25.96,15.72,74.52,0.241,0.622,15.93,17.26,0.419,8.68,1022.6,0.85,0,-0.0,1.0,-0.866,-0.5,0.519,0.013,0.0016,122.94,136.0,0
38.69,10.0,20.44,67.5,0.0,0.33,0.18,39.2,10.41,3.868,6.1881,50.52,41.96,0.042,13.71,1001.1,9.23,1,-0.5,-0.866,-0.9659,-0.2588,0.492,0.755,1.3045,3.53,24.6,1
37.01,84.33,7.74,51.2,0.0,0.0,0.0,38.5,84.33,0.439,0.984,51.66,37.01,0.0,10.76,1009.7,4.94,0,-0.5,0.866,0.5,-0.866,0.001,0.0,0.0,100.0,180.0,0
28.17,45.04,18.14,187.6,0.01,0.77,0.23,28.34,48.9,0.626,2.0985,32.57,31.02,0.151,14.86,1009.4,3.31,0,-0.866,-0.5,-0.2588,-0.9659,0.265,0.429,0.0697,28.6,29.9,0
40.11,8.62,44.52,287.5,0.0,0.04,0.22,42.49,10.95,4.651,6.7786,48.21,47.88,0.06,14.55,1009.2,9.36,1,-0.866,-0.5,-0.7071,-0.7071,0.648,0.597,1.6132,9.7,8.1,1
19.99,62.19,6.44,189.0,1.47,4.06,7.27,20.63,61.42,0.321,0.8834,19.94,19.48,0.254,13.27,1018.7,0.26,1,0.5,-0.866,0.7071,-0.7071,0.156,0.118,0.0058,57.51,146.5,0
9.58,75.01,5.3,172.4,4.55,27.46,13.16,10.22,79.56,0.128,0.2983,9.41,8.45,0.436,5.54,1020.4,1.66,0,-0.0,1.0,-0.866,0.5,0.395,0.078,0.0039,136.11,178.5,0
47.45,5.9,16.59,7.3,0.0,0.0,0.0,48.18,5.9,8.039,10.2164,51.43,47.45,0.01,25.11,1007.2,8.89,1,-0.866,0.5,0.7071,0.7071,0.028,0.0,0.0,100.0,180.0,0
28.42,38.46,16.98,247.4,0.51,0.76,1.71,28.16,42.18,0.739,2.3835,29.56,30.83,0.136,11.89,1015.1,4.73,1,-0.5,-0.866,-0.7071,-0.7071,0.416,0.192,0.0576,17.46,46.1,0
29.64,47.42,16.93,114.9,0.89,2.98,7.56,29.72,50.6,0.625,2.1849,32.17,30.0,0.12,17.84,1011.7,4.14,0,0.0,-1.0,0.5,-0.866,0.327,0.474,0.0947,28.47,63.0,1
11.4,59.9,12.93,187.1,0.07,11.74,16.42,11.24,61.81,0.19,0.5407,9.45,11.06,0.282,7.96,1018.0,0.22,0,-0.0,1.0,-0.2588,0.9659,0.208,0.056,0.0022,65.85,166.4,0
40.09,21.96,22.13,9.4,0.0,0.26,0.11,40.44,22.88,1.826,5.7835,49.36,49.91,0.02,16.81,1008.5,11.37,1,-0.5,-0.866,0.0,-1.0,0.758,0.927,1.2265,4.44,12.7,1
49.77,66.1,3.8,173.6,0.0,0.0,0.0,52.69,66.1,0.753,4.1348,51.19,49.77,0.0,35.9,1011.6,1.45,1,0.866,-0.5,0.7071,0.7071,0.024,0.0,0.0,100.0,180.0,0
23.84,60.06,5.06,229.0,2.41,9.62,0.38,24.14,58.93,0.397,1.1805,25.52,25.65,0.438,17.48,1013.4,1.53,0,-0.0,1.0,-0.2588,-0.9659,0.228,0.162,0.0144,145.62,130.5,0
32.64,36.33,18.15,209.6,0.93,0.11,0.79,34.22,34.65,0.898,3.1384,37.25,36.05,0.098,19.13,1017.8,4.56,0,0.0,-1.0,0.5,-0.866,0.224,0.456,0.0894,20.21,64.9,0
10.65,56.99,1.54,194.5,1.31,12.73,2.61,8.37,62.99,0.187,0.5517,8.82,10.71,0.262,3.74,1020.4,1.31,1,0.866,-0.5,0.0,-1.0,0.205,0.093,0.0035,73.77,145.1,0
14.1,55.94,6.35,217.6,0.97,8.48,22.77,12.53,62.07,0.252,0.709,12.66,14.89,0.265,9.63,1021.9,0.61,1,-0.5,0.866,-0.866,-0.5,0.536,0.035,0.0046,68.11,114.4,0
43.9,53.0,16.87,281.5,0.0,0.0,0.0,44.63,53.0,0.828,4.2548,58.76,43.9,0.01,23.96,1013.3,7.75,1,-0.866,-0.5,-0.5,-0.866,0.001,0.0,0.0,100.0,180.0,0
28.78,38.85,15.19,242.5,0.46,0.99,0.54,29.76,38.27,0.741,2.4191,30.09,29.48,0.172,18.66,1012.5,4.96,0,-1.0,-0.0,0.7071,-0.7071,0.259,0.109,0.0205,22.09,64.0,0
40.44,19.04,30.08,101.0,0.0,0.12,0.19,41.47,20.83,2.124,6.1128,47.28,47.55,0.031,11.21,1008.2,10.16,1,-0.866,-0.5,-0.866,-0.5,0.529,0.925,0.9879,6.75,21.2,1
32.71,36.97,11.05,91.6,0.9,2.03,1.37,34.52,38.92,0.885,3.1196,33.97,35.02,0.177,18.59,1010.4,3.99,0,-0.866,-0.5,0.7071,-0.7071,0.329,0.344,0.0976,14.19,54.4,1
33.57,33.48,12.6,327.1,0.65,1.39,3.79,34.2,36.66,1.002,3.4534,36.68,36.08,0.157,22.59,1008.7,4.97,1,-0.5,-0.866,-0.2588,-0.9659,0.335,0.2,0.0652,15.04,60.0,0
29.04,45.99,16.13,131.1,0.44,3.77,8.67,30.59,48.36,0.632,2.1686,31.5,31.91,0.174,15.1,1009.1,4.8,1,0.0,-1.0,-0.866,-0.5,0.474,0.455,0.1333,25.56,52.6,0
34.55,9.15,33.42,216.4,0.0,0.07,0.29,36.28,13.68,3.774,4.9812,49.22,44.07,0.013,10.75,1008.9,8.0,1,-0.866,-0.5,-0.2588,-0.9659,0.45,0.824,1.2611,6.85,24.9,1
29.29,44.81,11.68,115.9,0.4,1.01,8.27,28.58,46.14,0.654,2.2486,33.99,30.01,0.132,13.45,1013.0,3.35,1,0.0,-1.0,-1.0,-0.0,0.3,0.322,0.0616,28.24,49.9,0
31.12,31.5,17.04,193.4,1.15,2.18,19.03,32.44,32.8,0.988,3.0988,32.37,34.71,0.096,14.77,1009.5,3.92,1,-0.866,-0.5,-0.2588,-0.9659,0.453,0.192,0.0833,21.98,29.8,0
35.34,16.47,19.19,219.1,0.0,0.12,0.1,36.72,16.84,2.146,4.7861,42.01,39.63,0.037,6.3,995.3,10.77,1,-0.866,-0.5,-0.2588,-0.9659,0.512,0.894,0.9264,5.2,0.4,1
30.3,40.21,21.48,225.3,1.36,1.89,0.2,29.42,38.9,0.753,2.5802,32.02,30.48,0.157,14.2,1010.2,3.9,1,-1.0,-0.0,-0.7071,-0.7071,0.283,0.173,0.0359,32.95,30.4,0
44.66,54.61,26.15,236.1,0.0,0.0,0.0,45.16,54.61,0.818,4.2737,53.67,44.66,0.01,12.88,1014.0,14.57,1,0.5,-0.866,-0.7071,0.7071,0.038,0.0,0.0,100.0,180.0,0
30.1,44.66,16.84,57.6,0.7,0.16,2.09,30.04,44.36,0.674,2.3618,34.38,32.07,0.157,14.56,1014.1,5.09,1,-0.5,-0.866,-0.2588,-0.9659,0.282,0.281,0.0523,33.84,36.8,0
33.83,34.37,15.19,116.1,0.73,0.71,8.23,35.31,33.07,0.984,3.459,35.66,37.75,0.167,22.3,1012.3,3.06,1,-0.5,-0.866,0.2588,-0.9659,0.45,0.182,0.0785,14.86,66.0,1
45.99,42.36,13.91,194.1,0.0,0.0,0.0,48.42,42.36,1.086,5.8107,48.85,45.99,0.0,20.92,1012.4,12.51,1,-0.5,0.866,0.9659,0.2588,0.012,0.0,0.0,100.0,180.0,0
36.15,48.52,25.24,94.0,0.0,0.0,0.0,36.82,48.52,0.745,3.0838,42.14,36.15,0.01,18.45,1013.6,4.4,0,0.0,-1.0,0.0,1.0,0.027,0.0,0.0,100.0,180.0,0
46.36,10.05,3.36,95.9,0.0,0.0,0.0,49.27,10.05,4.614,9.2409,54.16,46.36,0.0,35.4,1006.4,5.6,1,0.866,0.5,0.9659,0.2588,0.026,0.0,0.0,100.0,180.0,0
33.82,30.85,11.8,179.7,0.1,0.36,8.95,33.59,30.61,1.096,3.6413,36.79,36.32,0.119,16.04,1016.1,3.36,1,-0.866,-0.5,0.7071,-0.7071,0.269,0.176,0.0504,26.35,25.5,0
19.06,60.52,5.46,237.5,5.15,1.29,2.88,18.64,69.59,0.315,0.8708,18.16,17.84,0.335,16.15,1016.4,2.26,0,-0.0,1.0,-0.9659,-0.2588,0.322,0.089,0.0089,109.1,137.6,0
32.85,31.92,21.53,74.7,0.34,0.24,2.08,32.59,39.55,1.029,3.395,35.19,33.57,0.154,20.16,1017.1,4.41,0,-1.0,-0.0,-0.2588,-0.9659,0.234,0.305,0.0713,26.37,23.6,0
23.76,45.83,8.56,134.9,1.79,9.02,3.07,24.53,51.92,0.518,1.5932,23.1,22.15,0.402,16.99,1018.0,2.17,1,-0.866,0.5,-0.7071,-0.7071,0.193,0.249,0.0243,53.03,133.1,0
35.75,12.33,25.18,117.7,0.0,0.19,0.18,36.59,16.47,2.899,5.1361,48.16,40.55,0.024,9.13,1006.8,8.37,1,-0.5,-0.866,-0.866,-0.5,0.546,0.861,1.2611,5.06,16.6,1
30.41,37.39,14.65,121.7,0.05,1.52,0.32,31.54,36.69,0.813,2.7195,32.78,31.04,0.135,16.73,1010.4,4.7,1,0.0,-1.0,0.7071,-0.7071,0.415,0.133,0.0438,23.11,47.1,0
43.85,8.11,26.28,123.5,0.0,0.29,0.3,44.79,11.64,5.408,8.2975,56.57,53.41,0.037,21.23,996.5,9.71,1,-0.866,-0.5,-0.7071,-0.7071,0.387,0.596,1.1119,5.78,6.6,1
31.52,32.56,14.23,50.2,0.41,1.27,0.67,33.24,40.44,0.968,3.1201,34.98,32.65,0.124,14.46,1009.0,5.36,0,0.0,-1.0,0.5,-0.866,0.483,0.499,0.2264,25.89,40.6,0
30.64,45.03,16.78,13.9,0.06,0.89,1.02,32.03,51.75,0.68,2.4197,34.88,33.72,0.115,13.41,1010.7,5.34,0,0.0,-1.0,0.0,-1.0,0.408,0.224,0.0609,10.5,56.7,0
6.72,57.69,4.46,12.9,0.34,11.01,1.24,3.83,63.83,0.117,0.4159,5.03,7.5,0.215,2.89,1024.7,1.91,0,-0.5,0.866,0.5,-0.866,0.583,0.133,0.0089,69.84,159.9,0
8.16,81.0,13.36,122.5,0.64,13.54,5.58,7.27,90.6,0.101,0.206,9.78,8.87,0.346,0.99,1021.7,0.7,0,0.5,-0.866,0.2588,0.9659,0.353,0.288,0.0101,90.51,105.2,0
5.34,61.75,12.47,173.5,1.62,0.73,10.86,4.34,63.15,0.086,0.3416,5.2,5.21,0.321,0.73,1017.7,1.51,0,-0.0,1.0,-0.7071,-0.7071,0.204,0.268,0.0046,97.26,134.0,0
33.38,40.81,12.33,71.6,0.14,1.25,3.17,33.97,42.96,0.818,3.0404,36.9,35.34,0.167,16.51,1013.1,4.91,0,-0.5,-0.866,-0.9659,-0.2588,0.394,0.479,0.151,26.04,57.6,1
32.97,48.53,11.99,79.2,0.06,0.74,4.39,33.1,54.18,0.679,2.5841,37.31,35.52,0.167,22.22,1011.6,5.1,0,-1.0,-0.0,0.7071,-0.7071,0.486,0.317,0.1027,33.04,46.8,1
28.82,38.22,19.1,337.6,0.47,0.77,2.05,28.8,42.83,0.754,2.4493,31.77,29.7,0.157,14.06,1014.8,5.82,0,-0.5,-0.866,0.2588,-0.9659,0.338,0.39,0.0968,22.28,42.7,0
42.98,12.55,13.6,218.8,0.0,0.0,0.0,45.15,12.55,3.425,7.5474,48.38,42.98,0.0,13.05,1010.8,4.57,0,0.0,-1.0,0.866,0.5,0.029,0.0,0.0,100.0,180.0,0
45.2,83.33,27.26,70.1,0.0,0.0,0.0,47.84,83.33,0.542,1.6139,53.6,45.2,0.01,19.95,1005.3,7.85,1,-0.866,-0.5,0.2588,-0.9659,0.026,0.0,0.0,100.0,180.0,0
38.56,39.8,12.31,209.5,0.0,0.0,0.0,39.92,39.8,0.969,4.1111,47.08,38.56,0.01,24.05,1015.0,1.02,1,-0.5,-0.866,-0.2588,-0.9659,0.006,0.0,0.0,100.0,180.0,0
32.04,30.07,21.88,129.4,0.13,0.74,4.62,33.71,35.12,1.065,3.332,33.14,35.71,0.152,16.86,1009.6,3.73,0,0.0,-1.0,-1.0,-0.0,0.377,0.127,0.0495,26.22,51.7,0
36.61,16.55,36.82,254.8,0.0,0.1,0.15,36.78,20.68,2.213,5.1263,45.24,45.41,0.071,7.99,1002.3,6.98,1,-0.866,-0.5,-0.7071,-0.7071,0.528,0.614,0.6772,1.88,10.6,1
49.5,43.22,6.08,41.2,0.0,0.0,0.0,50.76,43.22,1.145,6.8333,54.42,49.5,0.0,16.5,1019.3,5.65,0,1.0,0.0,0.7071,0.7071,0.025,0.0,0.0,100.0,180.0,0
40.65,9.23,19.02,14.3,0.0,0.0,0.0,41.92,9.23,4.403,6.9291,45.53,40.65,0.0,22.11,1012.2,7.44,1,0.866,0.5,-0.866,0.5,0.032,0.0,0.0,100.0,180.0,0
31.84,31.56,17.77,174.2,1.14,0.76,13.03,31.5,34.07,1.009,3.2243,35.35,34.1,0.145,19.32,1012.8,4.18,1,-1.0,-0.0,0.5,-0.866,0.383,0.301,0.1126,22.03,45.1,0
12.97,86.55,12.6,113.5,1.44,10.47,5.4,11.86,93.64,0.15,0.2011,14.38,14.21,0.314,7.77,1013.8,2.28,0,0.866,-0.5,-1.0,-0.0,0.303,0.249,0.0112,72.15,140.0,0
13.39,70.2,14.45,221.9,1.86,2.37,3.02,12.7,77.32,0.191,0.4579,12.14,12.97,0.234,5.6,1019.0,1.68,0,-0.5,0.866,-1.0,-0.0,0.153,0.01,0.0003,107.17,128.3,0
32.07,42.33,15.74,164.0,0.5,1.54,9.16,31.91,41.97,0.758,2.7527,34.07,32.12,0.096,14.86,1016.9,5.67,1,-1.0,-0.0,-0.866,-0.5,0.452,0.403,0.1348,33.14,44.5,1
29.69,34.59,21.36,73.4,0.34,0.32,2.23,31.28,40.42,0.858,2.7262,34.03,31.53,0.162,17.19,1018.0,4.53,1,0.0,-1.0,0.7071,-0.7071,0.28,0.427,0.0997,20.89,56.8,0
48.14,18.8,21.83,92.8,0.0,0.0,0.0,50.41,18.8,2.561,9.1298,59.45,48.14,0.01,19.65,1016.2,9.93,0,0.5,-0.866,-0.7071,0.7071,0.008,0.0,0.0,100.0,180.0,0
34.33,24.96,17.63,316.4,0.0,0.01,0.57,36.67,26.88,1.375,4.0661,47.96,40.18,0.073,9.43,1006.3,8.48,1,-0.866,-0.5,0.0,-1.0,0.772,0.59,0.6016,9.51,6.3,1
43.53,14.81,44.98,18.7,0.0,0.09,0.31,43.85,18.19,2.939,7.5649,55.9,50.86,0.069,18.2,1000.6,11.79,1,-0.5,-0.866,0.0,-1.0,0.811,0.555,1.2401,8.63,6.8,1
41.75,24.7,18.15,195.2,0.0,0.2,0.4,42.59,27.61,1.69,6.0923,53.18,47.61,0.012,13.16,1008.1,9.26,1,-0.5,-0.866,-0.5,-0.866,0.842,0.301,0.4114,5.91,6.3,1
12.48,67.29,14.21,302.7,2.1,6.01,3.47,10.77,74.41,0.185,0.4733,13.69,12.62,0.296,8.56,1017.2,0.92,0,0.866,0.5,0.7071,0.7071,0.238,0.206,0.009,86.46,124.0,0
42.75,23.06,17.67,308.1,0.0,0.09,0.79,43.99,26.59,1.854,6.562,54.93,51.87,0.052,13.43,997.5,8.0,1,-0.5,-0.866,0.0,-1.0,0.604,0.582,0.6244,5.24,24.2,1
44.17,9.56,32.35,160.9,0.0,0.09,1.11,45.5,12.78,4.622,8.3029,57.15,52.73,0.029,18.37,1009.9,7.9,1,-0.5,-0.866,-0.9659,-0.2588,0.644,0.712,1.9168,1.39,11.8,1
36.3,42.05,28.52,322.4,0.0,0.0,0.0,39.3,42.05,0.863,3.4996,43.65,36.3,0.01,9.95,1007.2,10.69,1,-1.0,-0.0,0.0,1.0,0.027,0.0,0.0,100.0,180.0,0
41.29,11.9,28.36,93.3,0.0,0.39,0.22,43.75,13.81,3.471,6.9586,47.53,48.84,0.049,13.92,1002.9,11.53,1,-0.866,-0.5,-0.9659,-0.2588,0.748,0.44,1.0533,1.84,17.2,1
29.98,42.7,15.64,343.7,0.15,0.61,1.91,30.16,43.13,0.702,2.4278,34.5,31.26,0.14,18.5,1012.9,5.62,1,0.0,-1.0,0.0,-1.0,0.311,0.17,0.0361,25.72,38.6,0
37.81,62.71,29.34,232.9,0.0,0.0,0.0,39.68,62.71,0.603,2.4447,38.6,37.81,0.0,17.46,1012.7,13.77,1,-0.866,0.5,0.0,-1.0,0.013,0.0,0.0,100.0,180.0,0
39.13,78.81,13.37,240.1,0.0,0.0,0.0,39.79,78.81,0.496,1.4915,40.68,39.13,0.0,15.54,1015.4,3.04,1,-0.0,1.0,-0.866,0.5,0.005,0.0,0.0,100.0,180.0,0
5.45,46.44,2.64,126.0,2.26,0.13,1.2,5.62,52.47,0.117,0.4821,6.26,4.65,0.271,3.66,1014.2,1.74,0,0.5,0.866,-0.9659,-0.2588,0.593,0.014,0.0009,91.82,134.1,0
50.14,11.92,24.1,20.1,0.0,0.0,0.0,52.52,11.92,4.205,10.9409,53.91,50.14,0.01,16.86,1014.2,9.09,1,-0.866,-0.5,0.7071,0.7071,0.02,0.0,0.0,100.0,180.0,0
38.69,22.82,17.54,124.5,0.0,0.2,0.21,39.25,24.42,1.696,5.3063,47.41,46.48,0.029,13.27,995.0,10.22,1,-0.866,-0.5,-0.7071,-0.7071,0.6,0.719,0.7012,1.96,12.6,1
36.26,24.77,38.93,236.2,0.0,0.21,0.02,37.76,29.19,1.464,4.5324,49.34,40.95,0.033,11.84,997.9,7.19,1,-0.866,-0.5,-0.5,-0.866,0.651,0.647,0.592,6.12,0.1,1
13.22,66.26,13.52,182.4,2.76,5.8,0.84,11.65,70.51,0.2,0.5126,13.15,13.72,0.372,9.04,1018.2,2.88,0,-0.5,0.866,0.0,-1.0,0.115,0.284,0.0064,124.27,162.5,0
36.47,7.63,14.06,112.0,0.0,0.0,0.0,36.59,7.63,4.777,5.6309,42.73,36.47,0.01,24.3,1005.4,6.19,0,1.0,0.0,0.0,1.0,0.04,0.0,0.0,100.0,180.0,0
32.39,30.32,14.27,145.9,0.79,4.3,5.3,32.31,32.98,1.069,3.3874,34.62,35.29,0.108,17.11,1009.9,3.93,1,-1.0,-0.0,-0.9659,-0.2588,0.239,0.416,0.103,12.49,62.8,0
29.32,30.29,21.05,229.8,2.71,4.82,3.55,30.86,30.99,0.968,2.8434,32.23,31.43,0.091,17.07,1016.6,4.63,1,-0.5,-0.866,-0.7071,-0.7071,0.256,0.225,0.0539,30.58,55.7,0
36.9,18.05,16.18,125.0,0.0,0.04,0.04,37.98,20.13,2.044,5.1153,42.32,46.04,0.021,14.55,999.6,8.84,1,-0.866,-0.5,-0.866,-0.5,0.52,0.502,0.5064,0.91,10.3,1
41.42,8.46,38.93,354.6,0.0,0.01,0.08,43.09,11.43,4.896,7.2807,51.26,49.41,0.069,13.74,1008.1,8.22,1,-0.866,-0.5,-0.5,-0.866,0.71,0.916,2.8474,6.14,8.8,1
9.01,79.78,11.19,55.1,4.11,8.35,54.54,7.16,86.89,0.113,0.2323,9.95,9.99,0.279,5.72,1014.6,1.08,0,0.866,0.5,-1.0,-0.0,0.511,0.241,0.0137,96.45,119.6,0
16.51,74.4,8.96,264.9,4.51,1.9,1.9,14.7,82.62,0.222,0.4811,17.29,18.11,0.445,9.21,1019.1,2.97,1,0.866,0.5,0.7071,0.7071,0.274,0.086,0.0052,99.95,163.6,0
21.92,70.44,2.57,127.7,2.36,9.31,19.32,20.78,80.2,0.311,0.7778,22.13,20.23,0.319,19.7,1015.5,1.54,0,0.5,-0.866,0.866,0.5,0.404,0.012,0.0015,125.74,115.4,0
33.24,14.88,5.44,357.7,0.0,0.0,0.0,34.77,14.88,2.234,4.3385,39.8,33.24,0.01,16.25,1013.7,13.23,0,0.866,-0.5,0.2588,0.9659,0.032,0.0,0.0,100.0,180.0,0
36.66,17.05,40.93,46.1,0.0,0.05,0.11,39.42,17.34,2.149,5.1076,45.43,41.13,0.06,7.59,1004.2,9.63,1,-0.866,-0.5,0.0,-1.0,0.742,0.847,1.2763,5.55,8.8,1
41.38,54.19,10.22,41.8,0.0,0.0,0.0,42.59,54.19,0.764,3.6356,42.01,41.38,0.0,12.01,1008.8,12.57,0,0.866,0.5,-0.9659,-0.2588,0.026,0.0,0.0,100.0,180.0,0
5.05,78.75,13.96,2.9,1.24,0.36,23.92,3.33,84.65,0.064,0.1859,3.12,4.29,0.371,0.24,1024.6,0.33,0,-0.5,0.866,0.7071,0.7071,0.206,0.289,0.0038,92.44,168.2,0
28.77,38.49,12.38,290.2,0.25,0.23,0.27,28.07,36.74,0.747,2.4307,33.07,30.56,0.164,12.13,1011.8,5.78,1,-0.5,-0.866,0.0,-1.0,0.23,0.419,0.0703,10.12,35.4,0
42.07,40.04,28.78,126.9,0.0,0.0,0.0,44.96,40.04,1.051,4.9337,43.2,42.07,0.0,11.29,1017.4,11.23,1,-0.0,1.0,0.0,-1.0,0.016,0.0,0.0,100.0,180.0,0
31.28,62.45,7.34,6.4,0.0,0.0,0.0,32.26,62.45,0.501,1.7146,41.25,31.28,0.01,11.52,1018.2,4.45,1,0.5,-0.866,-0.866,-0.5,0.015,0.0,0.0,100.0,180.0,0
45.55,67.27,27.39,8.4,0.0,0.0,0.0,46.3,67.27,0.677,3.2263,57.61,45.55,0.01,31.44,1018.5,10.69,1,0.5,-0.866,0.2588,-0.9659,0.027,0.0,0.0,100.0,180.0,0
30.1,40.32,13.04,161.5,0.02,1.25,3.67,31.55,44.09,0.746,2.5466,33.56,32.57,0.18,19.55,1017.4,5.04,1,-1.0,-0.0,-1.0,-0.0,0.439,0.178,0.057,21.88,55.3,1
14.06,76.29,12.9,69.8,1.75,10.94,21.85,11.73,82.36,0.184,0.3804,15.93,13.76,0.394,9.47,1018.7,0.89,0,-0.866,0.5,0.866,0.5,0.23,0.053,0.0022,131.03,151.1,0
29.75,33.48,17.76,41.6,0.09,0.39,0.88,29.25,37.44,0.889,2.783,33.98,31.69,0.157,12.79,1008.5,4.44,1,-0.866,-0.5,0.5,-0.866,0.488,0.153,0.0645,10.32,59.9,0
19.96,64.06,13.56,70.8,0.53,3.49,13.16,20.91,69.44,0.312,0.8383,20.06,20.19,0.418,17.95,1015.9,0.02,1,0.5,-0.866,0.9659,-0.2588,0.323,0.226,0.0224,141.63,173.1,0
31.01,34.25,18.04,91.3,0.2,0.18,2.62,31.24,38.35,0.905,2.9546,35.73,33.9,0.155,15.6,1014.7,5.37,0,0.0,-1.0,-0.2588,-0.9659,0.34,0.189,0.0567,12.86,69.0,0
43.77,17.97,17.2,57.2,0.0,0.16,0.49,43.97,20.67,2.436,7.3755,54.5,50.44,0.055,20.73,995.4,7.37,1,-0.866,-0.5,-0.9659,-0.2588,0.44,0.523,0.531,7.78,8.0,1
33.99,38.49,13.59,337.0,0.19,0.47,0.21,34.28,36.71,0.883,3.2709,37.81,34.11,0.139,18.0,1012.6,5.58,1,0.0,-1.0,0.2588,-0.9659,0.436,0.198,0.0743,30.44,65.4,0
33.14,21.04,31.61,186.3,0.0,0.02,0.14,35.59,25.22,1.575,4.002,38.82,37.14,0.053,5.11,1005.7,7.51,1,-0.5,-0.866,0.0,-1.0,0.506,0.6,0.4563,10.0,5.5,1
32.36,40.27,12.57,30.1,0.0,0.0,0.0,34.27,40.27,0.804,2.899,46.68,32.36,0.01,13.81,1013.1,14.64,1,-0.866,0.5,0.5,-0.866,0.011,0.0,0.0,100.0,180.0,0
5.43,87.62,7.82,159.6,1.5,2.39,24.64,4.53,97.34,0.062,0.1113,4.52,6.63,0.442,3.83,1018.1,0.95,0,-0.866,0.5,0.7071,0.7071,0.563,0.134,0.0046,96.58,105.1,0
31.15,31.18,18.29,236.1,0.54,0.22,3.81,30.92,35.57,0.999,3.1188,34.63,34.94,0.13,19.94,1011.2,4.03,1,0.0,-1.0,-0.2588,-0.9659,0.3,0.329,0.0958,16.43,26.4,1
30.38,30.82,21.59,139.3,0.0,0.13,0.8,31.87,30.5,0.986,3.0001,34.73,33.89,0.11,16.47,1012.5,3.89,1,0.0,-1.0,-0.9659,0.2588,0.285,0.259,0.0707,18.18,39.3,0
38.95,69.53,9.23,337.6,0.0,0.0,0.0,40.42,69.53,0.56,2.1248,50.71,38.95,0.01,15.03,1016.6,5.78,1,0.0,-1.0,0.7071,0.7071,0.027,0.0,0.0,100.0,180.0,0
36.77,54.07,9.98,252.7,0.0,0.0,0.0,36.8,54.07,0.68,2.8463,46.42,36.77,0.0,20.46,1013.9,1.12,0,0.0,-1.0,0.866,-0.5,0.03,0.0,0.0,100.0,180.0,0
31.03,31.9,20.7,74.5,0.4,0.47,4.61,31.42,34.9,0.973,3.0642,32.77,31.62,0.107,20.5,1013.0,6.0,0,-1.0,-0.0,-0.9659,-0.2588,0.375,0.142,0.0502,21.85,56.7,0
40.23,24.11,23.65,26.7,0.0,0.0,0.0,41.54,24.11,1.669,5.666,51.98,40.23,0.0,8.89,1011.4,1.27,0,-0.866,-0.5,-0.9659,-0.2588,0.004,0.0,0.0,100.0,180.0,0
10.6,72.02,6.18,177.7,0.16,1.04,11.46,9.71,71.54,0.147,0.3577,10.91,9.34,0.226,6.82,1014.5,0.07,0,0.5,0.866,-0.5,-0.866,0.574,0.168,0.014,94.57,82.3,0
44.41,24.05,30.99,6.5,0.0,0.11,0.0,46.5,26.48,1.847,7.0588,52.67,53.15,0.07,21.61,1008.5,6.1,1,-0.5,-0.866,-0.7071,-0.7071,0.582,0.395,0.4073,2.07,15.9,1
32.93,32.01,20.13,167.2,0.06,7.01,3.21,32.66,38.33,1.029,3.4059,35.44,34.95,0.15,17.37,1015.0,3.73,0,-1.0,-0.0,-1.0,-0.0,0.38,0.134,0.0507,17.44,37.7,1
7.64,78.53,9.69,78.5,1.39,13.14,19.33,7.45,80.21,0.097,0.2248,6.31,8.48,0.379,2.3,1012.9,2.81,0,0.866,-0.5,0.0,-1.0,0.506,0.126,0.0061,125.56,114.8,0
8.16,54.14,10.82,235.7,14.44,6.08,16.76,6.49,53.35,0.151,0.4974,8.09,8.05,0.354,3.94,1023.3,1.6,0,0.866,0.5,0.2588,0.9659,0.233,0.074,0.0025,114.04,159.5,0
20.53,50.1,4.26,203.0,1.42,6.26,15.01,19.73,52.41,0.41,1.2058,21.46,19.9,0.244,14.77,1017.5,2.02,1,1.0,0.0,0.9659,-0.2588,0.397,0.081,0.0129,117.53,115.6,0
33.57,34.0,16.36,94.6,0.08,0.16,1.32,34.69,35.94,0.987,3.4283,34.78,36.78,0.1,16.3,1012.3,4.8,1,0.0,-1.0,0.5,-0.866,0.299,0.274,0.0785,24.02,54.4,0
33.6,71.56,19.52,108.7,0.0,0.0,0.0,34.31,71.56,0.469,1.479,39.91,33.6,0.0,5.19,1018.6,0.45,1,-0.5,0.866,-1.0,-0.0,0.008,0.0,0.0,100.0,180.0,0
25.51,76.03,2.61,56.8,0.0,0.0,0.0,28.19,76.03,0.336,0.7827,30.57,25.51,0.0,7.32,1006.7,4.77,0,-1.0,-0.0,0.5,-0.866,0.01,0.0,0.0,100.0,180.0,0
29.2,45.91,12.62,165.4,0.01,1.9,4.07,29.42,44.14,0.636,2.1917,31.57,32.36,0.143,19.18,1008.6,5.74,1,0.0,-1.0,0.0,-1.0,0.487,0.368,0.1116,33.22,52.2,0
40.6,13.93,28.57,161.5,0.0,0.1,0.04,43.57,18.79,2.914,6.554,47.26,44.34,0.029,12.03,996.0,6.01,1,-0.5,-0.866,-0.866,-0.5,0.574,0.559,0.8723,8.55,2.3,1
36.94,17.66,34.86,101.3,0.0,0.0,0.21,39.63,22.03,2.093,5.1511,49.37,44.01,0.074,16.16,1006.2,7.88,1,-0.866,-0.5,-0.2588,-0.9659,0.832,0.43,0.7093,0.74,6.5,1
32.26,83.27,7.93,185.3,0.0,0.0,0.0,33.65,83.27,0.387,0.8072,36.25,32.26,0.0,6.02,1014.7,7.66,1,0.5,-0.866,-0.7071,0.7071,0.017,0.0,0.0,100.0,180.0,0
6.86,64.84,7.67,202.6,4.62,0.88,7.13,4.46,63.22,0.106,0.3488,6.86,6.96,0.305,1.15,1021.8,2.97,0,-0.5,0.866,0.0,-1.0,0.529,0.209,0.0115,66.17,143.2,0
30.83,30.31,20.59,192.3,0.08,0.11,0.3,32.5,35.5,1.017,3.1,32.89,34.51,0.149,17.12,1014.8,5.42,0,-1.0,-0.0,0.0,-1.0,0.353,0.128,0.0443,28.46,26.6,0
32.8,38.49,16.3,157.4,0.24,3.61,0.35,32.31,41.45,0.852,3.0593,36.86,33.04,0.167,19.98,1009.8,4.32,1,0.0,-1.0,-0.9659,-0.2588,0.475,0.172,0.068,23.32,26.1,1
32.13,83.86,7.14,236.3,0.0,0.0,0.0,33.26,83.86,0.383,0.773,38.72,32.13,0.01,13.92,1017.6,1.05,0,-0.5,-0.866,-0.866,-0.5,0.004,0.0,0.0,100.0,180.0,0
38.67,11.18,17.36,357.1,0.0,0.05,0.06,38.72,15.19,3.459,6.0994,50.57,48.07,0.011,17.94,1007.6,8.4,1,-0.866,-0.5,0.0,-1.0,0.788,0.603,1.5081,4.29,12.6,1
32.9,35.04,10.6,265.6,0.24,0.06,3.36,33.18,34.08,0.939,3.2491,34.06,36.22,0.135,17.29,1016.9,3.85,1,-0.5,-0.866,0.0,-1.0,0.349,0.187,0.0598,26.53,28.6,0
28.74,30.78,16.28,141.8,0.3,2.09,6.69,27.94,31.89,0.934,2.7305,32.3,29.56,0.18,16.78,1011.5,3.18,0,-0.5,-0.866,0.2588,-0.9659,0.348,0.372,0.1168,26.67,55.9,0
37.17,18.78,13.4,76.2,0.0,0.0,0.0,38.54,18.78,1.98,5.1449,41.08,37.17,0.0,6.35,1017.6,6.15,1,0.0,-1.0,-0.9659,-0.2588,0.018,0.0,0.0,100.0,180.0,0
32.17,33.37,18.76,160.4,0.1,0.34,0.23,32.69,37.18,0.964,3.1993,37.02,35.69,0.101,17.38,1016.9,5.14,1,-0.866,-0.5,0.2588,-0.9659,0.397,0.327,0.1213,13.28,49.5,0
44.69,21.25,43.89,38.9,0.0,0.06,0.04,45.47,21.94,2.103,7.4273,53.98,54.36,0.026,22.33,1000.2,6.17,1,-0.866,-0.5,-0.9659,-0.2588,0.552,0.743,0.8234,3.89,2.5,1
18.43,61.91,6.75,133.0,3.92,0.37,7.64,16.47,66.17,0.298,0.8076,18.94,16.59,0.391,14.15,1019.2,0.98,0,0.866,0.5,0.2588,0.9659,0.109,0.279,0.0089,105.42,156.9,0
50.48,8.32,28.05,342.6,0.0,0.0,0.0,53.37,8.32,6.063,11.5794,51.78,50.48,0.0,30.55,1009.4,3.49,1,1.0,0.0,-0.866,-0.5,0.024,0.0,0.0,100.0,180.0,0
19.25,45.87,14.27,14.6,1.08,5.77,14.85,16.44,53.89,0.42,1.2082,17.62,20.78,0.26,13.32,1017.0,1.16,1,-0.866,0.5,-0.7071,0.7071,0.577,0.097,0.023,96.0,154.7,0
5.18,85.69,12.83,267.0,0.23,13.19,31.94,3.51,95.55,0.06,0.1264,6.57,3.38,0.18,2.02,1018.1,1.03,1,0.866,-0.5,-0.2588,0.9659,0.464,0.233,0.0065,103.19,119.2,0
44.64,21.59,28.54,275.2,0.0,0.02,0.07,45.07,24.52,2.068,7.375,58.18,49.55,0.067,17.0,997.6,6.34,1,-0.866,-0.5,-0.5,-0.866,0.797,0.406,0.6388,9.75,10.4,1
43.3,23.59,23.22,165.7,0.0,0.01,0.35,44.3,27.32,1.835,6.7052,55.69,47.25,0.045,16.63,998.1,10.06,1,-0.866,-0.5,-0.866,-0.5,0.381,0.601,0.4027,6.76,20.1,1
39.94,21.6,24.74,193.9,0.0,0.04,0.13,42.6,22.65,1.849,5.7637,46.89,43.95,0.025,10.51,1001.1,10.1,1,-0.866,-0.5,0.0,-1.0,0.415,0.583,0.4271,6.96,19.6,1
31.06,24.68,22.81,161.2,0.0,0.0,0.0,32.41,24.68,1.258,3.3957,33.51,31.06,0.0,14.49,1009.6,14.97,0,0.0,-1.0,-0.7071,0.7071,0.031,0.0,0.0,100.0,180.0,0
31.98,33.21,12.24,333.4,0.1,0.61,0.87,31.52,35.21,0.963,3.1724,33.54,32.16,0.149,18.25,1014.1,3.8,1,-0.5,-0.866,-0.2588,-0.9659,0.313,0.209,0.0611,32.69,44.1,0
47.49,65.07,2.07,98.7,0.0,0.0,0.0,49.23,65.07,0.73,3.7996,48.16,47.49,0.0,34.53,1005.4,9.4,1,0.0,-1.0,-0.866,-0.5,0.007,0.0,0.0,100.0,180.0,0
32.12,45.84,13.15,162.3,0.58,0.38,8.36,33.77,46.47,0.701,2.5929,35.5,35.36,0.12,19.23,1017.6,3.24,0,-0.5,-0.866,-0.866,-0.5,0.467,0.174,0.0559,27.43,64.1,0
17.9,81.05,1.27,236.2,0.83,29.23,0.51,17.01,86.94,0.221,0.3887,19.02,18.52,0.339,12.58,1017.8,2.38,0,1.0,0.0,0.7071,0.7071,0.309,0.07,0.0047,132.44,121.4,0
12.59,77.66,2.55,25.3,0.73,4.44,0.88,12.38,75.89,0.162,0.3259,11.34,13.55,0.18,11.38,1018.5,1.5,0,0.866,0.5,0.2588,-0.9659,0.396,0.145,0.0092,73.77,80.3,0
41.43,73.66,20.41,89.3,0.0,0.0,0.0,42.73,73.66,0.562,2.0962,49.5,41.43,0.0,18.38,1015.1,7.07,0,0.866,-0.5,-0.9659,0.2588,0.021,0.0,0.0,100.0,180.0,0
42.92,21.35,25.17,219.0,0.0,0.0,0.0,43.04,21.35,2.011,6.7667,54.8,42.92,0.01,25.04,1007.3,0.52,0,-1.0,-0.0,0.0,1.0,0.022,0.0,0.0,100.0,180.0,0
32.29,68.22,29.04,248.0,0.0,0.0,0.0,34.95,68.22,0.473,1.5361,46.15,32.29,0.01,1.34,1006.0,8.38,1,-1.0,-0.0,-0.866,0.5,0.023,0.0,0.0,100.0,180.0,0
16.12,67.22,4.45,169.6,1.83,7.59,6.78,13.18,71.8,0.24,0.6007,14.39,16.84,0.396,14.3,1013.0,2.91,1,0.866,0.5,-0.9659,-0.2588,0.429,0.133,0.0135,108.04,148.2,0
32.22,49.51,19.18,165.3,0.11,0.52,0.78,33.32,50.54,0.651,2.4306,33.24,35.36,0.122,20.71,1012.6,3.32,1,0.0,-1.0,0.0,-1.0,0.218,0.497,0.0692,10.97,54.8,0
36.2,48.62,5.15,321.1,0.0,0.0,0.0,38.63,48.62,0.745,3.0865,44.53,36.2,0.01,15.21,1014.9,7.71,1,0.866,-0.5,-0.9659,0.2588,0.03,0.0,0.0,100.0,180.0,0
47.85,24.1,21.41,10.3,0.0,0.0,0.0,48.92,24.1,1.985,8.4092,52.55,47.85,0.01,32.35,1013.2,6.15,1,-0.5,0.866,0.7071,-0.7071,0.034,0.0,0.0,100.0,180.0,0
11.59,89.71,7.28,241.2,3.17,0.27,2.24,9.82,91.01,0.129,0.1405,12.78,11.13,0.198,8.41,1024.4,2.37,1,0.5,-0.866,-0.9659,-0.2588,0.475,0.027,0.0017,92.01,150.9,0
50.35,13.43,19.33,112.8,0.0,0.0,0.0,50.52,13.43,3.747,10.8645,59.22,50.35,0.01,38.71,1017.5,9.31,0,0.0,-1.0,0.866,-0.5,0.016,0.0,0.0,100.0,180.0,0
34.37,24.37,6.54,38.1,0.0,0.0,0.0,36.62,24.37,1.411,4.1076,43.07,34.37,0.01,20.26,1007.6,13.4,1,1.0,0.0,0.9659,0.2588,0.019,0.0,0.0,100.0,180.0,0
28.33,43.17,18.93,247.3,0.46,0.03,1.57,27.86,44.55,0.656,2.1894,30.72,28.91,0.149,17.68,1010.4,3.64,0,-1.0,-0.0,-0.2588,-0.9659,0.314,0.148,0.0298,16.2,66.9,0
40.86,75.88,27.88,12.2,0.0,0.0,0.0,41.53,75.88,0.538,1.8622,51.41,40.86,0.01,13.78,1018.9,6.87,0,-0.866,0.5,0.2588,0.9659,0.026,0.0,0.0,100.0,180.0,0
8.28,68.3,10.98,183.6,0.89,1.26,15.32,7.67,76.47,0.121,0.3465,7.45,9.54,0.395,3.55,1015.4,1.61,1,0.5,0.866,-0.2588,0.9659,0.236,0.198,0.0056,101.76,123.0,0
30.69,39.95,11.64,293.1,0.2,5.72,5.24,31.01,39.5,0.768,2.6498,32.3,33.81,0.094,18.86,1010.6,4.58,1,-0.866,-0.5,-0.7071,-0.7071,0.495,0.382,0.1419,27.76,28.1,0
14.02,88.96,14.29,3.5,2.04,4.42,50.7,13.09,89.17,0.158,0.1767,14.7,15.74,0.202,8.94,1022.7,1.69,0,0.866,0.5,-1.0,-0.0,0.412,0.218,0.014,81.86,86.8,0
41.74,21.41,32.77,282.8,0.0,0.07,0.07,44.23,22.33,1.95,6.3557,54.23,49.21,0.069,18.87,1008.1,6.23,1,-0.5,-0.866,-0.866,-0.5,0.462,0.677,0.5831,6.99,24.1,1
32.21,32.41,21.94,111.3,0.61,0.63,2.28,32.19,35.12,0.994,3.2528,35.01,34.9,0.097,21.62,1009.6,4.59,0,0.0,-1.0,-1.0,-0.0,0.286,0.357,0.0986,22.2,41.4,0
40.0,11.75,15.77,78.9,0.0,0.08,0.4,40.04,14.28,3.405,6.5102,49.68,49.41,0.036,11.65,1001.2,9.71,1,-0.866,-0.5,-0.9659,-0.2588,0.78,0.628,1.5373,7.88,7.4,1
41.35,16.03,35.3,148.2,0.0,0.19,0.05,43.0,16.73,2.58,6.654,49.12,50.36,0.056,18.6,1001.1,7.41,1,-0.5,-0.866,-0.5,-0.866,0.666,0.669,1.0829,3.76,15.6,1
22.66,48.18,10.09,12.1,0.72,7.19,8.92,20.5,53.45,0.47,1.4261,22.29,21.44,0.383,21.09,1013.8,1.91,1,1.0,0.0,1.0,0.0,0.374,0.109,0.0188,88.55,157.6,0
33.49,12.63,18.66,320.5,0.0,0.15,0.28,35.13,15.57,2.652,4.5167,42.26,41.27,0.062,8.74,1005.5,6.38,1,-0.5,-0.866,-0.7071,-0.7071,0.425,0.718,0.7504,9.84,8.7,1
39.88,40.67,20.19,315.2,0.0,0.0,0.0,40.59,40.67,0.981,4.3484,48.08,39.88,0.0,26.64,1010.2,3.01,1,-0.5,0.866,-0.2588,-0.9659,0.016,0.0,0.0,100.0,180.0,0
28.71,32.29,15.21,274.9,0.05,1.68,8.38,30.49,37.74,0.889,2.6662,31.51,31.31,0.098,14.49,1008.9,4.8,1,0.0,-1.0,-0.2588,-0.9659,0.491,0.482,0.204,11.33,48.0,0
33.32,17.86,44.85,47.3,0.0,0.11,0.56,34.34,19.47,1.865,4.2054,42.84,36.91,0.026,4.24,1009.3,7.79,1,-0.866,-0.5,-0.7071,-0.7071,0.847,0.57,0.8534,1.51,9.2,1
10.23,49.3,2.49,274.4,2.7,2.88,9.31,8.38,47.59,0.207,0.6321,8.49,10.33,0.373,2.28,1016.3,0.69,1,1.0,0.0,0.0,-1.0,0.595,0.002,0.0003,83.55,161.6,0
31.56,34.72,21.1,227.3,0.45,0.43,12.48,31.18,37.77,0.909,3.028,33.97,33.52,0.09,17.85,1012.6,3.98,1,-0.5,-0.866,-0.9659,-0.2588,0.295,0.238,0.0619,34.36,65.1,0
29.19,44.57,20.4,353.7,0.08,1.72,1.41,29.33,49.82,0.655,2.2447,33.97,30.2,0.136,11.95,1014.7,5.9,1,-0.866,-0.5,0.2588,-0.9659,0.267,0.209,0.0358,27.48,36.0,1
33.1,30.94,16.97,34.6,0.0,0.0,0.0,36.08,30.94,1.07,3.4926,43.65,33.1,0.0,10.48,1013.2,0.38,1,-0.0,1.0,0.866,0.5,0.03,0.0,0.0,100.0,180.0,0
44.84,21.44,40.26,12.5,0.0,0.14,0.15,45.71,23.01,2.091,7.4657,54.05,48.85,0.011,20.89,1000.0,10.06,1,-0.866,-0.5,-0.2588,-0.9659,0.474,0.65,0.6161,7.65,0.5,1
45.32,30.87,19.66,2.9,0.0,0.0,0.0,45.39,30.87,1.468,6.7344,47.17,45.32,0.0,20.1,1012.8,5.07,1,-0.0,1.0,0.9659,-0.2588,0.009,0.0,0.0,100.0,180.0,0
30.5,31.56,16.32,181.3,0.82,3.19,4.55,30.47,29.72,0.966,2.9875,34.4,32.02,0.095,18.02,1013.4,5.08,1,-1.0,-0.0,-0.866,-0.5,0.428,0.111,0.0447,33.05,26.7,0
40.74,19.09,26.61,303.6,0.0,0.0,0.0,40.83,19.09,2.134,6.2059,55.68,40.74,0.0,14.3,1005.3,11.39,1,-0.0,1.0,0.2588,0.9659,0.008,0.0,0.0,100.0,180.0,0
18.64,82.37,10.67,316.6,2.13,10.69,44.02,19.08,84.3,0.226,0.3787,17.27,17.12,0.445,11.6,1024.6,0.87,1,1.0,0.0,0.2588,0.9659,0.139,0.255,0.0079,65.02,155.2,0
10.8,76.42,1.79,155.8,0.27,30.18,10.14,9.1,85.71,0.141,0.3056,9.01,10.6,0.235,7.41,1019.6,2.54,0,-0.5,0.866,0.7071,0.7071,0.471,0.13,0.0085,90.95,138.5,0
29.61,39.24,12.93,183.2,0.02,6.65,1.02,29.6,43.47,0.755,2.5212,33.5,31.35,0.159,15.27,1008.1,3.35,1,-0.5,-0.866,0.2588,-0.9659,0.31,0.356,0.0812,13.32,60.4,0
32.72,46.85,13.26,37.0,0.28,0.13,3.01,33.84,45.79,0.698,2.6312,36.72,36.16,0.157,19.65,1010.9,4.15,1,0.0,-1.0,0.5,-0.866,0.449,0.253,0.0777,19.24,28.9,1
40.21,77.16,9.73,9.6,0.0,0.0,0.0,40.24,77.16,0.521,1.7035,47.4,40.21,0.0,16.23,1020.0,9.13,1,1.0,0.0,-0.866,0.5,0.026,0.0,0.0,100.0,180.0,0
7.28,93.97,8.03,178.1,1.08,1.52,0.65,4.5,98.21,0.077,0.0615,8.18,6.76,0.344,0.13,1014.4,2.5,0,-0.866,0.5,-0.7071,0.7071,0.523,0.19,0.0076,81.9,140.3,0
37.57,24.25,18.64,257.1,0.0,0.12,0.13,39.15,24.52,1.55,4.903,45.36,47.33,0.025,16.35,1009.0,10.18,1,-0.5,-0.866,-0.2588,-0.9659,0.488,0.93,0.6748,8.07,15.9,1
12.35,60.22,12.56,144.9,0.62,2.23,13.62,9.75,64.54,0.205,0.5708,10.76,13.51,0.409,7.26,1016.3,0.99,0,0.5,0.866,-0.7071,0.7071,0.38,0.177,0.0135,60.53,94.7,0
36.51,14.3,27.97,221.4,0.0,0.14,0.23,37.16,18.79,2.553,5.2344,45.28,46.33,0.07,11.66,997.0,8.47,1,-0.5,-0.866,-0.5,-0.866,0.748,0.772,1.3784,9.21,1.4,1
33.32,16.82,33.33,51.1,0.0,0.06,0.24,36.1,20.14,1.981,4.2591,40.16,40.73,0.048,7.91,997.8,10.27,1,-0.5,-0.866,-0.866,-0.5,0.508,0.832,0.7908,4.89,13.3,1
36.24,48.11,15.68,234.6,0.0,0.0,0.0,38.78,48.11,0.753,3.1237,48.94,36.24,0.01,8.92,1010.3,7.29,0,-1.0,-0.0,0.866,-0.5,0.01,0.0,0.0,100.0,180.0,0
13.9,47.18,8.21,333.0,7.02,1.32,1.58,14.06,47.69,0.295,0.8391,15.8,14.62,0.32,8.12,1013.7,0.57,1,0.866,-0.5,0.866,0.5,0.319,0.099,0.0091,124.94,147.6,0
16.2,85.86,9.12,22.8,2.77,5.75,5.61,16.71,86.08,0.189,0.2605,15.74,18.06,0.244,11.7,1023.1,2.99,1,-0.866,0.5,0.866,0.5,0.352,0.292,0.0192,82.71,106.4,0
18.54,89.53,13.33,220.9,0.7,6.11,0.38,15.97,94.47,0.207,0.2236,20.5,16.66,0.323,11.53,1024.4,0.43,0,1.0,0.0,0.0,-1.0,0.295,0.139,0.0084,81.39,107.6,0
39.24,20.04,31.06,229.0,0.0,0.18,0.33,39.6,21.75,1.958,5.6631,51.57,43.27,0.033,11.54,997.4,10.98,1,-0.866,-0.5,0.0,-1.0,0.65,0.902,1.0937,4.61,7.0,1
38.9,12.66,36.27,294.9,0.0,0.05,0.44,41.17,13.52,3.073,6.0733,49.66,48.14,0.027,10.78,997.9,6.72,1,-0.866,-0.5,-0.9659,-0.2588,0.527,0.633,0.9507,5.22,0.0,1
42.14,18.14,25.43,17.3,0.0,0.11,0.94,42.95,19.7,2.323,6.7606,51.33,48.46,0.076,19.3,1004.0,8.71,1,-0.866,-0.5,0.0,-1.0,0.372,0.346,0.2837,6.74,12.3,1
43.69,8.3,39.18,234.8,0.0,0.05,0.24,45.5,8.87,5.262,8.2131,56.49,52.5,0.078,22.95,1002.9,9.53,1,-0.5,-0.866,-0.7071,-0.7071,0.605,0.363,1.0313,2.71,15.0,1
41.96,14.78,18.66,323.9,0.0,0.03,0.0,44.43,14.9,2.838,6.9712,50.18,46.66,0.036,12.63,997.7,9.71,1,-0.866,-0.5,-0.2588,-0.9659,0.539,0.669,0.9579,5.95,21.7,1
32.84,41.41,12.91,284.2,1.04,0.36,2.9,33.79,45.39,0.793,2.92,36.08,36.02,0.171,14.95,1014.0,4.2,1,-0.5,-0.866,-1.0,-0.0,0.201,0.144,0.0224,13.04,47.6,1
13.77,86.97,11.38,18.7,2.97,3.15,24.27,14.27,92.74,0.158,0.2051,12.39,13.8,0.281,8.45,1014.0,1.18,0,-0.0,1.0,0.9659,-0.2588,0.388,0.021,0.0013,72.44,105.5,0
31.06,69.03,7.7,249.7,0.0,0.0,0.0,31.45,69.03,0.45,1.3958,37.59,31.06,0.0,18.07,1008.4,1.16,1,-0.866,-0.5,-0.866,0.5,0.005,0.0,0.0,100.0,180.0,0
32.42,48.31,14.34,183.8,1.0,1.27,4.68,33.54,48.14,0.671,2.5171,36.89,33.72,0.163,16.67,1011.3,3.57,1,0.0,-1.0,-0.2588,-0.9659,0.465,0.349,0.1066,21.57,40.0,1
30.73,34.24,16.35,359.2,0.24,1.12,2.49,30.38,38.46,0.897,2.9084,34.07,32.31,0.174,15.11,1010.1,5.3,1,-0.866,-0.5,-0.7071,-0.7071,0.259,0.113,0.0255,27.5,24.5,0
19.13,64.51,5.47,334.8,0.27,2.61,25.18,18.69,65.45,0.297,0.7861,18.12,19.01,0.276,12.07,1016.0,2.26,1,-0.866,0.5,-0.5,-0.866,0.224,0.119,0.0078,138.87,114.7,0
39.74,12.12,35.68,73.5,0.0,0.05,0.37,40.44,16.66,3.278,6.3905,47.14,44.66,0.049,11.7,1002.4,8.65,1,-0.866,-0.5,-0.9659,-0.2588,0.7,0.467,0.99,5.89,21.7,1
29.91,39.29,18.31,310.3,1.59,1.29,3.69,28.95,39.62,0.761,2.5624,33.41,33.32,0.131,13.32,1011.3,4.51,1,-0.5,-0.866,-0.866,-0.5,0.399,0.367,0.1087,11.76,20.4,0
30.41,48.14,21.15,276.7,0.21,1.18,5.9,32.06,49.77,0.632,2.2526,31.99,32.38,0.095,15.54,1014.9,3.12,1,-0.5,-0.866,-1.0,-0.0,0.299,0.322,0.0596,31.46,33.7,0
28.76,40.61,16.5,320.3,0.28,1.19,3.67,29.6,46.93,0.708,2.3468,30.02,32.63,0.131,18.59,1011.5,4.68,0,-0.5,-0.866,0.7071,-0.7071,0.473,0.199,0.065,11.15,56.3,0
46.61,87.95,12.38,278.6,0.0,0.0,0.0,49.53,87.95,0.53,1.2535,60.07,46.61,0.01,13.51,1019.0,4.15,1,0.866,-0.5,-0.5,0.866,0.037,0.0,0.0,100.0,180.0,0
29.97,11.18,21.12,190.1,0.0,0.0,0.0,30.93,11.18,2.681,3.7613,42.39,29.97,0.0,8.99,1016.4,11.66,0,0.0,-1.0,0.0,-1.0,0.018,0.0,0.0,100.0,180.0,0
7.56,92.86,12.13,342.9,0.79,3.97,3.78,6.23,96.1,0.081,0.0743,8.31,8.34,0.364,0.04,1013.1,2.54,0,0.866,-0.5,-0.866,-0.5,0.599,0.223,0.0107,74.51,97.5,0
33.03,44.37,19.0,342.5,1.98,1.11,0.38,33.78,43.88,0.745,2.8032,37.29,35.56,0.109,22.73,1010.6,3.68,0,-0.866,-0.5,0.5,-0.866,0.389,0.31,0.0878,11.04,48.6,0
32.84,44.46,20.45,339.5,0.34,3.88,2.02,32.38,49.31,0.739,2.7686,37.33,33.93,0.134,16.04,1016.9,3.58,1,0.0,-1.0,-0.7071,-0.7071,0.479,0.372,0.1287,24.55,56.3,0
30.49,38.06,10.38,337.3,0.57,0.18,6.05,31.59,38.02,0.801,2.7024,33.07,30.97,0.111,12.53,1014.1,5.29,1,-0.866,-0.5,0.5,-0.866,0.215,0.306,0.0514,32.31,62.4,1
12.12,82.24,7.17,144.6,1.77,11.01,54.21,10.5,86.5,0.147,0.251,12.11,13.71,0.415,8.47,1019.0,2.15,1,0.866,0.5,0.0,-1.0,0.149,0.289,0.0063,148.61,96.6,0
10.19,88.06,11.99,103.0,1.52,0.71,18.31,10.78,90.39,0.116,0.1485,11.51,10.71,0.192,3.99,1014.6,1.38,1,0.866,-0.5,-0.7071,0.7071,0.103,0.041,0.0005,110.5,125.8,0
38.87,13.69,36.76,264.8,0.0,0.3,0.11,40.95,18.48,2.839,5.993,50.61,46.15,0.014,18.01,1003.2,6.34,1,-0.866,-0.5,-0.2588,-0.9659,0.633,0.518,0.8676,2.2,2.0,1
29.35,44.76,17.58,152.7,0.47,0.46,2.54,31.02,50.33,0.656,2.2575,31.9,31.5,0.115,15.75,1012.4,5.16,0,-0.866,-0.5,0.0,-1.0,0.358,0.428,0.0982,12.75,48.2,0
50.92,60.18,7.57,232.0,0.0,0.0,0.0,50.93,60.18,0.846,5.1408,51.48,50.92,0.0,30.3,1006.9,7.55,1,-0.0,1.0,-0.5,0.866,0.012,0.0,0.0,100.0,180.0,0
38.14,9.45,35.78,24.4,0.0,0.31,0.14,41.05,10.36,4.035,6.0434,48.04,41.32,0.022,13.98,1003.4,10.25,1,-0.866,-0.5,-0.866,-0.5,0.444,0.935,1.5168,3.68,1.8,1
31.96,60.86,12.44,91.5,0.0,0.0,0.0,33.67,60.86,0.525,1.8565,36.7,31.96,0.0,19.17,1008.1,12.4,1,0.5,0.866,0.9659,-0.2588,0.006,0.0,0.0,100.0,180.0,0
31.34,35.78,11.76,11.6,0.08,0.69,12.33,32.22,38.39,0.876,2.9416,33.49,32.94,0.122,17.39,1011.3,4.49,1,-1.0,-0.0,0.5,-0.866,0.268,0.476,0.1089,32.8,34.7,0
38.51,24.37,16.15,296.1,0.0,0.06,0.13,39.72,24.71,1.58,5.1498,45.75,46.03,0.072,16.17,1001.8,9.09,1,-0.866,-0.5,-0.7071,-0.7071,0.734,0.53,0.5903,5.07,3.4,1
7.93,68.44,6.06,97.2,0.36,7.85,30.76,6.68,66.79,0.116,0.3369,6.94,9.31,0.389,4.78,1013.8,0.12,0,0.866,0.5,0.2588,-0.9659,0.136,0.042,0.0006,128.18,131.3,0
29.84,30.1,21.79,184.0,0.43,5.65,1.04,29.99,37.66,0.991,2.9391,32.29,30.79,0.111,18.55,1017.1,3.85,1,0.0,-1.0,0.2588,-0.9659,0.429,0.147,0.0604,33.22,39.5,0
27.27,66.46,16.32,90.7,0.0,0.0,0.0,28.18,66.46,0.41,1.2148,33.45,27.27,0.01,10.21,1016.9,13.35,1,-0.5,-0.866,-0.2588,0.9659,0.012,0.0,0.0,100.0,180.0,0
12.15,54.73,4.63,70.3,1.62,9.04,28.88,12.62,57.58,0.222,0.6414,12.0,13.21,0.241,11.09,1012.4,0.88,0,1.0,0.0,-0.9659,0.2588,0.108,0.22,0.0052,53.59,102.7,0
18.63,77.36,7.52,26.8,1.6,13.97,26.67,17.15,83.29,0.241,0.4861,20.21,20.37,0.345,16.74,1015.3,0.79,1,0.866,0.5,0.7071,0.7071,0.181,0.292,0.0126,120.85,156.4,0
33.8,32.46,18.82,318.9,0.02,1.69,1.32,35.37,39.34,1.041,3.5533,35.29,37.04,0.167,16.71,1009.0,4.81,1,-0.866,-0.5,-0.866,-0.5,0.214,0.285,0.0616,18.62,51.3,0
27.75,62.34,29.21,280.7,0.0,0.0,0.0,29.63,62.34,0.445,1.4029,33.26,27.75,0.0,1.81,1014.7,10.58,0,-0.0,1.0,-0.9659,-0.2588,0.008,0.0,0.0,100.0,180.0,0
11.11,59.3,13.67,310.2,6.63,5.23,29.67,10.95,67.51,0.187,0.5381,10.13,9.9,0.365,6.68,1023.3,2.72,0,0.5,-0.866,-0.7071,0.7071,0.485,0.113,0.0101,52.98,139.5,0
36.37,10.84,29.61,119.3,0.0,0.05,0.01,38.19,10.89,3.355,5.4058,41.87,45.79,0.037,10.19,999.7,6.11,1,-0.5,-0.866,-0.2588,-0.9659,0.61,0.689,1.2905,4.4,24.3,1
10.65,81.52,11.65,333.0,2.29,2.79,2.71,9.6,89.49,0.131,0.237,11.42,9.74,0.303,9.49,1018.1,1.59,0,-0.0,1.0,0.7071,0.7071,0.23,0.157,0.0047,111.29,124.5,0
40.44,8.5,31.44,51.2,0.0,0.16,0.12,42.14,13.44,4.76,6.9099,50.43,49.12,0.077,14.63,997.9,6.95,1,-0.5,-0.866,-0.866,-0.5,0.675,0.767,2.205,9.91,20.6,1
31.06,47.0,20.76,57.7,0.38,0.28,0.67,32.14,49.21,0.661,2.389,34.23,34.04,0.129,17.6,1009.4,5.59,0,0.0,-1.0,0.0,-1.0,0.444,0.268,0.077,33.62,52.3,0
33.75,35.57,18.72,201.3,0.21,1.95,2.0,33.75,41.3,0.949,3.3794,38.2,35.38,0.13,16.15,1016.0,4.0,0,0.0,-1.0,0.0,-1.0,0.211,0.319,0.062,25.14,68.2,0
44.19,11.8,38.42,177.7,0.0,0.13,0.74,44.4,13.09,3.744,8.1064,58.46,52.17,0.069,20.11,998.6,6.18,1,-0.866,-0.5,-0.2588,-0.9659,0.751,0.607,1.5754,5.32,14.9,1
28.26,49.15,11.14,106.3,1.6,1.71,0.11,29.77,54.65,0.575,1.9511,32.54,28.54,0.154,14.67,1013.3,5.08,1,0.0,-1.0,-0.2588,-0.9659,0.307,0.379,0.0657,15.61,61.9,0
37.47,39.92,26.87,84.1,0.0,0.0,0.0,39.7,39.92,0.939,3.868,49.74,37.47,0.0,5.82,1011.6,5.03,0,0.866,0.5,0.866,-0.5,0.029,0.0,0.0,100.0,180.0,0
6.82,82.97,4.45,77.3,0.98,6.16,12.71,6.52,90.54,0.082,0.1685,7.5,6.79,0.357,4.14,1013.2,2.73,0,-0.5,0.866,0.7071,0.7071,0.354,0.187,0.0054,122.24,98.5,0
30.7,46.57,12.05,150.0,0.07,0.03,0.78,31.36,52.6,0.659,2.36,35.48,31.94,0.149,13.53,1017.6,4.56,1,-0.5,-0.866,-0.9659,-0.2588,0.415,0.354,0.0947,33.61,59.2,1
30.68,89.03,12.82,218.0,0.0,0.0,0.0,32.85,89.03,0.345,0.484,42.35,30.68,0.01,15.36,1007.3,14.14,1,0.5,-0.866,0.5,0.866,0.035,0.0,0.0,100.0,180.0,0
29.14,40.71,13.45,91.4,2.48,0.32,1.78,29.95,42.64,0.716,2.3939,30.68,32.82,0.093,13.6,1017.1,5.71,1,0.0,-1.0,-0.866,-0.5,0.425,0.19,0.0565,14.62,51.1,1
36.03,25.09,14.31,95.9,0.0,0.0,0.0,38.32,25.09,1.436,4.4585,48.69,36.03,0.01,10.58,1007.0,7.5,0,-0.0,1.0,0.2588,-0.9659,0.002,0.0,0.0,100.0,180.0,0
42.64,22.12,30.79,319.0,0.0,0.0,0.27,43.66,25.73,1.928,6.6043,50.92,51.3,0.056,21.75,995.6,10.08,1,-0.5,-0.866,-0.866,-0.5,0.41,0.308,0.2329,3.32,12.2,1
32.57,30.16,14.16,222.7,0.11,3.44,2.83,32.77,35.34,1.08,3.4298,35.54,33.52,0.115,17.81,1011.5,5.41,0,-1.0,-0.0,-0.2588,-0.9659,0.47,0.284,0.1395,19.13,64.3,1
30.38,35.98,22.14,54.6,0.0,0.0,0.0,31.89,35.98,0.844,2.7765,37.43,30.38,0.0,-1.05,1008.7,3.08,1,-0.866,-0.5,-1.0,-0.0,0.003,0.0,0.0,100.0,180.0,0
37.36,89.85,4.37,353.8,0.0,0.0,0.0,40.08,89.85,0.416,0.6493,46.83,37.36,0.0,22.77,1009.7,9.69,1,0.866,-0.5,1.0,0.0,0.014,0.0,0.0,100.0,180.0,0
28.19,39.9,10.97,220.8,0.06,8.8,1.66,29.89,43.9,0.706,2.2963,31.13,30.97,0.119,13.68,1014.3,5.65,1,-1.0,-0.0,-1.0,-0.0,0.285,0.227,0.0445,20.94,43.5,1
43.86,32.14,22.07,303.2,0.0,0.0,0.0,44.43,32.14,1.364,6.1299,52.78,43.86,0.01,22.21,1013.3,3.85,0,0.5,0.866,0.2588,0.9659,0.022,0.0,0.0,100.0,180.0,0
33.97,47.29,12.48,238.2,0.36,0.43,0.46,33.81,55.15,0.718,2.7983,38.69,34.18,0.174,19.91,1009.1,5.54,0,0.0,-1.0,0.2588,-0.9659,0.5,0.482,0.1693,12.79,47.8,0
39.47,20.42,16.81,148.5,0.0,0.13,0.05,40.26,23.01,1.933,5.7058,47.86,46.98,0.057,16.56,1009.2,8.47,1,-0.5,-0.866,-0.9659,-0.2588,0.462,0.692,0.589,6.87,10.4,1
32.85,32.09,19.88,211.9,0.01,0.73,1.29,32.1,30.12,1.024,3.3874,37.73,36.47,0.103,20.14,1010.2,4.09,1,-0.5,-0.866,-0.7071,-0.7071,0.238,0.403,0.0951,29.89,27.5,0
33.99,14.22,15.83,286.4,0.0,0.0,0.0,34.86,14.22,2.389,4.5595,37.11,33.99,0.0,0.42,1006.5,13.62,0,0.5,-0.866,-0.7071,-0.7071,0.014,0.0,0.0,100.0,180.0,0
51.76,12.95,14.46,65.3,0.0,0.0,0.0,54.6,12.95,3.995,11.7105,57.3,51.76,0.01,26.28,1009.2,10.8,1,-0.0,1.0,-0.7071,0.7071,0.018,0.0,0.0,100.0,180.0,0
46.92,53.82,20.21,240.4,0.0,0.0,0.0,47.99,53.82,0.872,4.881,61.18,46.92,0.0,13.08,1011.4,3.97,1,0.5,-0.866,-1.0,-0.0,0.025,0.0,0.0,100.0,180.0,0
33.19,44.73,10.23,131.1,0.11,0.29,1.4,32.86,42.87,0.742,2.8098,38.04,34.53,0.102,19.47,1010.1,5.31,0,-0.5,-0.866,-0.9659,0.2588,0.241,0.192,0.0336,12.34,68.6,0
33.83,16.09,28.55,117.0,0.0,0.11,0.24,35.03,20.39,2.102,4.4216,46.52,43.22,0.068,9.12,995.6,7.17,1,-0.5,-0.866,-0.2588,-0.9659,0.354,0.767,0.5375,1.86,22.3,1
37.31,22.65,41.12,59.3,0.0,0.13,0.2,39.29,27.4,1.647,4.937,51.52,40.71,0.031,11.53,1004.2,8.69,1,-0.5,-0.866,-0.7071,-0.7071,0.843,0.732,0.9743,9.0,15.8,1
36.74,18.09,18.94,43.7,0.0,0.03,0.11,38.2,19.35,2.031,5.0673,51.22,42.18,0.017,7.75,1005.0,10.99,1,-0.5,-0.866,-0.7071,-0.7071,0.628,0.911,1.1012,7.54,16.5,1
33.74,48.74,16.79,272.7,0.34,0.04,1.36,34.74,52.83,0.692,2.6879,35.93,35.09,0.109,20.96,1011.9,4.86,0,-1.0,-0.0,0.0,-1.0,0.295,0.173,0.0348,16.65,60.9,0
30.54,40.82,19.34,327.2,0.01,0.55,3.0,31.1,45.22,0.748,2.5895,33.44,32.49,0.118,16.7,1015.4,5.21,0,-0.866,-0.5,0.0,-1.0,0.323,0.307,0.0723,12.74,44.1,0
32.54,45.6,10.96,100.6,0.43,0.07,1.54,32.79,45.1,0.713,2.6658,33.61,35.33,0.164,20.51,1013.9,3.05,0,-0.5,-0.866,-0.9659,-0.2588,0.367,0.419,0.1074,17.44,56.5,0
9.03,54.89,8.95,239.7,1.24,1.26,26.88,8.72,54.71,0.165,0.519,8.35,7.62,0.187,5.08,1024.2,0.15,0,0.5,-0.866,-0.5,0.866,0.418,0.018,0.0012,86.88,83.4,0
29.18,41.36,21.25,10.1,0.81,5.43,6.89,31.07,46.76,0.706,2.3736,32.13,29.99,0.136,12.84,1016.0,4.52,1,0.0,-1.0,0.7071,-0.7071,0.259,0.263,0.047,25.82,68.8,0
34.87,10.05,29.66,125.9,0.0,0.11,0.17,35.53,10.59,3.47,5.0218,48.08,40.31,0.021,9.64,1009.0,6.69,1,-0.5,-0.866,-0.9659,-0.2588,0.672,0.348,0.7375,1.26,2.0,1
12.08,51.94,14.43,288.9,3.57,13.77,33.56,9.14,50.32,0.233,0.6776,11.53,11.06,0.264,9.04,1020.0,0.43,0,-0.0,1.0,0.866,-0.5,0.392,0.147,0.0132,138.01,165.3,0
32.11,39.79,13.67,301.4,0.83,0.98,0.2,31.21,44.63,0.807,2.8803,35.44,34.5,0.18,17.62,1009.7,5.19,1,0.0,-1.0,0.5,-0.866,0.401,0.199,0.063,23.56,56.5,0
28.22,48.17,10.38,40.2,0.0,0.79,0.25,27.74,47.31,0.586,1.9843,31.5,32.19,0.113,14.52,1009.3,3.73,1,-0.866,-0.5,-0.866,-0.5,0.457,0.264,0.0694,19.57,57.7,0
32.55,47.04,12.33,260.6,0.22,1.61,4.61,32.22,46.27,0.692,2.5979,36.94,35.92,0.132,18.79,1013.7,3.02,1,0.0,-1.0,0.0,-1.0,0.265,0.388,0.0698,11.67,43.9,1
12.8,78.98,8.7,177.5,5.24,1.08,1.08,13.46,80.65,0.162,0.3106,14.07,12.35,0.183,8.18,1014.7,1.67,0,0.866,-0.5,0.2588,0.9659,0.473,0.167,0.0126,121.97,178.8,0
29.25,47.52,12.34,328.9,0.03,0.68,2.73,30.32,54.32,0.616,2.1326,31.69,30.02,0.137,13.78,1012.1,4.39,0,-0.866,-0.5,-0.9659,0.2588,0.49,0.398,0.1175,10.51,56.4,1
43.35,18.78,38.61,242.3,0.0,0.05,0.44,45.97,20.46,2.308,7.1455,53.19,48.37,0.015,22.38,1000.0,9.48,1,-0.866,-0.5,0.0,-1.0,0.478,0.921,0.9654,2.73,14.3,1
44.64,9.48,38.9,102.9,0.0,0.03,0.05,46.94,11.37,4.709,8.5125,59.45,49.66,0.046,23.75,1007.8,7.82,1,-0.866,-0.5,-0.2588,-0.9659,0.459,0.776,1.519,4.14,23.2,1
32.24,46.23,16.81,82.9,0.01,1.21,3.88,32.03,53.43,0.697,2.5914,35.52,36.05,0.158,22.05,1012.9,4.19,0,0.0,-1.0,-0.9659,0.2588,0.335,0.115,0.0264,28.47,30.2,0
40.1,10.95,23.86,32.0,0.0,0.0,0.0,41.9,10.95,3.66,6.6022,41.44,40.1,0.01,22.45,1010.6,0.89,1,-0.5,0.866,-0.7071,-0.7071,0.026,0.0,0.0,100.0,180.0,0
49.11,7.25,27.85,289.4,0.0,0.0,0.0,49.42,7.25,6.773,10.9447,55.86,49.11,0.01,20.08,1009.2,6.92,0,0.5,-0.866,0.5,-0.866,0.018,0.0,0.0,100.0,180.0,0
33.36,32.4,18.35,47.3,0.03,3.48,0.55,32.43,38.88,1.029,3.4685,35.57,36.26,0.117,18.24,1009.3,3.65,1,-0.5,-0.866,-0.866,-0.5,0.278,0.323,0.0899,10.5,69.5,0
32.18,31.58,13.73,321.0,0.1,0.39,2.07,33.99,30.25,1.019,3.2856,33.46,34.88,0.123,17.39,1013.3,4.4,1,-0.866,-0.5,0.0,-1.0,0.404,0.259,0.1036,16.33,31.5,0
28.19,34.46,12.09,148.7,1.07,3.22,0.01,29.04,41.84,0.818,2.5056,32.18,29.69,0.157,15.9,1015.1,3.94,1,-0.5,-0.866,-0.5,-0.866,0.446,0.477,0.1692,24.69,64.4,0
51.77,61.92,28.18,151.3,0.0,0.0,0.0,54.2,61.92,0.836,5.1253,57.54,51.77,0.0,18.87,1006.2,2.74,0,1.0,0.0,0.2588,-0.9659,0.007,0.0,0.0,100.0,180.0,0
33.1,30.51,19.88,102.6,0.67,1.02,0.02,32.96,32.46,1.085,3.5148,36.05,33.75,0.092,15.74,1017.1,5.22,1,-0.866,-0.5,0.7071,-0.7071,0.213,0.215,0.0481,34.92,36.1,1
42.05,15.58,41.83,136.9,0.0,0.02,0.17,42.54,16.93,2.699,6.941,49.88,46.2,0.07,15.84,999.2,6.4,1,-0.5,-0.866,0.0,-1.0,0.502,0.316,0.4023,1.79,1.5,1
36.49,20.72,23.2,137.5,0.0,0.05,0.31,37.02,21.98,1.761,4.8392,43.49,41.74,0.016,9.24,1008.7,9.4,1,-0.5,-0.866,-0.2588,-0.9659,0.69,0.504,0.5838,3.67,14.6,1
32.2,39.59,14.58,133.5,0.12,0.81,1.3,33.29,46.68,0.813,2.9056,34.55,35.47,0.102,20.68,1014.5,4.57,1,-0.866,-0.5,-0.2588,-0.9659,0.311,0.428,0.1055,26.33,38.7,1
42.7,15.61,26.06,236.3,0.0,0.05,0.06,44.16,17.18,2.736,7.178,48.58,50.88,0.026,19.32,1002.1,8.73,1,-0.5,-0.866,-0.7071,-0.7071,0.767,0.905,1.7854,5.17,24.5,1
41.85,48.6,2.26,103.4,0.0,0.0,0.0,42.21,48.6,0.861,4.1817,48.4,41.85,0.01,29.88,1019.7,6.55,0,-0.5,-0.866,-0.7071,0.7071,0.009,0.0,0.0,100.0,180.0,0
43.06,19.14,35.76,296.6,0.0,0.05,0.04,45.44,20.24,2.25,7.0077,48.61,47.78,0.015,18.96,1008.5,6.39,1,-0.5,-0.866,0.0,-1.0,0.652,0.572,0.7973,4.28,8.3,1
33.03,30.31,13.88,325.0,0.22,0.79,6.06,34.65,37.85,1.09,3.5121,34.41,36.71,0.136,17.87,1012.2,4.12,1,0.0,-1.0,0.0,-1.0,0.467,0.467,0.2303,18.17,64.5,1
43.45,61.2,18.75,215.0,0.0,0.0,0.0,44.91,61.2,0.71,3.4314,51.63,43.45,0.01,29.8,1016.8,1.02,0,0.866,0.5,0.5,-0.866,0.001,0.0,0.0,100.0,180.0,0
39.09,80.16,18.34,195.4,0.0,0.0,0.0,41.58,80.16,0.488,1.3939,43.93,39.09,0.0,6.82,1006.3,8.06,0,-0.5,-0.866,-0.2588,0.9659,0.004,0.0,0.0,100.0,180.0,0
35.97,16.42,20.84,132.9,0.0,0.09,0.09,36.94,18.16,2.191,4.9568,46.68,40.45,0.072,9.71,998.1,8.92,1,-0.866,-0.5,-0.7071,-0.7071,0.606,0.51,0.6373,5.19,6.7,1
20.14,65.56,13.2,251.0,1.37,9.13,39.93,17.65,68.71,0.307,0.812,20.17,18.73,0.435,19.01,1014.4,1.91,0,0.5,0.866,-0.7071,0.7071,0.372,0.25,0.0281,54.69,112.3,0
43.18,39.83,27.59,272.9,0.0,0.0,0.0,45.94,39.83,1.084,5.2485,47.51,43.18,0.0,27.27,1007.9,7.73,1,0.5,0.866,-0.866,0.5,0.037,0.0,0.0,100.0,180.0,0
44.14,15.05,20.31,260.2,0.0,0.04,0.04,46.11,19.94,2.933,7.7869,55.16,49.06,0.052,22.2,1005.6,6.6,1,-0.5,-0.866,-0.866,-0.5,0.718,0.815,1.6076,5.91,24.0,1
29.08,38.62,14.74,293.4,1.75,0.2,9.91,29.67,38.41,0.753,2.4698,32.08,31.7,0.091,12.99,1009.5,5.84,0,-0.866,-0.5,-0.7071,-0.7071,0.431,0.244,0.0774,32.0,29.7,1
10.71,84.75,3.04,50.1,1.07,9.96,15.82,8.02,85.65,0.126,0.1964,11.38,10.7,0.241,7.2,1014.2,2.6,1,-0.866,0.5,0.0,-1.0,0.123,0.282,0.0044,139.19,114.9,0
44.83,10.37,29.6,359.4,0.0,0.01,0.12,45.64,13.07,4.324,8.513,54.33,53.67,0.023,24.81,997.5,11.36,1,-0.5,-0.866,-0.9659,-0.2588,0.829,0.322,1.0536,1.48,7.5,1
19.72,91.49,8.58,19.9,2.68,24.17,31.3,20.3,98.94,0.216,0.1957,20.46,20.4,0.319,15.14,1017.7,2.88,0,0.5,0.866,0.0,1.0,0.433,0.206,0.019,52.74,132.9,0
32.46,42.31,11.0,110.2,1.25,0.61,8.14,34.31,44.01,0.767,2.8153,35.96,33.64,0.179,16.24,1012.3,4.57,0,0.0,-1.0,-0.7071,-0.7071,0.294,0.352,0.0774,15.46,56.1,1
37.09,81.88,29.65,159.0,0.0,0.0,0.0,39.31,81.88,0.453,1.1425,37.3,37.09,0.0,24.32,1006.0,10.57,1,1.0,0.0,0.2588,0.9659,0.017,0.0,0.0,100.0,180.0,0
13.2,49.88,8.91,112.4,0.95,4.43,12.51,11.04,58.43,0.265,0.7604,12.55,12.49,0.42,6.31,1019.2,2.48,0,0.866,-0.5,-0.2588,0.9659,0.204,0.259,0.0137,74.69,85.1,0
37.18,12.88,26.83,262.5,0.0,0.07,0.4,37.47,14.61,2.887,5.52,43.88,45.96,0.039,14.76,1005.8,6.68,1,-0.866,-0.5,-0.2588,-0.9659,0.807,0.787,1.7011,4.35,1.8,1
22.33,89.57,9.54,258.3,0.8,2.09,8.34,20.84,92.41,0.249,0.2814,23.76,22.13,0.351,20.4,1015.8,2.98,0,-0.5,0.866,-1.0,-0.0,0.474,0.103,0.0121,77.24,93.0,0
48.68,53.46,11.16,137.5,0.0,0.0,0.0,49.76,53.46,0.911,5.3769,60.4,48.68,0.0,17.5,1005.8,5.06,0,-1.0,-0.0,-0.5,0.866,0.007,0.0,0.0,100.0,180.0,0
41.78,15.55,28.1,305.3,0.0,0.0,0.0,44.42,15.55,2.688,6.8456,48.38,41.78,0.0,30.34,1012.5,2.99,0,-1.0,-0.0,-0.9659,0.2588,0.038,0.0,0.0,100.0,180.0,0
43.33,21.52,38.69,173.2,0.0,0.32,0.02,43.61,26.43,2.013,6.8973,50.6,46.9,0.031,22.43,1006.1,11.18,1,-0.866,-0.5,-0.866,-0.5,0.357,0.812,0.5582,9.35,22.2,1
44.62,47.89,22.25,320.7,0.0,0.0,0.0,45.19,47.89,0.932,4.8961,47.91,44.62,0.0,30.87,1010.2,3.57,1,0.5,-0.866,-1.0,-0.0,0.006,0.0,0.0,100.0,180.0,0
42.98,28.15,17.9,86.5,0.0,0.0,0.0,45.51,28.15,1.527,6.2008,48.2,42.98,0.01,24.27,1011.0,11.22,0,-0.0,1.0,0.866,-0.5,0.01,0.0,0.0,100.0,180.0,0
32.77,42.42,19.72,205.6,0.1,3.39,2.91,32.76,43.83,0.773,2.8597,34.57,36.54,0.108,20.31,1017.5,3.67,1,-1.0,-0.0,0.2588,-0.9659,0.362,0.297,0.0812,33.15,62.9,0
34.12,10.61,22.08,275.6,0.0,0.17,0.07,34.76,11.53,3.216,4.786,48.87,39.3,0.059,5.86,1004.7,9.93,1,-0.866,-0.5,-0.9659,-0.2588,0.382,0.904,1.0157,1.09,24.2,1
33.39,31.22,15.18,148.1,0.09,0.08,5.44,34.59,36.16,1.07,3.5369,36.06,33.82,0.156,22.27,1008.8,3.76,1,-0.5,-0.866,0.7071,-0.7071,0.261,0.185,0.05,14.63,27.2,0
33.97,34.5,20.03,95.8,1.12,0.52,3.13,34.26,39.73,0.985,3.479,35.18,35.56,0.126,16.2,1009.8,4.44,0,0.0,-1.0,-0.866,-0.5,0.5,0.238,0.114,20.85,45.7,0
32.79,40.43,14.76,251.9,0.59,2.73,6.32,33.79,44.51,0.811,2.9619,37.71,34.77,0.162,15.62,1008.9,3.21,0,-0.866,-0.5,0.5,-0.866,0.364,0.285,0.0822,33.61,48.6,0
30.42,47.55,20.05,246.0,0.12,0.02,0.58,31.48,55.06,0.64,2.2794,33.9,31.99,0.097,14.34,1016.5,3.52,1,-1.0,-0.0,-0.9659,-0.2588,0.328,0.365,0.0751,13.05,65.5,0
37.09,19.8,19.91,67.0,0.0,0.01,0.02,38.29,20.11,1.874,5.0579,51.87,40.37,0.052,13.54,1001.5,7.2,1,-0.866,-0.5,-0.2588,-0.9659,0.572,0.786,0.8028,7.25,5.3,1
39.38,8.45,29.38,191.9,0.0,0.37,1.17,40.51,11.02,4.659,6.5308,50.15,44.86,0.041,17.38,1007.5,11.93,1,-0.5,-0.866,0.0,-1.0,0.798,0.706,2.3481,8.11,7.3,1
33.05,40.07,19.48,86.5,0.86,0.64,3.23,34.52,47.78,0.825,3.0226,37.39,34.52,0.093,17.22,1009.7,4.02,1,-1.0,-0.0,0.7071,-0.7071,0.221,0.212,0.0378,26.05,22.4,1
25.78,80.22,17.76,72.6,0.0,0.0,0.0,27.52,80.22,0.321,0.6562,33.77,25.78,0.01,10.98,1015.9,14.28,1,-0.866,-0.5,0.0,-1.0,0.019,0.0,0.0,100.0,180.0,0
31.44,46.84,20.42,106.9,0.12,1.07,3.01,32.81,46.63,0.671,2.4483,34.82,31.98,0.148,18.21,1010.0,3.3,1,-1.0,-0.0,-0.9659,0.2588,0.204,0.244,0.0328,33.2,66.5,0
13.91,53.22,5.41,330.9,2.62,22.89,7.81,13.1,56.78,0.261,0.7435,13.36,13.76,0.282,8.77,1015.9,2.17,0,-0.0,1.0,-0.2588,0.9659,0.557,0.042,0.0061,58.19,107.2,0
36.65,9.04,17.47,106.4,0.0,0.05,0.26,38.32,9.25,4.055,5.5999,50.74,42.13,0.019,14.65,1003.5,7.52,1,-0.5,-0.866,-0.2588,-0.9659,0.475,0.597,1.0361,3.26,6.4,1
45.92,9.8,23.47,313.3,0.0,0.0,0.0,46.9,9.8,4.685,9.0613,46.91,45.92,0.0,18.72,1017.5,13.94,1,-0.0,1.0,-0.2588,-0.9659,0.006,0.0,0.0,100.0,180.0,0
34.36,21.56,15.58,244.3,0.0,0.07,0.02,34.67,22.51,1.594,4.2575,39.5,39.73,0.049,6.82,997.6,10.87,1,-0.866,-0.5,-0.9659,-0.2588,0.485,0.476,0.352,4.41,3.6,1
32.35,36.95,17.36,282.9,0.21,3.23,1.98,31.49,38.74,0.875,3.0567,33.78,32.56,0.129,16.03,1009.4,5.57,1,-0.866,-0.5,0.5,-0.866,0.365,0.335,0.104,23.41,35.9,0
28.07,77.85,10.75,0.2,0.0,0.0,0.0,28.89,77.85,0.361,0.8407,30.24,28.07,0.0,6.77,1018.5,1.85,1,1.0,0.0,-0.5,0.866,0.039,0.0,0.0,100.0,180.0,0
47.88,63.12,19.28,169.8,0.0,0.0,0.0,50.2,63.12,0.759,4.0924,49.01,47.88,0.01,18.39,1014.3,14.24,1,0.866,0.5,0.866,-0.5,0.039,0.0,0.0,100.0,180.0,0
23.53,64.66,6.4,63.7,0.33,1.15,31.16,21.19,66.32,0.364,1.0251,23.9,23.94,0.28,19.75,1014.9,0.38,1,0.866,0.5,0.2588,-0.9659,0.587,0.235,0.0495,127.29,111.8,0
30.81,47.18,21.33,333.4,0.86,0.18,3.17,31.67,53.04,0.653,2.3468,34.15,31.22,0.147,20.07,1009.4,3.5,1,-1.0,-0.0,-0.866,-0.5,0.373,0.326,0.0777,21.75,30.2,1
28.1,46.4,16.89,307.7,0.33,1.52,2.35,28.48,50.16,0.605,2.0371,29.12,32.05,0.13,12.86,1011.1,3.9,1,-1.0,-0.0,-1.0,-0.0,0.381,0.247,0.0557,17.29,48.9,0
35.93,23.64,43.95,93.7,0.0,0.33,0.44,36.18,25.6,1.52,4.5186,46.2,44.83,0.054,7.82,1000.5,8.44,1,-0.5,-0.866,-0.9659,-0.2588,0.698,0.836,0.8501,6.13,9.1,1
36.16,59.95,11.05,333.9,0.0,0.0,0.0,36.17,59.95,0.603,2.3995,51.04,36.16,0.01,23.2,1009.6,1.37,1,0.0,-1.0,1.0,0.0,0.029,0.0,0.0,100.0,180.0,0
24.86,51.96,8.67,102.8,0.57,0.53,20.6,25.06,61.13,0.478,1.5089,23.89,24.63,0.425,23.47,1014.8,0.09,0,-0.866,0.5,-0.866,0.5,0.458,0.236,0.0507,66.19,87.1,0
46.54,59.69,28.92,162.1,0.0,0.0,0.0,47.29,59.69,0.78,4.179,48.0,46.54,0.0,30.35,1019.8,11.21,1,-0.5,0.866,-1.0,-0.0,0.006,0.0,0.0,100.0,180.0,0
42.13,12.76,21.47,128.2,0.0,0.0,0.0,44.82,12.76,3.301,7.201,45.05,42.13,0.0,29.1,1013.5,14.48,1,0.866,-0.5,-0.9659,0.2588,0.026,0.0,0.0,100.0,180.0,0
6.64,57.79,3.58,288.4,0.01,3.15,19.13,5.67,59.98,0.115,0.4125,6.7,5.38,0.416,4.92,1019.7,0.42,1,0.866,-0.5,-0.7071,0.7071,0.367,0.248,0.0103,149.91,149.5,0
30.16,35.88,17.71,178.2,0.01,1.68,4.8,31.49,41.14,0.841,2.7459,34.03,31.43,0.112,19.34,1011.2,4.2,1,-0.5,-0.866,0.5,-0.866,0.272,0.337,0.0748,29.03,48.0,0
44.56,12.88,39.52,184.5,0.0,0.04,0.04,47.1,16.37,3.459,8.1601,52.61,51.68,0.064,22.73,1000.1,10.18,1,-0.5,-0.866,-0.5,-0.866,0.357,0.463,0.5304,3.52,0.5,1
32.36,36.53,14.58,26.0,0.22,0.57,2.83,32.13,42.45,0.886,3.0794,34.73,34.92,0.116,20.18,1013.7,4.6,1,-0.866,-0.5,0.7071,-0.7071,0.344,0.457,0.1354,30.54,36.0,0
34.13,49.86,12.02,47.6,0.0,0.0,0.0,34.93,49.86,0.685,2.6867,39.87,34.13,0.0,16.07,1015.8,6.13,1,1.0,0.0,0.866,0.5,0.007,0.0,0.0,100.0,180.0,0
30.78,31.46,19.62,307.5,0.06,1.6,1.4,31.78,38.36,0.979,3.0414,34.64,32.31,0.117,15.88,1009.8,3.41,0,-0.866,-0.5,-0.9659,-0.2588,0.453,0.405,0.1741,14.22,26.9,0
35.98,71.2,25.46,171.3,0.0,0.0,0.0,37.12,71.2,0.505,1.7092,41.29,35.98,0.0,25.09,1015.6,3.09,0,1.0,0.0,-0.2588,0.9659,0.025,0.0,0.0,100.0,180.0,0
7.78,73.58,12.98,150.9,3.05,20.44,2.31,7.74,74.28,0.106,0.2792,6.75,7.15,0.262,5.26,1020.4,1.86,0,-0.5,0.866,0.7071,0.7071,0.543,0.216,0.0123,109.42,138.6,0
30.51,41.17,21.63,186.4,0.03,0.12,1.55,31.21,44.84,0.741,2.5696,32.76,32.17,0.117,18.22,1016.5,5.78,0,0.0,-1.0,0.7071,-0.7071,0.232,0.103,0.0174,32.28,29.5,0
9.47,57.44,14.32,33.9,7.38,7.05,16.53,8.86,60.25,0.165,0.5044,10.41,10.36,0.319,5.54,1017.2,0.41,0,1.0,0.0,-0.5,-0.866,0.293,0.261,0.0124,143.18,156.5,0
48.78,33.55,22.03,131.1,0.0,0.0,0.0,50.45,33.55,1.454,7.7154,52.35,48.78,0.0,29.41,1019.8,11.7,1,0.0,-1.0,1.0,0.0,0.018,0.0,0.0,100.0,180.0,0
7.46,92.93,3.72,237.9,1.99,29.82,18.84,7.43,99.83,0.08,0.0731,8.67,6.32,0.384,1.33,1016.4,0.71,0,0.866,0.5,-0.2588,0.9659,0.535,0.179,0.0076,63.76,176.7,0
51.39,60.77,23.36,164.0,0.0,0.0,0.0,54.32,60.77,0.846,5.1839,58.56,51.39,0.01,28.64,1011.0,6.61,1,-0.0,1.0,-0.2588,-0.9659,0.01,0.0,0.0,100.0,180.0,0
19.96,85.64,1.94,9.0,1.96,7.64,16.6,17.68,84.05,0.233,0.335,18.0,21.56,0.304,13.45,1018.2,2.61,0,0.5,0.866,0.7071,-0.7071,0.175,0.284,0.0115,100.27,178.8,0
44.44,70.37,14.92,73.4,0.0,0.0,0.0,46.49,70.37,0.631,2.7581,47.78,44.44,0.01,12.33,1017.3,10.3,0,0.5,0.866,-0.7071,-0.7071,0.003,0.0,0.0,100.0,180.0,0
8.01,64.72,7.33,49.7,1.94,15.15,4.36,7.09,65.25,0.124,0.3788,9.34,7.14,0.285,1.45,1024.9,2.3,1,0.5,0.866,-0.5,-0.866,0.119,0.26,0.0038,89.15,113.0,0
37.41,10.58,42.37,42.6,0.0,0.16,0.12,37.77,10.88,3.537,5.7384,47.87,42.8,0.021,14.61,1005.6,11.27,1,-0.866,-0.5,0.0,-1.0,0.388,0.412,0.5166,2.48,11.1,1
9.6,63.47,5.56,285.7,3.36,5.29,14.28,8.65,69.54,0.151,0.4367,8.36,9.0,0.242,7.15,1024.9,1.69,0,-0.0,1.0,0.866,0.5,0.227,0.123,0.0041,136.5,166.6,0
32.3,39.08,13.22,272.9,0.01,0.03,4.69,32.27,43.88,0.826,2.9457,34.08,35.0,0.158,19.38,1011.1,3.69,1,0.0,-1.0,0.0,-1.0,0.216,0.339,0.059,27.65,60.1,0
41.18,16.78,10.1,276.7,0.0,0.0,0.0,41.33,16.78,2.453,6.5336,47.67,41.18,0.0,14.74,1016.5,1.7,1,-0.0,1.0,0.7071,-0.7071,0.033,0.0,0.0,100.0,180.0,0
33.08,49.21,16.52,295.8,0.07,0.91,2.22,32.3,56.73,0.672,2.5656,34.36,36.49,0.173,22.4,1010.5,4.59,1,0.0,-1.0,0.5,-0.866,0.237,0.173,0.027,22.9,32.8,0
40.19,71.05,3.71,14.8,0.0,0.0,0.0,42.87,71.05,0.566,2.157,52.59,40.19,0.01,26.46,1018.2,10.71,0,0.5,0.866,0.5,-0.866,0.033,0.0,0.0,100.0,180.0,0
38.47,24.87,17.76,274.4,0.0,0.0,0.0,40.47,24.87,1.547,5.105,42.9,38.47,0.01,8.86,1010.2,6.62,0,-0.5,0.866,-0.5,-0.866,0.039,0.0,0.0,100.0,180.0,0
33.31,10.62,34.09,127.9,0.0,0.39,0.0,36.1,12.79,3.135,4.5731,39.2,40.29,0.024,5.22,1000.5,7.55,1,-0.866,-0.5,-0.5,-0.866,0.748,0.321,0.6877,9.53,21.9,1
38.73,7.58,22.2,7.9,0.0,0.0,0.0,39.06,7.58,5.11,6.367,53.29,38.73,0.01,28.68,1009.0,6.59,1,0.5,0.866,0.9659,0.2588,0.038,0.0,0.0,100.0,180.0,0
36.8,23.27,32.12,340.5,0.0,0.01,0.02,39.62,27.29,1.582,4.7633,42.65,42.27,0.011,8.99,1004.1,10.16,1,-0.5,-0.866,-0.5,-0.866,0.755,0.69,0.7894,5.67,5.6,1
39.1,10.29,31.24,12.7,0.0,0.31,0.11,41.65,13.22,3.802,6.3069,47.18,45.55,0.073,16.08,1008.3,10.82,1,-0.5,-0.866,-0.866,-0.5,0.576,0.314,0.6272,4.14,4.8,1
22.91,52.48,10.98,199.5,1.97,5.05,13.0,23.36,57.71,0.437,1.3277,21.91,22.31,0.384,17.36,1017.7,1.62,0,0.5,0.866,1.0,0.0,0.188,0.095,0.0077,84.6,113.1,0
18.73,73.53,5.21,86.2,1.84,5.82,42.16,17.91,83.12,0.255,0.5719,18.14,17.94,0.185,16.47,1023.6,0.63,1,0.866,0.5,0.0,-1.0,0.501,0.285,0.0359,92.34,87.0,0
10.88,68.93,14.51,292.0,0.32,9.77,42.96,9.01,77.41,0.158,0.4046,11.97,10.39,0.203,3.51,1018.1,1.65,0,0.5,-0.866,0.866,-0.5,0.186,0.085,0.0025,58.88,175.7,0
33.91,19.69,34.1,133.6,0.0,0.01,0.12,34.3,24.07,1.722,4.2503,43.37,40.88,0.043,7.98,1000.1,11.85,1,-0.5,-0.866,-0.9659,-0.2588,0.453,0.78,0.5795,8.1,17.4,1
30.71,41.75,10.36,138.3,0.14,1.59,0.36,30.25,39.86,0.736,2.5744,35.6,33.12,0.12,14.67,1008.1,3.85,1,-0.5,-0.866,0.0,-1.0,0.328,0.207,0.0488,33.08,39.8,0
17.99,64.43,13.31,95.6,0.01,20.8,23.42,15.52,65.49,0.279,0.7335,16.07,16.94,0.198,10.48,1019.3,0.41,0,-0.866,0.5,0.0,1.0,0.337,0.266,0.0246,68.39,155.8,0
33.96,60.65,20.81,29.0,0.0,0.0,0.0,35.65,60.65,0.56,2.0884,43.37,33.96,0.0,5.67,1014.4,13.82,1,0.0,-1.0,-0.5,-0.866,0.032,0.0,0.0,100.0,180.0,0
42.92,20.45,25.65,15.1,0.0,0.32,0.08,43.38,22.3,2.099,6.8432,55.09,51.63,0.071,15.25,1008.6,8.26,1,-0.866,-0.5,-0.9659,-0.2588,0.671,0.786,1.055,9.53,16.6,1
31.37,33.19,16.52,325.4,1.28,1.0,2.92,30.56,31.64,0.945,3.0652,33.67,32.8,0.105,20.57,1008.8,4.81,1,0.0,-1.0,-1.0,-0.0,0.334,0.487,0.1493,28.4,35.0,0
17.14,65.18,9.05,303.0,0.08,0.33,3.08,15.65,68.12,0.263,0.6805,15.16,18.82,0.264,13.17,1018.6,1.05,1,-0.0,1.0,0.5,-0.866,0.453,0.106,0.0124,140.89,93.3,0
44.4,6.18,4.83,268.9,0.0,0.0,0.0,46.03,6.18,7.184,8.7164,46.82,44.4,0.01,30.46,1012.5,2.39,0,-1.0,-0.0,-0.5,0.866,0.017,0.0,0.0,100.0,180.0,0
47.46,8.42,8.89,21.9,0.0,0.0,0.0,47.9,8.42,5.639,9.949,58.88,47.46,0.0,36.43,1019.0,4.81,0,-0.5,-0.866,-0.9659,0.2588,0.019,0.0,0.0,100.0,180.0,0
38.09,23.96,22.89,240.9,0.0,0.02,0.23,40.56,26.34,1.589,5.0618,50.06,47.05,0.04,8.79,996.1,6.06,1,-0.5,-0.866,-0.9659,-0.2588,0.355,0.738,0.4003,6.64,2.2,1
21.26,72.38,13.2,49.9,6.24,8.41,7.75,21.45,71.26,0.294,0.6979,22.68,21.95,0.39,16.34,1017.3,1.3,0,-0.0,1.0,-0.9659,0.2588,0.439,0.218,0.0277,56.11,103.9,0
36.17,52.73,26.17,338.7,0.0,0.0,0.0,38.71,52.73,0.686,2.8341,36.59,36.17,0.01,9.39,1011.5,7.91,1,-0.866,-0.5,0.9659,-0.2588,0.011,0.0,0.0,100.0,180.0,0
31.52,32.57,21.05,56.2,0.62,0.31,2.42,33.36,35.79,0.968,3.121,33.71,32.03,0.098,15.04,1013.4,3.68,1,0.0,-1.0,-0.866,-0.5,0.414,0.488,0.1898,21.0,34.6,0
37.02,25.14,3.05,204.4,0.0,0.0,0.0,38.76,25.14,1.473,4.702,48.91,37.02,0.0,19.12,1012.9,10.29,1,-0.866,0.5,0.5,-0.866,0.004,0.0,0.0,100.0,180.0,0
31.87,30.71,18.81,281.0,0.48,0.39,1.55,30.99,37.61,1.038,3.2706,33.65,34.65,0.096,21.32,1011.8,5.05,1,-0.5,-0.866,0.2588,-0.9659,0.359,0.372,0.1341,17.05,57.6,0
42.17,58.22,10.92,115.3,0.0,0.0,0.0,44.34,58.22,0.724,3.4565,46.38,42.17,0.0,19.98,1008.9,0.77,0,-0.5,0.866,0.5,0.866,0.013,0.0,0.0,100.0,180.0,0
16.32,51.97,7.67,177.4,0.19,5.41,29.23,17.31,50.99,0.314,0.8914,16.75,14.67,0.377,12.79,1013.8,2.08,0,0.866,-0.5,0.5,-0.866,0.535,0.064,0.0106,82.0,178.1,0
34.68,16.91,18.2,290.3,0.0,0.02,0.11,35.8,21.9,2.05,4.5897,44.7,43.37,0.021,5.1,1008.7,11.69,1,-0.5,-0.866,-0.866,-0.5,0.632,0.606,0.741,4.77,9.3,1
23.92,46.61,9.28,344.0,0.09,4.64,3.69,22.24,56.19,0.513,1.5855,25.28,22.0,0.365,21.55,1024.1,2.09,0,0.5,-0.866,0.866,-0.5,0.179,0.169,0.0153,73.96,81.2,0
11.2,93.21,11.14,229.3,0.4,5.13,32.3,8.35,97.16,0.12,0.0903,12.6,9.47,0.29,5.21,1020.7,1.1,0,0.866,-0.5,0.5,-0.866,0.194,0.01,0.0002,115.33,116.1,0
26.21,42.72,2.57,302.8,0.0,0.0,0.0,29.03,42.72,0.613,1.949,27.32,26.21,0.01,15.99,1019.3,9.24,0,-0.866,0.5,-0.5,0.866,0.031,0.0,0.0,100.0,180.0,0
29.65,34.04,7.31,200.1,0.0,0.0,0.0,31.06,34.04,0.871,2.7422,37.23,29.65,0.01,13.2,1012.8,3.58,0,0.866,0.5,0.0,1.0,0.038,0.0,0.0,100.0,180.0,0
29.82,83.81,22.65,123.7,0.0,0.0,0.0,30.08,83.81,0.356,0.6798,40.39,29.82,0.01,2.21,1019.3,4.08,1,1.0,0.0,0.0,1.0,0.011,0.0,0.0,100.0,180.0,0
32.57,46.07,18.72,36.9,0.63,6.17,4.07,34.45,48.4,0.707,2.6476,35.66,34.37,0.108,21.74,1015.7,4.79,1,-0.5,-0.866,0.5,-0.866,0.352,0.167,0.0406,30.95,65.8,1
31.8,33.32,21.05,10.3,0.0,0.0,0.0,31.9,33.32,0.954,3.1349,39.27,31.8,0.01,5.42,1018.3,0.85,0,-1.0,-0.0,0.9659,-0.2588,0.029,0.0,0.0,100.0,180.0,0
30.68,50.27,12.55,319.9,0.0,0.0,0.0,33.57,50.27,0.61,2.1931,34.44,30.68,0.0,-1.12,1016.6,9.23,0,0.0,-1.0,0.866,0.5,0.003,0.0,0.0,100.0,180.0,0
44.4,24.85,33.19,173.5,0.0,0.17,0.01,46.95,27.57,1.787,6.9835,50.37,53.01,0.04,21.31,999.6,6.45,1,-0.5,-0.866,-0.9659,-0.2588,0.744,0.438,0.5593,5.49,10.6,1
48.49,20.77,23.92,217.4,0.0,0.0,0.0,48.78,20.77,2.335,9.0664,53.24,48.49,0.01,38.17,1017.7,12.63,1,-1.0,-0.0,0.866,-0.5,0.026,0.0,0.0,100.0,180.0,0
16.45,92.91,6.11,79.2,1.9,22.62,14.04,13.48,101.48,0.177,0.1327,17.49,17.91,0.325,8.69,1020.0,0.32,1,-0.5,0.866,0.866,0.5,0.416,0.036,0.0027,106.98,176.7,0
40.31,14.53,25.38,158.5,0.0,0.01,0.45,42.31,18.53,2.775,6.4105,51.55,44.1,0.046,13.52,1001.8,9.75,1,-0.5,-0.866,-0.2588,-0.9659,0.477,0.56,0.6944,4.53,2.7,1
10.78,87.34,5.57,115.3,3.29,2.53,6.4,9.06,86.37,0.123,0.1638,10.77,9.46,0.34,5.1,1023.5,0.45,0,0.5,-0.866,0.866,0.5,0.137,0.043,0.0007,124.49,97.7,0
32.74,29.85,25.65,132.1,0.0,0.0,0.0,33.22,29.85,1.097,3.4768,37.33,32.74,0.01,8.84,1008.2,6.55,0,0.0,-1.0,-0.2588,-0.9659,0.024,0.0,0.0,100.0,180.0,0
10.77,65.1,11.71,143.0,0.09,1.06,18.37,8.89,66.56,0.165,0.4511,11.47,11.33,0.368,6.65,1022.9,2.04,0,0.5,0.866,0.2588,-0.9659,0.549,0.189,0.0169,57.21,152.4,0
34.06,24.55,12.43,8.7,0.0,0.0,0.0,34.21,24.55,1.387,4.0276,47.56,34.06,0.0,15.67,1010.6,13.45,1,0.5,0.866,-0.7071,0.7071,0.018,0.0,0.0,100.0,180.0,0
30.2,42.3,19.85,200.1,0.68,1.8,4.91,31.35,49.75,0.714,2.4763,33.22,32.64,0.152,12.58,1012.6,4.81,1,0.0,-1.0,0.7071,-0.7071,0.453,0.178,0.0562,23.65,45.4,0
8.7,85.39,13.32,301.3,1.12,6.68,4.73,5.79,91.16,0.102,0.1644,7.64,10.38,0.39,1.45,1019.5,2.05,0,0.866,-0.5,-0.7071,0.7071,0.414,0.186,0.0078,111.94,151.0,0
42.81,17.92,38.2,262.1,0.0,0.01,0.09,44.54,22.72,2.389,7.0201,55.09,48.79,0.065,13.42,996.4,10.7,1,-0.5,-0.866,-0.866,-0.5,0.363,0.783,0.6433,8.0,24.8,1
29.27,44.38,14.97,271.1,0.23,0.17,1.04,30.17,46.24,0.66,2.2636,32.28,30.25,0.166,14.85,1014.0,3.89,1,-0.5,-0.866,0.0,-1.0,0.403,0.149,0.0387,16.66,51.0,0
31.04,46.47,12.07,242.6,0.21,0.55,0.36,30.74,46.39,0.668,2.4108,35.6,31.24,0.148,14.8,1009.3,4.16,0,0.0,-1.0,-0.5,-0.866,0.323,0.118,0.0249,10.31,40.9,0
40.7,46.58,26.39,124.8,0.0,0.0,0.0,40.91,46.58,0.874,4.0898,49.81,40.7,0.0,8.39,1017.4,5.04,0,-0.5,-0.866,0.2588,0.9659,0.02,0.0,0.0,100.0,180.0,0
43.94,80.15,10.68,253.9,0.0,0.0,0.0,45.32,80.15,0.548,1.8,44.72,43.94,0.0,21.85,1014.6,6.22,0,-0.866,0.5,0.5,0.866,0.036,0.0,0.0,100.0,180.0,0
43.77,17.61,22.46,24.8,0.0,0.07,0.42,44.08,17.99,2.486,7.4073,52.04,51.54,0.069,20.64,1008.4,8.73,1,-0.5,-0.866,-0.866,-0.5,0.524,0.312,0.3843,8.18,11.7,1
37.32,14.75,17.2,188.4,0.0,0.06,0.16,38.61,18.73,2.53,5.4436,43.5,44.48,0.032,13.49,1003.5,11.86,1,-0.5,-0.866,-0.7071,-0.7071,0.499,0.911,1.0756,9.65,6.4,1
28.48,42.93,13.55,285.6,0.29,0.78,1.05,30.14,50.19,0.663,2.2185,31.23,32.32,0.176,16.72,1011.0,3.86,1,0.0,-1.0,-0.2588,-0.9659,0.364,0.173,0.0409,30.03,51.2,1
34.24,11.15,20.76,351.6,0.0,0.16,0.01,35.95,12.14,3.071,4.789,42.28,39.33,0.058,13.85,1005.0,7.15,1,-0.866,-0.5,-0.7071,-0.7071,0.761,0.706,1.5154,9.03,3.6,1
36.82,9.13,41.15,223.1,0.0,0.04,0.01,39.62,12.49,4.032,5.6448,47.79,44.34,0.01,8.54,1002.2,7.07,1,-0.5,-0.866,-0.9659,-0.2588,0.427,0.401,0.6222,7.47,6.7,1
34.94,17.8,16.1,326.3,0.0,0.14,0.04,37.4,19.03,1.963,4.6064,48.49,38.82,0.074,12.75,1003.6,6.57,1,-0.5,-0.866,-0.2588,-0.9659,0.597,0.472,0.5229,3.56,20.4,1
33.32,31.04,12.27,324.0,0.31,2.77,2.97,35.08,32.28,1.074,3.5318,34.47,34.4,0.151,22.04,1012.3,5.68,0,-0.866,-0.5,0.2588,-0.9659,0.463,0.418,0.2015,23.71,34.3,0
5.54,45.82,7.88,244.3,0.32,0.12,30.81,5.97,47.83,0.121,0.4907,7.22,4.79,0.328,0.2,1014.1,2.89,1,-0.0,1.0,0.0,1.0,0.5,0.218,0.0129,63.74,159.8,0
6.95,83.09,7.08,78.3,0.06,9.24,12.05,5.78,92.7,0.084,0.1688,6.32,4.99,0.436,0.04,1021.0,2.37,1,-0.5,0.866,0.2588,-0.9659,0.311,0.265,0.0068,50.58,147.1,0
8.51,90.37,9.94,28.4,0.47,1.65,6.97,7.04,97.37,0.094,0.1069,7.49,9.69,0.249,0.73,1022.4,1.04,1,-0.5,0.866,0.0,1.0,0.459,0.274,0.0117,75.47,168.4,0
21.01,45.66,6.09,187.0,7.0,3.4,15.64,20.93,45.54,0.46,1.352,22.44,21.55,0.378,14.04,1012.4,1.03,0,0.866,0.5,0.5,0.866,0.366,0.063,0.0104,60.01,143.9,0
48.28,52.16,9.97,4.0,0.0,0.0,0.0,50.94,52.16,0.926,5.416,59.35,48.28,0.01,22.87,1009.7,2.93,1,-0.5,0.866,0.7071,0.7071,0.018,0.0,0.0,100.0,180.0,0
30.41,47.25,12.24,5.1,0.49,1.79,0.47,31.1,52.42,0.644,2.2913,35.25,33.58,0.142,18.72,1009.1,3.12,0,-0.5,-0.866,-0.9659,-0.2588,0.373,0.341,0.0801,21.86,25.0,0
7.87,70.08,4.85,69.7,3.37,8.95,27.35,8.27,79.0,0.112,0.3181,5.92,9.23,0.309,2.11,1016.4,1.32,1,0.5,0.866,0.9659,-0.2588,0.101,0.181,0.002,115.05,116.5,0
10.02,90.76,12.86,357.3,0.36,12.77,31.98,7.82,96.16,0.11,0.1137,8.63,8.76,0.404,6.58,1020.2,0.14,0,0.866,-0.5,0.2588,0.9659,0.237,0.07,0.0018,89.18,142.8,0
33.36,38.41,21.65,91.1,0.21,1.87,0.72,33.29,36.83,0.868,3.1607,35.78,34.12,0.154,16.01,1015.2,4.39,1,-0.5,-0.866,-0.7071,-0.7071,0.475,0.418,0.1684,23.7,29.6,0
12.22,56.48,8.34,100.7,0.14,1.79,44.74,12.31,58.43,0.216,0.6194,11.79,10.36,0.445,10.76,1012.2,2.41,1,0.5,-0.866,0.9659,0.2588,0.323,0.051,0.0035,136.18,177.6,0
31.15,34.3,19.52,47.3,0.04,1.27,2.02,30.61,35.41,0.908,2.9762,33.24,31.2,0.173,14.29,1010.3,5.4,1,-1.0,-0.0,0.2588,-0.9659,0.338,0.201,0.0601,31.91,43.6,0
44.41,12.74,15.74,265.5,0.0,0.01,0.32,46.12,13.72,3.487,8.1108,50.11,54.18,0.022,18.44,997.0,6.74,1,-0.866,-0.5,0.0,-1.0,0.662,0.611,1.3083,9.43,15.5,1
25.68,52.27,23.87,188.4,0.0,0.0,0.0,28.33,52.27,0.491,1.5738,38.86,25.68,0.01,10.14,1008.7,0.54,1,-0.866,0.5,0.9659,-0.2588,0.038,0.0,0.0,100.0,180.0,0
32.99,42.43,11.21,283.6,0.67,1.0,1.03,33.02,43.36,0.777,2.8937,34.37,35.92,0.15,18.39,1008.2,4.18,0,0.0,-1.0,0.2588,-0.9659,0.249,0.212,0.0401,22.08,44.1,0
20.03,72.59,7.89,262.0,0.53,5.95,13.88,18.97,80.67,0.276,0.6421,18.49,18.69,0.427,15.84,1012.7,2.71,1,0.5,-0.866,-0.9659,-0.2588,0.249,0.254,0.0172,104.81,162.5,0
22.76,60.21,3.38,200.0,1.1,0.77,29.4,20.99,68.16,0.378,1.1019,21.33,24.72,0.442,18.92,1013.1,0.97,1,0.5,-0.866,-0.9659,-0.2588,0.379,0.097,0.0136,97.5,93.6,0
48.92,64.14,17.21,97.7,0.0,0.0,0.0,50.83,64.14,0.763,4.1917,49.29,48.92,0.01,21.44,1014.6,4.16,0,-0.0,1.0,-0.866,-0.5,0.031,0.0,0.0,100.0,180.0,0
8.83,80.7,11.3,138.6,0.35,28.96,7.22,9.21,82.2,0.109,0.2189,9.81,10.58,0.42,3.26,1021.3,0.73,0,1.0,0.0,-0.7071,0.7071,0.429,0.15,0.0069,92.41,138.0,0
35.83,52.77,17.53,313.3,0.0,0.0,0.0,37.49,52.77,0.679,2.7805,36.48,35.83,0.0,25.47,1015.7,14.29,0,1.0,0.0,-0.9659,0.2588,0.03,0.0,0.0,100.0,180.0,0
28.65,41.66,16.09,331.9,0.08,0.91,1.54,29.44,49.14,0.688,2.2899,29.94,32.29,0.166,13.64,1015.6,3.22,1,-0.5,-0.866,0.0,-1.0,0.219,0.466,0.0685,17.4,52.4,1
26.4,71.21,27.78,308.3,0.0,0.0,0.0,27.93,71.21,0.371,0.9909,27.99,26.4,0.01,7.23,1018.7,6.99,1,-0.5,-0.866,-0.7071,-0.7071,0.039,0.0,0.0,100.0,180.0,0
24.57,66.32,7.16,100.5,2.76,4.51,11.66,22.64,74.67,0.37,1.0396,24.22,24.12,0.339,20.56,1016.7,2.35,0,0.866,-0.5,-1.0,-0.0,0.294,0.254,0.0272,124.85,101.7,0
37.55,85.24,11.11,134.5,0.0,0.0,0.0,40.18,85.24,0.441,0.9544,52.37,37.55,0.01,5.12,1014.9,7.85,0,-0.0,1.0,-0.5,-0.866,0.013,0.0,0.0,100.0,180.0,0
33.69,37.84,18.79,64.6,0.47,0.28,0.95,33.39,43.47,0.89,3.2493,36.67,34.08,0.161,20.08,1010.1,5.7,1,-0.866,-0.5,-0.9659,-0.2588,0.483,0.127,0.0534,19.92,20.2,1
28.91,46.94,13.31,277.3,0.4,0.19,2.48,30.52,47.76,0.616,2.1137,33.74,30.36,0.129,18.26,1008.9,5.94,0,-1.0,-0.0,0.7071,-0.7071,0.402,0.224,0.0542,12.98,61.2,0
19.02,69.28,3.27,222.4,0.51,4.22,7.73,17.32,69.59,0.275,0.676,20.91,18.46,0.199,17.79,1016.3,0.3,0,-0.866,0.5,-0.866,0.5,0.598,0.246,0.0397,84.87,101.4,0
35.08,24.12,41.94,221.5,0.0,0.37,0.0,36.12,28.61,1.454,4.2849,44.9,40.21,0.05,5.97,998.6,7.45,1,-0.5,-0.866,-0.7071,-0.7071,0.812,0.628,0.7123,6.36,7.5,1
28.74,48.93,13.58,146.2,0.77,2.13,3.97,30.39,47.26,0.587,2.0147,32.07,32.18,0.157,18.49,1013.8,3.24,1,-1.0,-0.0,-0.9659,0.2588,0.366,0.395,0.0831,21.73,23.0,0
19.65,63.26,4.41,317.9,2.09,7.0,12.14,17.49,69.58,0.311,0.8407,18.59,19.73,0.358,13.73,1017.6,1.29,1,-0.0,1.0,-1.0,-0.0,0.57,0.298,0.0519,93.32,120.8,0
12.64,84.14,12.11,271.3,0.35,2.86,15.46,13.56,90.14,0.15,0.232,13.51,11.84,0.233,10.31,1016.1,2.36,0,-0.0,1.0,0.9659,-0.2588,0.397,0.098,0.0058,92.28,158.0,0
32.75,32.01,13.5,99.6,0.45,0.23,10.68,34.33,34.11,1.023,3.3719,34.51,36.46,0.098,19.09,1009.4,5.59,1,-0.5,-0.866,-0.9659,-0.2588,0.212,0.417,0.0877,11.35,31.1,1
16.04,45.3,11.26,159.3,0.74,0.13,17.31,17.0,46.43,0.354,0.9971,14.24,15.78,0.445,11.32,1014.1,2.2,0,0.866,0.5,0.2588,-0.9659,0.409,0.107,0.0152,60.67,162.9,0
24.58,93.23,2.52,311.3,4.61,4.03,20.19,24.38,103.22,0.264,0.2092,23.99,25.27,0.401,19.86,1020.7,1.9,0,0.866,-0.5,0.9659,-0.2588,0.187,0.033,0.0016,147.07,85.1,0
33.75,41.41,14.3,140.3,0.39,0.13,0.6,33.18,44.58,0.815,3.0736,36.59,35.08,0.163,19.52,1008.3,5.25,0,0.0,-1.0,-0.9659,-0.2588,0.415,0.142,0.0467,31.72,57.4,0
5.83,77.11,13.81,59.2,2.11,4.0,0.33,5.88,77.23,0.076,0.2116,6.07,4.11,0.338,4.19,1013.0,2.63,1,-0.0,1.0,0.0,-1.0,0.317,0.19,0.0045,74.25,164.0,0
21.83,57.75,10.46,259.1,1.32,1.78,11.2,19.65,59.6,0.378,1.1053,23.66,22.27,0.209,20.1,1013.3,1.89,1,1.0,0.0,-0.5,-0.866,0.486,0.293,0.053,63.68,89.0,0
6.33,68.33,12.07,289.5,0.33,1.21,19.63,6.7,74.9,0.093,0.3029,6.26,7.05,0.247,5.24,1020.2,0.07,0,0.5,-0.866,-0.9659,0.2588,0.174,0.256,0.0041,51.53,179.7,0
27.81,69.0,10.23,72.0,0.0,0.0,0.0,30.4,69.0,0.403,1.1591,32.24,27.81,0.0,10.42,1016.7,1.03,0,-0.5,-0.866,0.0,1.0,0.037,0.0,0.0,100.0,180.0,0
19.52,68.38,11.2,293.6,2.97,7.95,6.4,16.55,70.63,0.285,0.7176,19.38,21.31,0.407,16.07,1016.6,1.09,0,0.866,-0.5,0.2588,-0.9659,0.253,0.149,0.0106,72.66,164.1,0
29.14,61.9,27.58,323.1,0.0,0.0,0.0,29.57,61.9,0.471,1.5382,31.38,29.14,0.0,11.79,1014.2,6.78,1,1.0,0.0,0.866,0.5,0.032,0.0,0.0,100.0,180.0,0
7.48,61.85,9.31,27.9,2.41,5.98,15.05,7.33,69.79,0.121,0.3951,8.37,8.19,0.279,-0.09,1012.4,0.36,0,0.866,-0.5,-0.9659,-0.2588,0.204,0.004,0.0001,122.55,146.7,0
6.29,86.93,1.36,177.0,2.84,3.74,11.39,4.53,85.99,0.072,0.1247,6.6,5.5,0.341,-0.4,1017.8,2.16,1,0.866,0.5,0.9659,-0.2588,0.558,0.266,0.0106,71.04,170.2,0
7.77,66.27,2.05,250.5,2.45,5.71,0.41,7.74,67.19,0.117,0.356,7.3,8.19,0.193,4.0,1015.7,1.97,0,0.5,-0.866,0.5,0.866,0.267,0.188,0.0058,82.99,106.1,0
42.37,44.79,14.59,349.9,0.0,0.0,0.0,45.21,44.79,0.946,4.6147,55.4,42.37,0.0,8.7,1019.0,12.97,0,-0.866,-0.5,0.5,-0.866,0.018,0.0,0.0,100.0,180.0,0
46.21,48.6,2.37,327.7,0.0,0.0,0.0,48.99,48.6,0.951,5.2395,49.19,46.21,0.01,22.42,1005.1,1.34,1,-1.0,-0.0,1.0,0.0,0.037,0.0,0.0,100.0,180.0,0
7.47,57.92,6.35,204.2,0.58,8.22,30.37,5.07,61.69,0.129,0.4353,9.23,8.52,0.251,1.83,1023.7,2.84,0,-0.866,0.5,0.2588,-0.9659,0.444,0.225,0.0127,119.9,87.1,0
32.76,43.34,19.65,101.6,0.1,0.26,2.68,34.22,48.88,0.756,2.8117,34.06,34.63,0.163,21.72,1012.4,5.55,0,-0.866,-0.5,0.7071,-0.7071,0.269,0.188,0.0375,32.25,35.2,0
29.54,43.39,18.03,115.4,0.1,2.47,1.22,29.27,42.09,0.681,2.3387,30.9,30.31,0.157,17.56,1011.1,5.47,1,-0.5,-0.866,-0.9659,0.2588,0.338,0.494,0.1111,32.1,53.7,0
19.95,68.99,10.99,120.6,0.73,5.16,1.22,19.77,75.73,0.289,0.7229,20.75,19.28,0.183,16.74,1018.4,0.04,0,-0.5,0.866,0.2588,-0.9659,0.497,0.155,0.0219,85.35,139.7,0
28.8,58.24,15.82,221.9,0.0,0.0,0.0,31.26,58.24,0.495,1.6535,43.05,28.8,0.01,8.71,1009.1,6.73,1,-0.0,1.0,-0.5,-0.866,0.022,0.0,0.0,100.0,180.0,0
22.62,46.78,8.36,155.1,1.23,15.39,4.02,21.07,48.9,0.484,1.4615,21.25,24.54,0.311,15.57,1019.1,1.15,0,0.5,-0.866,0.7071,-0.7071,0.504,0.139,0.0331,50.43,145.8,0
30.04,32.79,14.55,133.8,1.48,4.67,0.39,29.8,36.86,0.916,2.8579,33.39,31.98,0.09,14.97,1009.2,4.99,1,0.0,-1.0,-0.2588,-0.9659,0.439,0.148,0.0578,29.59,66.7,1
30.24,36.22,18.71,92.4,0.09,1.96,1.76,29.89,35.13,0.835,2.7433,31.7,33.03,0.143,18.15,1016.3,3.02,0,-0.5,-0.866,0.5,-0.866,0.299,0.339,0.0824,19.47,29.9,0
44.45,22.02,39.83,270.4,0.0,0.03,0.05,45.48,25.61,2.019,7.2629,57.56,50.33,0.023,14.99,1004.1,10.93,1,-0.866,-0.5,-0.2588,-0.9659,0.7,0.9,1.2151,4.77,10.8,1
18.4,78.21,10.19,84.2,3.09,2.66,2.01,18.05,78.24,0.235,0.4611,17.04,17.46,0.435,12.0,1018.9,0.92,0,0.866,-0.5,0.7071,0.7071,0.177,0.115,0.0047,146.32,125.3,0
38.74,56.15,17.63,79.8,0.0,0.0,0.0,41.41,56.15,0.69,3.0236,53.67,38.74,0.0,24.32,1014.2,13.07,1,-0.5,-0.866,-0.7071,-0.7071,0.032,0.0,0.0,100.0,180.0,0
23.48,86.27,4.41,356.1,3.8,4.47,1.15,23.18,84.44,0.272,0.3971,22.83,23.7,0.334,16.22,1024.6,1.35,0,0.866,-0.5,-1.0,-0.0,0.21,0.096,0.0054,80.09,109.9,0
30.95,84.58,26.35,168.9,0.0,0.0,0.0,32.27,84.58,0.366,0.6908,33.43,30.95,0.0,10.44,1017.1,1.06,1,-0.866,-0.5,0.9659,0.2588,0.019,0.0,0.0,100.0,180.0,0
38.93,18.38,21.0,263.9,0.0,0.07,0.22,39.02,19.86,2.118,5.6834,44.73,44.26,0.062,11.52,1009.7,11.09,1,-0.866,-0.5,0.0,-1.0,0.538,0.31,0.335,2.18,24.8,1
30.64,38.07,13.16,74.3,1.1,3.92,0.69,30.99,40.68,0.805,2.7255,32.51,30.76,0.174,13.11,1013.8,4.41,0,-1.0,-0.0,-0.5,-0.866,0.419,0.474,0.1557,17.6,52.2,1
33.17,20.64,29.65,175.0,0.0,0.38,0.11,34.31,21.88,1.607,4.0311,45.12,41.58,0.05,6.18,1005.7,8.72,1,-0.5,-0.866,-0.9659,-0.2588,0.607,0.332,0.3084,8.42,24.7,1
28.25,47.29,17.59,35.9,0.37,1.61,1.65,28.22,52.53,0.598,2.0222,31.76,29.28,0.11,10.93,1010.3,3.11,1,-0.866,-0.5,0.5,-0.866,0.207,0.218,0.0265,23.57,43.1,1
15.59,55.7,8.05,302.4,1.33,0.67,64.95,14.22,55.79,0.28,0.7847,16.31,16.93,0.388,13.96,1024.4,0.8,0,-0.866,0.5,-0.2588,-0.9659,0.426,0.078,0.0091,124.88,175.2,0
36.48,47.97,21.29,239.8,0.0,0.0,0.0,37.85,47.97,0.761,3.1738,46.62,36.48,0.0,4.38,1011.7,6.49,0,-0.5,-0.866,0.9659,0.2588,0.032,0.0,0.0,100.0,180.0,0
28.12,40.51,13.6,243.5,0.79,0.85,4.37,27.68,42.23,0.694,2.2643,31.28,31.37,0.156,12.53,1011.3,3.23,1,-0.5,-0.866,-0.5,-0.866,0.254,0.319,0.0547,30.51,65.7,0
34.22,23.88,40.33,161.9,0.0,0.0,0.39,35.51,28.63,1.433,4.098,46.99,43.31,0.028,6.82,1005.0,10.54,1,-0.866,-0.5,0.0,-1.0,0.475,0.498,0.3252,9.44,2.9,1
37.46,12.63,18.85,241.5,0.0,0.08,0.44,39.72,15.15,2.967,5.6225,50.12,47.22,0.063,15.06,1005.9,8.01,1,-0.5,-0.866,-0.866,-0.5,0.44,0.522,0.6307,8.41,7.4,1
32.27,41.03,20.21,349.9,0.31,0.21,2.63,33.51,45.08,0.787,2.8474,33.28,34.53,0.141,20.3,1016.9,4.1,1,-1.0,-0.0,-1.0,-0.0,0.24,0.312,0.0574,30.22,23.3,0
38.15,10.33,17.38,311.2,0.0,0.1,0.37,39.33,11.49,3.694,5.9882,43.79,47.99,0.033,9.03,995.2,7.74,1,-0.5,-0.866,-0.7071,-0.7071,0.829,0.661,1.8475,3.51,18.4,1
39.9,11.04,24.6,334.2,0.0,0.0,0.0,42.65,11.04,3.613,6.5268,44.31,39.9,0.0,9.54,1008.9,10.7,1,-0.0,1.0,0.9659,0.2588,0.013,0.0,0.0,100.0,180.0,0
29.13,42.33,14.09,197.8,2.03,4.56,2.73,29.17,42.31,0.688,2.3269,32.9,29.85,0.111,13.99,1008.8,5.77,0,-1.0,-0.0,-0.9659,0.2588,0.46,0.144,0.0445,27.81,36.8,0
21.93,50.64,2.32,245.3,5.08,22.51,8.58,21.91,48.91,0.433,1.2995,23.84,20.58,0.379,17.25,1018.5,2.12,0,1.0,0.0,0.5,0.866,0.21,0.031,0.0027,53.4,154.5,0
28.2,43.56,11.21,287.4,0.6,3.23,2.24,29.85,46.68,0.647,2.1584,30.69,28.23,0.159,10.93,1010.9,4.31,1,0.0,-1.0,-0.866,-0.5,0.275,0.107,0.0186,28.45,41.0,0
10.39,54.73,3.07,41.8,0.19,1.28,12.41,10.52,55.19,0.19,0.5705,10.74,9.33,0.442,7.77,1016.9,0.8,0,0.5,0.866,0.5,-0.866,0.324,0.205,0.0124,128.88,90.9,0
39.2,30.02,25.81,232.4,0.0,0.0,0.0,39.37,30.02,1.306,4.9449,40.96,39.2,0.01,20.37,1019.0,8.55,0,1.0,0.0,0.9659,-0.2588,0.008,0.0,0.0,100.0,180.0,0
28.61,86.73,16.23,313.2,0.0,0.0,0.0,29.58,86.73,0.33,0.5195,28.65,28.61,0.0,12.88,1016.9,9.17,0,-0.866,-0.5,-0.866,-0.5,0.013,0.0,0.0,100.0,180.0,0
31.11,39.21,16.39,347.9,0.31,4.72,1.44,30.43,39.62,0.793,2.7484,33.22,34.63,0.158,17.62,1009.9,5.33,1,-0.866,-0.5,-0.9659,-0.2588,0.476,0.428,0.1576,32.1,59.7,0
11.75,79.66,3.74,148.5,0.57,1.69,30.82,10.89,79.71,0.147,0.2806,10.11,11.27,0.354,10.45,1014.3,1.25,0,0.5,0.866,-0.9659,0.2588,0.219,0.036,0.0011,117.59,114.4,0
36.71,23.02,24.35,184.6,0.0,0.0,1.18,38.36,26.34,1.595,4.7553,49.33,40.62,0.043,7.12,1004.7,10.25,1,-0.5,-0.866,0.0,-1.0,0.703,0.755,0.8115,6.54,17.1,1
33.19,47.78,18.58,247.9,0.19,2.79,6.74,33.65,48.89,0.695,2.6543,35.35,36.7,0.121,19.08,1017.1,3.21,0,-0.5,-0.866,-0.5,-0.866,0.221,0.194,0.0293,11.45,40.3,1
43.48,55.51,12.74,8.1,0.0,0.0,0.0,46.47,55.51,0.783,3.9409,46.68,43.48,0.0,14.93,1013.1,12.95,0,0.0,-1.0,-1.0,-0.0,0.023,0.0,0.0,100.0,180.0,0
40.7,20.02,20.01,94.2,0.0,0.1,0.16,41.59,20.64,2.033,6.1237,49.64,45.58,0.059,20.13,996.0,10.32,1,-0.866,-0.5,-0.7071,-0.7071,0.802,0.607,0.9419,7.91,10.6,1
25.04,20.75,17.34,116.1,0.0,0.0,0.0,28.01,20.75,1.207,2.516,28.53,25.04,0.0,-7.95,1005.7,3.56,0,0.866,0.5,-0.2588,0.9659,0.025,0.0,0.0,100.0,180.0,0
39.71,40.31,14.09,165.4,0.0,0.0,0.0,40.7,40.31,0.985,4.3359,51.22,39.71,0.01,5.7,1012.3,3.07,1,0.0,-1.0,0.7071,-0.7071,0.017,0.0,0.0,100.0,180.0,0
49.09,45.29,12.89,342.4,0.0,0.0,0.0,49.14,45.29,1.084,6.4492,52.69,49.09,0.01,18.58,1008.1,13.65,1,1.0,0.0,0.7071,-0.7071,0.025,0.0,0.0,100.0,180.0,0
16.11,67.4,6.79,190.4,1.33,7.25,5.27,13.56,68.24,0.239,0.5968,16.86,14.27,0.34,12.63,1017.2,0.32,0,0.866,0.5,-0.866,-0.5,0.27,0.222,0.0141,58.85,86.7,0
42.77,16.44,33.21,249.9,0.0,0.06,0.02,42.93,21.32,2.602,7.1343,53.16,51.53,0.078,15.06,1008.7,6.24,1,-0.5,-0.866,-0.5,-0.866,0.705,0.526,0.9102,1.72,11.9,1
41.07,23.56,31.73,314.2,0.0,0.0,0.05,41.96,25.08,1.743,5.9671,48.35,50.57,0.063,17.51,1009.6,7.77,1,-0.866,-0.5,-0.866,-0.5,0.428,0.37,0.2646,6.24,17.2,1
9.95,57.2,13.73,268.4,0.16,1.99,29.24,7.91,58.08,0.174,0.5237,9.54,9.95,0.316,6.27,1012.6,1.54,0,0.5,-0.866,0.0,1.0,0.29,0.067,0.0033,110.61,114.6,0
37.95,19.81,44.74,326.6,0.0,0.4,0.46,38.58,20.84,1.916,5.2983,49.96,45.59,0.039,15.54,1007.6,8.37,1,-0.5,-0.866,-0.7071,-0.7071,0.825,0.614,0.9233,4.0,7.1,1
14.82,73.97,2.21,185.0,0.59,15.67,7.9,11.85,81.85,0.2,0.4388,15.04,13.8,0.182,7.43,1015.8,2.72,0,0.5,0.866,0.2588,0.9659,0.172,0.235,0.008,78.7,158.8,0
32.34,44.42,21.19,72.4,0.04,0.49,13.75,31.59,50.53,0.728,2.6942,34.15,33.41,0.101,18.97,1008.1,4.74,1,0.0,-1.0,0.0,-1.0,0.497,0.178,0.063,33.36,35.3,0
9.35,56.63,8.56,275.8,1.13,11.78,1.42,9.02,60.69,0.165,0.5099,7.94,7.62,0.327,3.71,1016.1,1.15,1,-0.5,0.866,0.5,-0.866,0.406,0.109,0.0072,144.4,165.0,0
26.22,22.13,29.31,313.2,0.0,0.0,0.0,29.12,22.13,1.185,2.6511,28.48,26.22,0.0,-2.03,1016.8,13.82,0,-1.0,-0.0,-0.866,0.5,0.026,0.0,0.0,100.0,180.0,0
32.05,32.15,18.22,180.2,0.95,2.1,2.18,32.17,35.25,0.997,3.2343,34.56,34.99,0.12,19.1,1015.0,5.2,1,-0.866,-0.5,0.5,-0.866,0.471,0.323,0.147,18.03,37.8,0
11.61,79.02,5.55,11.2,3.67,8.2,9.04,10.61,84.99,0.147,0.2867,11.55,11.92,0.396,6.1,1018.8,2.36,0,1.0,0.0,-0.2588,0.9659,0.128,0.279,0.0052,111.74,115.9,0
36.37,9.73,15.35,354.5,0.0,0.1,0.21,38.02,13.03,3.738,5.4729,44.51,41.24,0.027,7.44,1007.1,7.9,1,-0.866,-0.5,-0.2588,-0.9659,0.817,0.323,0.8939,2.81,7.9,1
25.33,80.16,10.62,234.7,0.0,0.0,0.0,25.57,80.16,0.316,0.6409,25.35,25.33,0.01,5.13,1013.4,4.75,0,-0.866,-0.5,-0.2588,0.9659,0.007,0.0,0.0,100.0,180.0,0
32.44,43.91,10.75,322.3,0.48,1.01,1.03,32.14,45.39,0.739,2.7342,33.48,36.4,0.167,18.45,1016.3,5.37,1,0.0,-1.0,-0.5,-0.866,0.411,0.102,0.0302,31.6,46.1,1
36.33,18.33,26.96,74.5,0.0,0.15,0.43,37.76,20.05,1.982,4.9399,41.72,42.78,0.039,9.44,998.8,6.43,1,-0.5,-0.866,-0.7071,-0.7071,0.764,0.77,1.1052,1.11,15.7,1
36.38,18.15,31.4,184.6,0.0,0.02,0.24,37.66,21.37,2.005,4.9657,50.51,41.03,0.072,15.99,1005.6,6.57,1,-0.5,-0.866,-0.2588,-0.9659,0.435,0.616,0.5091,2.63,5.6,1
46.62,35.83,11.36,72.3,0.0,0.0,0.0,48.83,35.83,1.301,6.6793,53.02,46.62,0.01,20.7,1014.0,6.39,1,0.866,-0.5,0.9659,-0.2588,0.005,0.0,0.0,100.0,180.0,0
28.7,46.31,20.89,315.5,0.19,1.21,0.5,29.74,50.09,0.62,2.1129,32.98,32.18,0.152,13.81,1015.3,3.61,1,-0.866,-0.5,-0.2588,-0.9659,0.41,0.438,0.109,14.7,58.3,0
35.43,46.49,20.06,106.5,0.0,0.0,0.0,37.56,46.49,0.762,3.081,46.27,35.43,0.0,3.71,1011.4,5.3,0,-0.5,-0.866,1.0,0.0,0.015,0.0,0.0,100.0,180.0,0
30.0,49.78,13.4,199.5,0.65,1.66,0.52,29.43,56.84,0.603,2.1302,33.46,31.36,0.098,19.07,1016.7,5.03,1,-1.0,-0.0,0.0,-1.0,0.279,0.453,0.0745,15.28,40.0,0
28.2,34.67,15.17,18.7,0.75,1.31,2.82,28.25,37.82,0.813,2.4988,30.54,29.78,0.132,14.01,1015.8,4.73,1,-0.5,-0.866,-0.866,-0.5,0.331,0.384,0.1004,23.17,68.3,0
32.02,32.4,19.99,350.1,0.34,1.88,1.15,32.56,40.22,0.988,3.218,33.23,32.81,0.138,21.84,1017.0,3.08,1,0.0,-1.0,0.2588,-0.9659,0.203,0.418,0.0814,19.87,36.3,1
41.44,23.54,35.43,263.3,0.0,0.08,0.28,41.92,26.62,1.76,6.0876,47.24,46.31,0.023,13.78,1000.3,11.78,1,-0.5,-0.866,-0.9659,-0.2588,0.794,0.875,1.1731,3.94,24.3,1
31.11,36.62,20.17,35.9,0.39,1.15,5.78,30.59,38.39,0.85,2.865,34.07,31.64,0.094,18.73,1016.0,4.32,0,-0.5,-0.866,-0.2588,-0.9659,0.276,0.105,0.0239,16.04,21.1,0
20.63,77.03,3.35,263.8,0.09,9.84,0.8,19.3,86.4,0.268,0.5584,18.69,19.15,0.4,15.73,1015.6,1.9,1,-0.866,0.5,-1.0,-0.0,0.379,0.012,0.0012,137.44,115.6,0
38.91,13.96,43.11,205.8,0.0,0.07,0.04,38.96,14.8,2.787,5.9866,48.72,47.25,0.023,17.71,1006.3,11.16,1,-0.866,-0.5,-0.5,-0.866,0.595,0.868,1.3425,2.64,3.5,1
29.59,43.09,13.9,114.4,0.34,1.15,0.97,31.55,50.3,0.687,2.3579,32.84,30.29,0.118,13.05,1015.7,5.83,1,-1.0,-0.0,0.7071,-0.7071,0.314,0.406,0.0855,34.74,29.8,1
39.12,25.05,15.19,350.1,0.0,0.0,0.0,41.56,25.05,1.561,5.2727,44.73,39.12,0.01,11.02,1016.3,2.18,0,0.0,-1.0,-0.7071,0.7071,0.039,0.0,0.0,100.0,180.0,0
28.61,31.6,21.36,177.9,1.08,1.2,4.64,29.78,34.62,0.905,2.6788,33.17,29.09,0.15,17.19,1014.0,5.75,1,-1.0,-0.0,0.2588,-0.9659,0.356,0.144,0.0449,26.31,34.8,0
51.89,46.58,22.61,0.5,0.0,0.0,0.0,54.35,46.58,1.114,7.2353,53.12,51.89,0.0,29.23,1019.2,7.66,1,1.0,0.0,-0.866,-0.5,0.003,0.0,0.0,100.0,180.0,0
34.01,10.59,20.03,88.9,0.0,0.01,0.14,36.82,13.19,3.211,4.7582,43.74,39.22,0.038,12.9,1005.4,10.12,1,-0.5,-0.866,-0.866,-0.5,0.651,0.397,0.759,3.64,4.3,1
40.59,13.3,21.32,147.6,0.0,0.12,0.0,42.79,16.32,3.052,6.5975,47.63,50.57,0.031,18.99,1001.8,7.89,1,-0.5,-0.866,-0.2588,-0.9659,0.755,0.47,1.0077,4.89,19.9,1
20.96,73.02,10.38,89.1,2.15,2.77,31.68,19.78,78.87,0.287,0.6695,20.36,22.55,0.333,15.57,1015.1,0.35,1,0.5,0.866,0.5,0.866,0.26,0.257,0.0189,81.38,101.7,0
33.57,32.55,12.14,261.5,0.43,0.03,0.7,34.71,37.06,1.031,3.503,37.26,36.89,0.092,20.18,1017.0,5.69,1,0.0,-1.0,-0.866,-0.5,0.327,0.105,0.0342,11.75,60.1,0
10.34,61.32,11.11,54.9,2.22,2.77,8.88,9.25,65.33,0.169,0.4857,8.68,11.65,0.336,3.84,1024.8,0.44,0,1.0,0.0,1.0,0.0,0.269,0.163,0.0073,105.71,126.8,0
32.75,33.17,14.06,136.1,0.91,0.01,0.69,33.75,31.88,0.988,3.3155,35.67,36.58,0.125,22.55,1015.9,5.32,0,-0.5,-0.866,-0.2588,-0.9659,0.239,0.238,0.0546,23.79,63.0,0
30.28,37.92,18.52,48.9,0.83,1.58,0.7,29.61,38.22,0.798,2.6758,32.33,30.51,0.108,16.14,1011.0,3.01,0,-1.0,-0.0,-0.5,-0.866,0.336,0.196,0.0511,29.95,69.2,0
19.7,81.57,10.2,163.3,0.02,15.68,13.27,18.91,84.53,0.241,0.4228,18.41,17.84,0.221,17.52,1021.2,0.83,0,0.5,0.866,0.5,-0.866,0.484,0.01,0.0011,81.42,145.5,0
25.23,9.77,23.26,177.8,0.0,0.0,0.0,27.24,9.77,2.581,2.8973,33.63,25.23,0.0,12.23,1019.8,5.9,1,-0.5,0.866,0.0,-1.0,0.021,0.0,0.0,100.0,180.0,0
35.12,10.23,11.88,347.0,0.0,0.0,0.0,36.13,10.23,3.432,5.0797,43.33,35.12,0.0,24.91,1006.9,12.7,0,-1.0,-0.0,0.7071,0.7071,0.025,0.0,0.0,100.0,180.0,0
44.59,9.82,34.55,292.2,0.0,0.32,0.07,44.87,9.93,4.54,8.4594,55.06,51.76,0.055,18.19,1000.1,6.95,1,-0.866,-0.5,-0.2588,-0.9659,0.381,0.718,1.1279,0.58,22.6,1
30.68,37.59,11.69,179.1,0.1,2.32,10.98,30.17,37.72,0.816,2.7531,34.97,31.41,0.11,18.54,1014.6,4.11,1,-0.866,-0.5,0.0,-1.0,0.485,0.456,0.1758,34.03,33.2,0
22.83,75.47,1.13,83.9,1.83,2.33,6.47,23.59,82.88,0.303,0.6823,24.52,21.93,0.449,19.53,1018.0,2.59,0,0.866,-0.5,0.7071,0.7071,0.146,0.155,0.0067,138.71,96.7,0
20.11,78.78,1.95,127.2,5.79,10.11,6.94,18.8,85.63,0.255,0.4996,20.05,18.56,0.246,13.22,1012.8,0.26,0,-0.5,0.866,0.2588,-0.9659,0.109,0.05,0.0014,70.28,167.5,0
39.58,66.01,4.64,43.8,0.0,0.0,0.0,41.92,66.01,0.6,2.4518,54.12,39.58,0.0,8.38,1007.6,6.16,1,-0.5,0.866,0.7071,-0.7071,0.027,0.0,0.0,100.0,180.0,0
23.61,85.66,10.48,82.6,0.75,1.98,1.25,24.03,88.38,0.276,0.4181,24.58,24.5,0.239,19.0,1024.0,2.49,0,0.5,0.866,-0.7071,-0.7071,0.287,0.07,0.0055,53.21,151.1,0
34.69,76.13,24.59,321.7,0.0,0.0,0.0,35.07,76.13,0.456,1.3192,40.49,34.69,0.0,18.6,1012.2,5.59,0,0.866,0.5,0.0,-1.0,0.017,0.0,0.0,100.0,180.0,0
44.45,19.28,17.82,202.0,0.0,0.01,0.11,44.55,23.43,2.305,7.5175,55.36,53.18,0.017,22.78,996.1,7.61,1,-0.866,-0.5,-0.9659,-0.2588,0.703,0.588,0.9053,1.19,15.5,1
36.48,86.97,22.25,85.1,0.0,0.0,0.0,38.36,86.97,0.419,0.7949,43.19,36.48,0.0,16.05,1010.8,0.08,1,0.866,0.5,-0.9659,0.2588,0.001,0.0,0.0,100.0,180.0,0
30.38,47.91,11.11,82.0,0.06,0.71,0.91,31.17,50.97,0.634,2.2589,33.44,31.5,0.172,12.73,1015.8,3.26,0,-0.866,-0.5,0.7071,-0.7071,0.267,0.16,0.0265,15.77,64.5,1
20.14,78.58,11.83,281.0,2.58,1.44,18.67,17.34,83.92,0.256,0.5052,18.6,20.47,0.183,12.85,1017.4,0.63,0,0.5,-0.866,0.866,0.5,0.429,0.264,0.0286,105.9,139.6,0
46.1,30.29,27.34,51.4,0.0,0.0,0.0,46.89,30.29,1.522,7.0657,54.15,46.1,0.0,34.97,1019.7,11.26,1,-0.0,1.0,0.2588,0.9659,0.03,0.0,0.0,100.0,180.0,0
41.56,84.92,20.01,334.1,0.0,0.0,0.0,42.94,84.92,0.489,1.2077,47.06,41.56,0.0,20.87,1008.8,12.38,0,0.5,-0.866,0.866,-0.5,0.005,0.0,0.0,100.0,180.0,0
30.01,41.67,14.36,82.7,0.35,0.92,3.43,31.1,47.61,0.72,2.4766,33.0,32.12,0.128,15.29,1008.6,3.54,0,-0.5,-0.866,0.0,-1.0,0.254,0.186,0.0332,12.4,42.1,0
15.12,48.6,2.07,5.2,1.49,0.69,3.2,16.12,53.97,0.311,0.8832,15.1,16.91,0.358,12.73,1014.8,0.33,0,0.5,-0.866,-1.0,-0.0,0.155,0.063,0.003,108.05,169.1,0
17.78,89.27,13.87,243.9,1.07,13.2,2.74,17.17,96.04,0.199,0.2184,18.94,17.76,0.264,13.23,1014.7,0.95,1,-0.5,0.866,1.0,0.0,0.291,0.279,0.016,51.4,104.5,0
46.44,28.91,2.84,95.0,0.0,0.0,0.0,46.8,28.91,1.606,7.3313,60.2,46.44,0.0,14.93,1008.6,7.07,1,-0.866,-0.5,-0.5,0.866,0.0,0.0,0.0,100.0,180.0,0
34.64,13.7,17.94,106.2,0.0,0.04,0.01,36.28,17.47,2.529,4.7557,45.07,40.48,0.023,8.34,1000.9,7.4,1,-0.5,-0.866,-0.866,-0.5,0.42,0.68,0.6735,2.85,10.2,1
35.9,24.1,28.61,262.6,0.0,0.13,0.31,38.84,24.32,1.489,4.4847,48.6,43.39,0.02,10.4,1001.4,11.03,1,-0.5,-0.866,-0.5,-0.866,0.52,0.567,0.4222,5.55,8.8,1
48.46,54.77,25.55,127.4,0.0,0.0,0.0,50.76,54.77,0.885,5.1664,55.3,48.46,0.01,27.29,1007.9,4.34,0,0.5,-0.866,-1.0,-0.0,0.004,0.0,0.0,100.0,180.0,0
31.87,41.64,17.16,175.2,0.61,0.34,7.55,32.7,43.33,0.765,2.7542,36.82,33.16,0.1,19.98,1014.3,5.58,1,-0.5,-0.866,-0.2588,-0.9659,0.25,0.142,0.0265,24.92,28.1,0
25.17,71.81,12.89,219.1,0.0,0.0,0.0,25.39,71.81,0.351,0.9023,38.62,25.17,0.01,-5.9,1010.9,1.59,0,-0.5,-0.866,0.7071,-0.7071,0.006,0.0,0.0,100.0,180.0,0
33.8,35.5,13.8,71.8,0.06,1.25,0.41,35.13,36.31,0.952,3.3934,35.37,37.55,0.098,20.81,1015.5,5.47,1,-0.866,-0.5,-0.5,-0.866,0.378,0.452,0.1579,33.75,62.6,0
39.33,24.79,38.7,342.2,0.0,0.15,0.36,41.38,26.83,1.587,5.3526,49.05,45.24,0.06,14.3,1002.8,9.12,1,-0.866,-0.5,-0.7071,-0.7071,0.578,0.309,0.2719,9.03,10.9,1
31.23,42.65,21.18,9.9,0.08,0.54,2.07,31.41,48.48,0.732,2.6103,34.59,34.86,0.179,20.96,1011.4,5.13,1,-0.866,-0.5,-0.9659,0.2588,0.488,0.107,0.0372,30.49,39.2,0
50.15,49.76,14.79,285.7,0.0,0.0,0.0,51.3,49.76,1.008,6.2435,63.89,50.15,0.01,36.31,1015.8,10.11,1,-0.866,0.5,0.7071,0.7071,0.003,0.0,0.0,100.0,180.0,0
34.67,11.56,19.53,43.7,0.0,0.0,0.11,35.34,14.63,3.0,4.8837,42.56,39.84,0.07,10.61,998.7,8.29,1,-0.866,-0.5,-0.866,-0.5,0.643,0.579,1.0277,1.9,24.2,1
34.43,18.67,28.42,156.5,0.0,0.02,0.21,37.4,22.27,1.844,4.4298,48.2,41.53,0.034,5.32,1004.6,10.76,1,-0.866,-0.5,-0.9659,-0.2588,0.453,0.609,0.4832,0.52,10.9,1
33.4,37.8,20.06,98.3,0.51,2.91,2.39,34.39,42.0,0.884,3.1993,36.94,34.61,0.14,16.54,1013.0,4.36,1,0.0,-1.0,0.0,-1.0,0.233,0.128,0.0258,13.14,40.5,0
48.61,61.4,29.34,38.6,0.0,0.0,0.0,50.03,61.4,0.792,4.4441,57.97,48.61,0.0,33.16,1019.5,8.54,0,0.5,-0.866,0.0,-1.0,0.027,0.0,0.0,100.0,180.0,0
32.21,45.13,16.08,268.1,0.3,2.16,7.22,33.04,47.82,0.714,2.6396,37.17,33.84,0.102,16.94,1008.0,3.26,0,0.0,-1.0,0.0,-1.0,0.478,0.277,0.0926,18.37,31.2,0
15.29,89.45,6.83,319.3,0.77,3.42,31.53,14.72,99.45,0.171,0.1833,13.42,13.29,0.213,8.59,1015.4,0.54,0,1.0,0.0,0.7071,-0.7071,0.263,0.025,0.0011,137.39,139.4,0
8.54,46.42,2.96,265.4,4.32,1.65,20.13,9.14,55.58,0.184,0.5962,10.11,9.4,0.328,4.36,1016.4,0.05,0,0.866,-0.5,-0.7071,0.7071,0.187,0.181,0.0061,143.44,164.6,0
32.49,42.91,19.54,311.5,1.76,0.55,1.5,32.36,43.92,0.757,2.7905,35.97,33.9,0.095,19.67,1018.0,5.38,1,-0.866,-0.5,0.7071,-0.7071,0.452,0.115,0.0385,14.37,38.7,0
11.03,48.08,4.21,55.7,4.14,9.92,11.88,11.46,56.33,0.229,0.6827,9.99,11.97,0.391,3.69,1013.1,2.17,0,0.866,-0.5,0.2588,0.9659,0.413,0.168,0.0156,69.67,149.3,0
38.01,10.79,31.66,208.8,0.0,0.11,0.33,38.46,12.19,3.522,5.9124,47.25,44.83,0.036,13.41,998.2,10.93,1,-0.866,-0.5,-0.866,-0.5,0.42,0.742,1.004,1.96,23.6,1
41.81,83.91,14.65,252.3,0.0,0.0,0.0,43.75,83.91,0.498,1.3054,45.97,41.81,0.01,8.16,1013.4,8.78,1,-0.866,0.5,0.0,-1.0,0.016,0.0,0.0,100.0,180.0,0
8.36,80.46,9.58,238.4,0.49,6.36,2.66,6.43,79.05,0.104,0.2149,9.02,8.51,0.307,5.95,1024.6,1.93,0,0.866,0.5,-0.7071,0.7071,0.523,0.274,0.0147,131.62,171.6,0
37.27,10.37,24.34,58.4,0.0,0.14,0.19,40.09,11.71,3.595,5.7077,47.86,46.02,0.013,14.07,996.3,10.67,1,-0.5,-0.866,-0.9659,-0.2588,0.836,0.705,1.9325,5.52,16.7,1
19.01,52.23,9.17,268.7,8.67,23.37,9.01,17.13,51.24,0.364,1.0504,17.37,18.65,0.383,12.44,1020.2,1.82,0,0.866,0.5,0.7071,0.7071,0.409,0.247,0.036,99.06,90.4,0
36.43,12.06,21.26,213.0,0.0,0.07,0.12,36.81,12.59,3.021,5.3485,44.34,44.55,0.048,16.09,1004.6,9.94,1,-0.866,-0.5,-0.9659,-0.2588,0.826,0.59,1.3604,5.19,9.6,1
25.16,82.3,22.17,77.0,0.0,0.0,0.0,27.96,82.3,0.306,0.5662,29.39,25.16,0.0,-3.67,1016.4,1.55,1,0.0,-1.0,0.0,-1.0,0.009,0.0,0.0,100.0,180.0,0
20.14,59.42,11.16,307.0,0.42,6.13,31.78,20.06,64.27,0.339,0.9569,21.36,20.3,0.376,17.29,1018.1,1.81,0,0.5,0.866,-0.866,0.5,0.281,0.063,0.0059,92.61,120.8,0
32.75,45.55,20.85,190.0,0.57,4.75,1.94,32.95,49.06,0.719,2.7007,35.39,34.34,0.143,18.34,1008.3,4.98,1,0.0,-1.0,-0.7071,-0.7071,0.221,0.2,0.031,15.33,31.5,1
28.14,31.04,14.78,9.2,0.31,0.31,1.61,29.5,32.81,0.907,2.6286,31.07,32.12,0.157,11.36,1010.3,5.4,1,-0.5,-0.866,0.5,-0.866,0.439,0.476,0.1838,20.36,25.9,1
5.09,62.69,4.71,230.5,1.15,7.62,24.92,3.61,68.67,0.081,0.3275,3.83,5.68,0.265,3.9,1018.5,2.05,1,0.5,0.866,-0.866,0.5,0.133,0.28,0.003,58.17,170.5,0
28.11,33.31,17.6,235.3,1.88,1.71,5.44,28.32,33.52,0.844,2.537,30.71,29.03,0.133,15.94,1014.8,3.17,0,-0.866,-0.5,-1.0,-0.0,0.432,0.458,0.1621,22.25,22.7,1
